<resources>
<dimen name="y1">1.5px</dimen>
<dimen name="y2">3.0px</dimen>
<dimen name="y3">4.5px</dimen>
<dimen name="y4">6.0px</dimen>
<dimen name="y5">7.5px</dimen>
<dimen name="y6">9.1px</dimen>
<dimen name="y7">10.6px</dimen>
<dimen name="y8">12.1px</dimen>
<dimen name="y9">13.6px</dimen>
<dimen name="y10">15.1px</dimen>
<dimen name="y11">16.6px</dimen>
<dimen name="y12">18.2px</dimen>
<dimen name="y13">19.7px</dimen>
<dimen name="y14">21.2px</dimen>
<dimen name="y15">22.7px</dimen>
<dimen name="y16">24.2px</dimen>
<dimen name="y17">25.7px</dimen>
<dimen name="y18">27.3px</dimen>
<dimen name="y19">28.8px</dimen>
<dimen name="y20">30.3px</dimen>
<dimen name="y21">31.8px</dimen>
<dimen name="y22">33.3px</dimen>
<dimen name="y23">34.8px</dimen>
<dimen name="y24">36.4px</dimen>
<dimen name="y25">37.9px</dimen>
<dimen name="y26">39.4px</dimen>
<dimen name="y27">40.9px</dimen>
<dimen name="y28">42.4px</dimen>
<dimen name="y29">43.9px</dimen>
<dimen name="y30">45.5px</dimen>
<dimen name="y31">47.0px</dimen>
<dimen name="y32">48.5px</dimen>
<dimen name="y33">50.0px</dimen>
<dimen name="y34">51.5px</dimen>
<dimen name="y35">53.0px</dimen>
<dimen name="y36">54.6px</dimen>
<dimen name="y37">56.1px</dimen>
<dimen name="y38">57.6px</dimen>
<dimen name="y39">59.1px</dimen>
<dimen name="y40">60.6px</dimen>
<dimen name="y41">62.1px</dimen>
<dimen name="y42">63.7px</dimen>
<dimen name="y43">65.2px</dimen>
<dimen name="y44">66.7px</dimen>
<dimen name="y45">68.2px</dimen>
<dimen name="y46">69.7px</dimen>
<dimen name="y47">71.2px</dimen>
<dimen name="y48">72.8px</dimen>
<dimen name="y49">74.3px</dimen>
<dimen name="y50">75.8px</dimen>
<dimen name="y51">77.3px</dimen>
<dimen name="y52">78.8px</dimen>
<dimen name="y53">80.3px</dimen>
<dimen name="y54">81.9px</dimen>
<dimen name="y55">83.4px</dimen>
<dimen name="y56">84.9px</dimen>
<dimen name="y57">86.4px</dimen>
<dimen name="y58">87.9px</dimen>
<dimen name="y59">89.4px</dimen>
<dimen name="y60">91.0px</dimen>
<dimen name="y61">92.5px</dimen>
<dimen name="y62">94.0px</dimen>
<dimen name="y63">95.5px</dimen>
<dimen name="y64">97.0px</dimen>
<dimen name="y65">98.5px</dimen>
<dimen name="y66">100.1px</dimen>
<dimen name="y67">101.6px</dimen>
<dimen name="y68">103.1px</dimen>
<dimen name="y69">104.6px</dimen>
<dimen name="y70">106.1px</dimen>
<dimen name="y71">107.6px</dimen>
<dimen name="y72">109.2px</dimen>
<dimen name="y73">110.7px</dimen>
<dimen name="y74">112.2px</dimen>
<dimen name="y75">113.7px</dimen>
<dimen name="y76">115.2px</dimen>
<dimen name="y77">116.7px</dimen>
<dimen name="y78">118.3px</dimen>
<dimen name="y79">119.8px</dimen>
<dimen name="y80">121.3px</dimen>
<dimen name="y81">122.8px</dimen>
<dimen name="y82">124.3px</dimen>
<dimen name="y83">125.8px</dimen>
<dimen name="y84">127.4px</dimen>
<dimen name="y85">128.9px</dimen>
<dimen name="y86">130.4px</dimen>
<dimen name="y87">131.9px</dimen>
<dimen name="y88">133.4px</dimen>
<dimen name="y89">134.9px</dimen>
<dimen name="y90">136.5px</dimen>
<dimen name="y91">138.0px</dimen>
<dimen name="y92">139.5px</dimen>
<dimen name="y93">141.0px</dimen>
<dimen name="y94">142.5px</dimen>
<dimen name="y95">144.0px</dimen>
<dimen name="y96">145.6px</dimen>
<dimen name="y97">147.1px</dimen>
<dimen name="y98">148.6px</dimen>
<dimen name="y99">150.1px</dimen>
<dimen name="y100">151.6px</dimen>
<dimen name="y101">153.1px</dimen>
<dimen name="y102">154.7px</dimen>
<dimen name="y103">156.2px</dimen>
<dimen name="y104">157.7px</dimen>
<dimen name="y105">159.2px</dimen>
<dimen name="y106">160.7px</dimen>
<dimen name="y107">162.2px</dimen>
<dimen name="y108">163.8px</dimen>
<dimen name="y109">165.3px</dimen>
<dimen name="y110">166.8px</dimen>
<dimen name="y111">168.3px</dimen>
<dimen name="y112">169.8px</dimen>
<dimen name="y113">171.3px</dimen>
<dimen name="y114">172.9px</dimen>
<dimen name="y115">174.4px</dimen>
<dimen name="y116">175.9px</dimen>
<dimen name="y117">177.4px</dimen>
<dimen name="y118">178.9px</dimen>
<dimen name="y119">180.4px</dimen>
<dimen name="y120">182.0px</dimen>
<dimen name="y121">183.5px</dimen>
<dimen name="y122">185.0px</dimen>
<dimen name="y123">186.5px</dimen>
<dimen name="y124">188.0px</dimen>
<dimen name="y125">189.5px</dimen>
<dimen name="y126">191.0px</dimen>
<dimen name="y127">192.6px</dimen>
<dimen name="y128">194.1px</dimen>
<dimen name="y129">195.6px</dimen>
<dimen name="y130">197.1px</dimen>
<dimen name="y131">198.6px</dimen>
<dimen name="y132">200.2px</dimen>
<dimen name="y133">201.7px</dimen>
<dimen name="y134">203.2px</dimen>
<dimen name="y135">204.7px</dimen>
<dimen name="y136">206.2px</dimen>
<dimen name="y137">207.7px</dimen>
<dimen name="y138">209.3px</dimen>
<dimen name="y139">210.8px</dimen>
<dimen name="y140">212.3px</dimen>
<dimen name="y141">213.8px</dimen>
<dimen name="y142">215.3px</dimen>
<dimen name="y143">216.8px</dimen>
<dimen name="y144">218.4px</dimen>
<dimen name="y145">219.9px</dimen>
<dimen name="y146">221.4px</dimen>
<dimen name="y147">222.9px</dimen>
<dimen name="y148">224.4px</dimen>
<dimen name="y149">225.9px</dimen>
<dimen name="y150">227.5px</dimen>
<dimen name="y151">229.0px</dimen>
<dimen name="y152">230.5px</dimen>
<dimen name="y153">232.0px</dimen>
<dimen name="y154">233.5px</dimen>
<dimen name="y155">235.0px</dimen>
<dimen name="y156">236.6px</dimen>
<dimen name="y157">238.1px</dimen>
<dimen name="y158">239.6px</dimen>
<dimen name="y159">241.1px</dimen>
<dimen name="y160">242.6px</dimen>
<dimen name="y161">244.1px</dimen>
<dimen name="y162">245.7px</dimen>
<dimen name="y163">247.2px</dimen>
<dimen name="y164">248.7px</dimen>
<dimen name="y165">250.2px</dimen>
<dimen name="y166">251.7px</dimen>
<dimen name="y167">253.2px</dimen>
<dimen name="y168">254.8px</dimen>
<dimen name="y169">256.3px</dimen>
<dimen name="y170">257.8px</dimen>
<dimen name="y171">259.3px</dimen>
<dimen name="y172">260.8px</dimen>
<dimen name="y173">262.3px</dimen>
<dimen name="y174">263.9px</dimen>
<dimen name="y175">265.4px</dimen>
<dimen name="y176">266.9px</dimen>
<dimen name="y177">268.4px</dimen>
<dimen name="y178">269.9px</dimen>
<dimen name="y179">271.4px</dimen>
<dimen name="y180">273.0px</dimen>
<dimen name="y181">274.5px</dimen>
<dimen name="y182">276.0px</dimen>
<dimen name="y183">277.5px</dimen>
<dimen name="y184">279.0px</dimen>
<dimen name="y185">280.5px</dimen>
<dimen name="y186">282.1px</dimen>
<dimen name="y187">283.6px</dimen>
<dimen name="y188">285.1px</dimen>
<dimen name="y189">286.6px</dimen>
<dimen name="y190">288.1px</dimen>
<dimen name="y191">289.6px</dimen>
<dimen name="y192">291.2px</dimen>
<dimen name="y193">292.7px</dimen>
<dimen name="y194">294.2px</dimen>
<dimen name="y195">295.7px</dimen>
<dimen name="y196">297.2px</dimen>
<dimen name="y197">298.7px</dimen>
<dimen name="y198">300.3px</dimen>
<dimen name="y199">301.8px</dimen>
<dimen name="y200">303.3px</dimen>
<dimen name="y201">304.8px</dimen>
<dimen name="y202">306.3px</dimen>
<dimen name="y203">307.8px</dimen>
<dimen name="y204">309.4px</dimen>
<dimen name="y205">310.9px</dimen>
<dimen name="y206">312.4px</dimen>
<dimen name="y207">313.9px</dimen>
<dimen name="y208">315.4px</dimen>
<dimen name="y209">316.9px</dimen>
<dimen name="y210">318.5px</dimen>
<dimen name="y211">320.0px</dimen>
<dimen name="y212">321.5px</dimen>
<dimen name="y213">323.0px</dimen>
<dimen name="y214">324.5px</dimen>
<dimen name="y215">326.0px</dimen>
<dimen name="y216">327.6px</dimen>
<dimen name="y217">329.1px</dimen>
<dimen name="y218">330.6px</dimen>
<dimen name="y219">332.1px</dimen>
<dimen name="y220">333.6px</dimen>
<dimen name="y221">335.1px</dimen>
<dimen name="y222">336.6px</dimen>
<dimen name="y223">338.2px</dimen>
<dimen name="y224">339.7px</dimen>
<dimen name="y225">341.2px</dimen>
<dimen name="y226">342.7px</dimen>
<dimen name="y227">344.2px</dimen>
<dimen name="y228">345.8px</dimen>
<dimen name="y229">347.3px</dimen>
<dimen name="y230">348.8px</dimen>
<dimen name="y231">350.3px</dimen>
<dimen name="y232">351.8px</dimen>
<dimen name="y233">353.3px</dimen>
<dimen name="y234">354.9px</dimen>
<dimen name="y235">356.4px</dimen>
<dimen name="y236">357.9px</dimen>
<dimen name="y237">359.4px</dimen>
<dimen name="y238">360.9px</dimen>
<dimen name="y239">362.4px</dimen>
<dimen name="y240">364.0px</dimen>
<dimen name="y241">365.5px</dimen>
<dimen name="y242">367.0px</dimen>
<dimen name="y243">368.5px</dimen>
<dimen name="y244">370.0px</dimen>
<dimen name="y245">371.5px</dimen>
<dimen name="y246">373.1px</dimen>
<dimen name="y247">374.6px</dimen>
<dimen name="y248">376.1px</dimen>
<dimen name="y249">377.6px</dimen>
<dimen name="y250">379.1px</dimen>
<dimen name="y251">380.6px</dimen>
<dimen name="y252">382.1px</dimen>
<dimen name="y253">383.7px</dimen>
<dimen name="y254">385.2px</dimen>
<dimen name="y255">386.7px</dimen>
<dimen name="y256">388.2px</dimen>
<dimen name="y257">389.7px</dimen>
<dimen name="y258">391.3px</dimen>
<dimen name="y259">392.8px</dimen>
<dimen name="y260">394.3px</dimen>
<dimen name="y261">395.8px</dimen>
<dimen name="y262">397.3px</dimen>
<dimen name="y263">398.8px</dimen>
<dimen name="y264">400.4px</dimen>
<dimen name="y265">401.9px</dimen>
<dimen name="y266">403.4px</dimen>
<dimen name="y267">404.9px</dimen>
<dimen name="y268">406.4px</dimen>
<dimen name="y269">407.9px</dimen>
<dimen name="y270">409.5px</dimen>
<dimen name="y271">411.0px</dimen>
<dimen name="y272">412.5px</dimen>
<dimen name="y273">414.0px</dimen>
<dimen name="y274">415.5px</dimen>
<dimen name="y275">417.0px</dimen>
<dimen name="y276">418.6px</dimen>
<dimen name="y277">420.1px</dimen>
<dimen name="y278">421.6px</dimen>
<dimen name="y279">423.1px</dimen>
<dimen name="y280">424.6px</dimen>
<dimen name="y281">426.1px</dimen>
<dimen name="y282">427.7px</dimen>
<dimen name="y283">429.2px</dimen>
<dimen name="y284">430.7px</dimen>
<dimen name="y285">432.2px</dimen>
<dimen name="y286">433.7px</dimen>
<dimen name="y287">435.2px</dimen>
<dimen name="y288">436.8px</dimen>
<dimen name="y289">438.3px</dimen>
<dimen name="y290">439.8px</dimen>
<dimen name="y291">441.3px</dimen>
<dimen name="y292">442.8px</dimen>
<dimen name="y293">444.3px</dimen>
<dimen name="y294">445.9px</dimen>
<dimen name="y295">447.4px</dimen>
<dimen name="y296">448.9px</dimen>
<dimen name="y297">450.4px</dimen>
<dimen name="y298">451.9px</dimen>
<dimen name="y299">453.4px</dimen>
<dimen name="y300">455.0px</dimen>
<dimen name="y301">456.5px</dimen>
<dimen name="y302">458.0px</dimen>
<dimen name="y303">459.5px</dimen>
<dimen name="y304">461.0px</dimen>
<dimen name="y305">462.5px</dimen>
<dimen name="y306">464.1px</dimen>
<dimen name="y307">465.6px</dimen>
<dimen name="y308">467.1px</dimen>
<dimen name="y309">468.6px</dimen>
<dimen name="y310">470.1px</dimen>
<dimen name="y311">471.6px</dimen>
<dimen name="y312">473.2px</dimen>
<dimen name="y313">474.7px</dimen>
<dimen name="y314">476.2px</dimen>
<dimen name="y315">477.7px</dimen>
<dimen name="y316">479.2px</dimen>
<dimen name="y317">480.7px</dimen>
<dimen name="y318">482.3px</dimen>
<dimen name="y319">483.8px</dimen>
<dimen name="y320">485.3px</dimen>
<dimen name="y321">486.8px</dimen>
<dimen name="y322">488.3px</dimen>
<dimen name="y323">489.8px</dimen>
<dimen name="y324">491.4px</dimen>
<dimen name="y325">492.9px</dimen>
<dimen name="y326">494.4px</dimen>
<dimen name="y327">495.9px</dimen>
<dimen name="y328">497.4px</dimen>
<dimen name="y329">498.9px</dimen>
<dimen name="y330">500.5px</dimen>
<dimen name="y331">502.0px</dimen>
<dimen name="y332">503.5px</dimen>
<dimen name="y333">505.0px</dimen>
<dimen name="y334">506.5px</dimen>
<dimen name="y335">508.0px</dimen>
<dimen name="y336">509.6px</dimen>
<dimen name="y337">511.1px</dimen>
<dimen name="y338">512.6px</dimen>
<dimen name="y339">514.1px</dimen>
<dimen name="y340">515.6px</dimen>
<dimen name="y341">517.1px</dimen>
<dimen name="y342">518.7px</dimen>
<dimen name="y343">520.2px</dimen>
<dimen name="y344">521.7px</dimen>
<dimen name="y345">523.2px</dimen>
<dimen name="y346">524.7px</dimen>
<dimen name="y347">526.2px</dimen>
<dimen name="y348">527.8px</dimen>
<dimen name="y349">529.3px</dimen>
<dimen name="y350">530.8px</dimen>
<dimen name="y351">532.3px</dimen>
<dimen name="y352">533.8px</dimen>
<dimen name="y353">535.3px</dimen>
<dimen name="y354">536.9px</dimen>
<dimen name="y355">538.4px</dimen>
<dimen name="y356">539.9px</dimen>
<dimen name="y357">541.4px</dimen>
<dimen name="y358">542.9px</dimen>
<dimen name="y359">544.4px</dimen>
<dimen name="y360">546.0px</dimen>
<dimen name="y361">547.5px</dimen>
<dimen name="y362">549.0px</dimen>
<dimen name="y363">550.5px</dimen>
<dimen name="y364">552.0px</dimen>
<dimen name="y365">553.5px</dimen>
<dimen name="y366">555.1px</dimen>
<dimen name="y367">556.6px</dimen>
<dimen name="y368">558.1px</dimen>
<dimen name="y369">559.6px</dimen>
<dimen name="y370">561.1px</dimen>
<dimen name="y371">562.6px</dimen>
<dimen name="y372">564.2px</dimen>
<dimen name="y373">565.7px</dimen>
<dimen name="y374">567.2px</dimen>
<dimen name="y375">568.7px</dimen>
<dimen name="y376">570.2px</dimen>
<dimen name="y377">571.7px</dimen>
<dimen name="y378">573.3px</dimen>
<dimen name="y379">574.8px</dimen>
<dimen name="y380">576.3px</dimen>
<dimen name="y381">577.8px</dimen>
<dimen name="y382">579.3px</dimen>
<dimen name="y383">580.8px</dimen>
<dimen name="y384">582.4px</dimen>
<dimen name="y385">583.9px</dimen>
<dimen name="y386">585.4px</dimen>
<dimen name="y387">586.9px</dimen>
<dimen name="y388">588.4px</dimen>
<dimen name="y389">589.9px</dimen>
<dimen name="y390">591.5px</dimen>
<dimen name="y391">593.0px</dimen>
<dimen name="y392">594.5px</dimen>
<dimen name="y393">596.0px</dimen>
<dimen name="y394">597.5px</dimen>
<dimen name="y395">599.0px</dimen>
<dimen name="y396">600.6px</dimen>
<dimen name="y397">602.1px</dimen>
<dimen name="y398">603.6px</dimen>
<dimen name="y399">605.1px</dimen>
<dimen name="y400">606.6px</dimen>
<dimen name="y401">608.1px</dimen>
<dimen name="y402">609.7px</dimen>
<dimen name="y403">611.2px</dimen>
<dimen name="y404">612.7px</dimen>
<dimen name="y405">614.2px</dimen>
<dimen name="y406">615.7px</dimen>
<dimen name="y407">617.2px</dimen>
<dimen name="y408">618.8px</dimen>
<dimen name="y409">620.3px</dimen>
<dimen name="y410">621.8px</dimen>
<dimen name="y411">623.3px</dimen>
<dimen name="y412">624.8px</dimen>
<dimen name="y413">626.3px</dimen>
<dimen name="y414">627.8px</dimen>
<dimen name="y415">629.4px</dimen>
<dimen name="y416">630.9px</dimen>
<dimen name="y417">632.4px</dimen>
<dimen name="y418">633.9px</dimen>
<dimen name="y419">635.4px</dimen>
<dimen name="y420">637.0px</dimen>
<dimen name="y421">638.5px</dimen>
<dimen name="y422">640.0px</dimen>
<dimen name="y423">641.5px</dimen>
<dimen name="y424">643.0px</dimen>
<dimen name="y425">644.5px</dimen>
<dimen name="y426">646.1px</dimen>
<dimen name="y427">647.6px</dimen>
<dimen name="y428">649.1px</dimen>
<dimen name="y429">650.6px</dimen>
<dimen name="y430">652.1px</dimen>
<dimen name="y431">653.6px</dimen>
<dimen name="y432">655.2px</dimen>
<dimen name="y433">656.7px</dimen>
<dimen name="y434">658.2px</dimen>
<dimen name="y435">659.7px</dimen>
<dimen name="y436">661.2px</dimen>
<dimen name="y437">662.7px</dimen>
<dimen name="y438">664.3px</dimen>
<dimen name="y439">665.8px</dimen>
<dimen name="y440">667.3px</dimen>
<dimen name="y441">668.8px</dimen>
<dimen name="y442">670.3px</dimen>
<dimen name="y443">671.8px</dimen>
<dimen name="y444">673.3px</dimen>
<dimen name="y445">674.9px</dimen>
<dimen name="y446">676.4px</dimen>
<dimen name="y447">677.9px</dimen>
<dimen name="y448">679.4px</dimen>
<dimen name="y449">680.9px</dimen>
<dimen name="y450">682.5px</dimen>
<dimen name="y451">684.0px</dimen>
<dimen name="y452">685.5px</dimen>
<dimen name="y453">687.0px</dimen>
<dimen name="y454">688.5px</dimen>
<dimen name="y455">690.0px</dimen>
<dimen name="y456">691.6px</dimen>
<dimen name="y457">693.1px</dimen>
<dimen name="y458">694.6px</dimen>
<dimen name="y459">696.1px</dimen>
<dimen name="y460">697.6px</dimen>
<dimen name="y461">699.1px</dimen>
<dimen name="y462">700.7px</dimen>
<dimen name="y463">702.2px</dimen>
<dimen name="y464">703.7px</dimen>
<dimen name="y465">705.2px</dimen>
<dimen name="y466">706.7px</dimen>
<dimen name="y467">708.2px</dimen>
<dimen name="y468">709.8px</dimen>
<dimen name="y469">711.3px</dimen>
<dimen name="y470">712.8px</dimen>
<dimen name="y471">714.3px</dimen>
<dimen name="y472">715.8px</dimen>
<dimen name="y473">717.3px</dimen>
<dimen name="y474">718.8px</dimen>
<dimen name="y475">720.4px</dimen>
<dimen name="y476">721.9px</dimen>
<dimen name="y477">723.4px</dimen>
<dimen name="y478">724.9px</dimen>
<dimen name="y479">726.4px</dimen>
<dimen name="y480">728.0px</dimen>
</resources>