<resources>
<dimen name="y1">4.0px</dimen>
<dimen name="y2">8.0px</dimen>
<dimen name="y3">12.0px</dimen>
<dimen name="y4">16.0px</dimen>
<dimen name="y5">20.0px</dimen>
<dimen name="y6">24.0px</dimen>
<dimen name="y7">28.0px</dimen>
<dimen name="y8">32.0px</dimen>
<dimen name="y9">36.0px</dimen>
<dimen name="y10">40.0px</dimen>
<dimen name="y11">44.0px</dimen>
<dimen name="y12">48.0px</dimen>
<dimen name="y13">52.0px</dimen>
<dimen name="y14">56.0px</dimen>
<dimen name="y15">60.0px</dimen>
<dimen name="y16">64.0px</dimen>
<dimen name="y17">68.0px</dimen>
<dimen name="y18">72.0px</dimen>
<dimen name="y19">76.0px</dimen>
<dimen name="y20">80.0px</dimen>
<dimen name="y21">84.0px</dimen>
<dimen name="y22">88.0px</dimen>
<dimen name="y23">92.0px</dimen>
<dimen name="y24">96.0px</dimen>
<dimen name="y25">100.0px</dimen>
<dimen name="y26">104.0px</dimen>
<dimen name="y27">108.0px</dimen>
<dimen name="y28">112.0px</dimen>
<dimen name="y29">116.0px</dimen>
<dimen name="y30">120.0px</dimen>
<dimen name="y31">124.0px</dimen>
<dimen name="y32">128.0px</dimen>
<dimen name="y33">132.0px</dimen>
<dimen name="y34">136.0px</dimen>
<dimen name="y35">140.0px</dimen>
<dimen name="y36">144.0px</dimen>
<dimen name="y37">148.0px</dimen>
<dimen name="y38">152.0px</dimen>
<dimen name="y39">156.0px</dimen>
<dimen name="y40">160.0px</dimen>
<dimen name="y41">164.0px</dimen>
<dimen name="y42">168.0px</dimen>
<dimen name="y43">172.0px</dimen>
<dimen name="y44">176.0px</dimen>
<dimen name="y45">180.0px</dimen>
<dimen name="y46">184.0px</dimen>
<dimen name="y47">188.0px</dimen>
<dimen name="y48">192.0px</dimen>
<dimen name="y49">196.0px</dimen>
<dimen name="y50">200.0px</dimen>
<dimen name="y51">204.0px</dimen>
<dimen name="y52">208.0px</dimen>
<dimen name="y53">212.0px</dimen>
<dimen name="y54">216.0px</dimen>
<dimen name="y55">220.0px</dimen>
<dimen name="y56">224.0px</dimen>
<dimen name="y57">228.0px</dimen>
<dimen name="y58">232.0px</dimen>
<dimen name="y59">236.0px</dimen>
<dimen name="y60">240.0px</dimen>
<dimen name="y61">244.0px</dimen>
<dimen name="y62">248.0px</dimen>
<dimen name="y63">252.0px</dimen>
<dimen name="y64">256.0px</dimen>
<dimen name="y65">260.0px</dimen>
<dimen name="y66">264.0px</dimen>
<dimen name="y67">268.0px</dimen>
<dimen name="y68">272.0px</dimen>
<dimen name="y69">276.0px</dimen>
<dimen name="y70">280.0px</dimen>
<dimen name="y71">284.0px</dimen>
<dimen name="y72">288.0px</dimen>
<dimen name="y73">292.0px</dimen>
<dimen name="y74">296.0px</dimen>
<dimen name="y75">300.0px</dimen>
<dimen name="y76">304.0px</dimen>
<dimen name="y77">308.0px</dimen>
<dimen name="y78">312.0px</dimen>
<dimen name="y79">316.0px</dimen>
<dimen name="y80">320.0px</dimen>
<dimen name="y81">324.0px</dimen>
<dimen name="y82">328.0px</dimen>
<dimen name="y83">332.0px</dimen>
<dimen name="y84">336.0px</dimen>
<dimen name="y85">340.0px</dimen>
<dimen name="y86">344.0px</dimen>
<dimen name="y87">348.0px</dimen>
<dimen name="y88">352.0px</dimen>
<dimen name="y89">356.0px</dimen>
<dimen name="y90">360.0px</dimen>
<dimen name="y91">364.0px</dimen>
<dimen name="y92">368.0px</dimen>
<dimen name="y93">372.0px</dimen>
<dimen name="y94">376.0px</dimen>
<dimen name="y95">380.0px</dimen>
<dimen name="y96">384.0px</dimen>
<dimen name="y97">388.0px</dimen>
<dimen name="y98">392.0px</dimen>
<dimen name="y99">396.0px</dimen>
<dimen name="y100">400.0px</dimen>
<dimen name="y101">404.0px</dimen>
<dimen name="y102">408.0px</dimen>
<dimen name="y103">412.0px</dimen>
<dimen name="y104">416.0px</dimen>
<dimen name="y105">420.0px</dimen>
<dimen name="y106">424.0px</dimen>
<dimen name="y107">428.0px</dimen>
<dimen name="y108">432.0px</dimen>
<dimen name="y109">436.0px</dimen>
<dimen name="y110">440.0px</dimen>
<dimen name="y111">444.0px</dimen>
<dimen name="y112">448.0px</dimen>
<dimen name="y113">452.0px</dimen>
<dimen name="y114">456.0px</dimen>
<dimen name="y115">460.0px</dimen>
<dimen name="y116">464.0px</dimen>
<dimen name="y117">468.0px</dimen>
<dimen name="y118">472.0px</dimen>
<dimen name="y119">476.0px</dimen>
<dimen name="y120">480.0px</dimen>
<dimen name="y121">484.0px</dimen>
<dimen name="y122">488.0px</dimen>
<dimen name="y123">492.0px</dimen>
<dimen name="y124">496.0px</dimen>
<dimen name="y125">500.0px</dimen>
<dimen name="y126">504.0px</dimen>
<dimen name="y127">508.0px</dimen>
<dimen name="y128">512.0px</dimen>
<dimen name="y129">516.0px</dimen>
<dimen name="y130">520.0px</dimen>
<dimen name="y131">524.0px</dimen>
<dimen name="y132">528.0px</dimen>
<dimen name="y133">532.0px</dimen>
<dimen name="y134">536.0px</dimen>
<dimen name="y135">540.0px</dimen>
<dimen name="y136">544.0px</dimen>
<dimen name="y137">548.0px</dimen>
<dimen name="y138">552.0px</dimen>
<dimen name="y139">556.0px</dimen>
<dimen name="y140">560.0px</dimen>
<dimen name="y141">564.0px</dimen>
<dimen name="y142">568.0px</dimen>
<dimen name="y143">572.0px</dimen>
<dimen name="y144">576.0px</dimen>
<dimen name="y145">580.0px</dimen>
<dimen name="y146">584.0px</dimen>
<dimen name="y147">588.0px</dimen>
<dimen name="y148">592.0px</dimen>
<dimen name="y149">596.0px</dimen>
<dimen name="y150">600.0px</dimen>
<dimen name="y151">604.0px</dimen>
<dimen name="y152">608.0px</dimen>
<dimen name="y153">612.0px</dimen>
<dimen name="y154">616.0px</dimen>
<dimen name="y155">620.0px</dimen>
<dimen name="y156">624.0px</dimen>
<dimen name="y157">628.0px</dimen>
<dimen name="y158">632.0px</dimen>
<dimen name="y159">636.0px</dimen>
<dimen name="y160">640.0px</dimen>
<dimen name="y161">644.0px</dimen>
<dimen name="y162">648.0px</dimen>
<dimen name="y163">652.0px</dimen>
<dimen name="y164">656.0px</dimen>
<dimen name="y165">660.0px</dimen>
<dimen name="y166">664.0px</dimen>
<dimen name="y167">668.0px</dimen>
<dimen name="y168">672.0px</dimen>
<dimen name="y169">676.0px</dimen>
<dimen name="y170">680.0px</dimen>
<dimen name="y171">684.0px</dimen>
<dimen name="y172">688.0px</dimen>
<dimen name="y173">692.0px</dimen>
<dimen name="y174">696.0px</dimen>
<dimen name="y175">700.0px</dimen>
<dimen name="y176">704.0px</dimen>
<dimen name="y177">708.0px</dimen>
<dimen name="y178">712.0px</dimen>
<dimen name="y179">716.0px</dimen>
<dimen name="y180">720.0px</dimen>
<dimen name="y181">724.0px</dimen>
<dimen name="y182">728.0px</dimen>
<dimen name="y183">732.0px</dimen>
<dimen name="y184">736.0px</dimen>
<dimen name="y185">740.0px</dimen>
<dimen name="y186">744.0px</dimen>
<dimen name="y187">748.0px</dimen>
<dimen name="y188">752.0px</dimen>
<dimen name="y189">756.0px</dimen>
<dimen name="y190">760.0px</dimen>
<dimen name="y191">764.0px</dimen>
<dimen name="y192">768.0px</dimen>
<dimen name="y193">772.0px</dimen>
<dimen name="y194">776.0px</dimen>
<dimen name="y195">780.0px</dimen>
<dimen name="y196">784.0px</dimen>
<dimen name="y197">788.0px</dimen>
<dimen name="y198">792.0px</dimen>
<dimen name="y199">796.0px</dimen>
<dimen name="y200">800.0px</dimen>
<dimen name="y201">804.0px</dimen>
<dimen name="y202">808.0px</dimen>
<dimen name="y203">812.0px</dimen>
<dimen name="y204">816.0px</dimen>
<dimen name="y205">820.0px</dimen>
<dimen name="y206">824.0px</dimen>
<dimen name="y207">828.0px</dimen>
<dimen name="y208">832.0px</dimen>
<dimen name="y209">836.0px</dimen>
<dimen name="y210">840.0px</dimen>
<dimen name="y211">844.0px</dimen>
<dimen name="y212">848.0px</dimen>
<dimen name="y213">852.0px</dimen>
<dimen name="y214">856.0px</dimen>
<dimen name="y215">860.0px</dimen>
<dimen name="y216">864.0px</dimen>
<dimen name="y217">868.0px</dimen>
<dimen name="y218">872.0px</dimen>
<dimen name="y219">876.0px</dimen>
<dimen name="y220">880.0px</dimen>
<dimen name="y221">884.0px</dimen>
<dimen name="y222">888.0px</dimen>
<dimen name="y223">892.0px</dimen>
<dimen name="y224">896.0px</dimen>
<dimen name="y225">900.0px</dimen>
<dimen name="y226">904.0px</dimen>
<dimen name="y227">908.0px</dimen>
<dimen name="y228">912.0px</dimen>
<dimen name="y229">916.0px</dimen>
<dimen name="y230">920.0px</dimen>
<dimen name="y231">924.0px</dimen>
<dimen name="y232">928.0px</dimen>
<dimen name="y233">932.0px</dimen>
<dimen name="y234">936.0px</dimen>
<dimen name="y235">940.0px</dimen>
<dimen name="y236">944.0px</dimen>
<dimen name="y237">948.0px</dimen>
<dimen name="y238">952.0px</dimen>
<dimen name="y239">956.0px</dimen>
<dimen name="y240">960.0px</dimen>
<dimen name="y241">964.0px</dimen>
<dimen name="y242">968.0px</dimen>
<dimen name="y243">972.0px</dimen>
<dimen name="y244">976.0px</dimen>
<dimen name="y245">980.0px</dimen>
<dimen name="y246">984.0px</dimen>
<dimen name="y247">988.0px</dimen>
<dimen name="y248">992.0px</dimen>
<dimen name="y249">996.0px</dimen>
<dimen name="y250">1000.0px</dimen>
<dimen name="y251">1004.0px</dimen>
<dimen name="y252">1008.0px</dimen>
<dimen name="y253">1012.0px</dimen>
<dimen name="y254">1016.0px</dimen>
<dimen name="y255">1020.0px</dimen>
<dimen name="y256">1024.0px</dimen>
<dimen name="y257">1028.0px</dimen>
<dimen name="y258">1032.0px</dimen>
<dimen name="y259">1036.0px</dimen>
<dimen name="y260">1040.0px</dimen>
<dimen name="y261">1044.0px</dimen>
<dimen name="y262">1048.0px</dimen>
<dimen name="y263">1052.0px</dimen>
<dimen name="y264">1056.0px</dimen>
<dimen name="y265">1060.0px</dimen>
<dimen name="y266">1064.0px</dimen>
<dimen name="y267">1068.0px</dimen>
<dimen name="y268">1072.0px</dimen>
<dimen name="y269">1076.0px</dimen>
<dimen name="y270">1080.0px</dimen>
<dimen name="y271">1084.0px</dimen>
<dimen name="y272">1088.0px</dimen>
<dimen name="y273">1092.0px</dimen>
<dimen name="y274">1096.0px</dimen>
<dimen name="y275">1100.0px</dimen>
<dimen name="y276">1104.0px</dimen>
<dimen name="y277">1108.0px</dimen>
<dimen name="y278">1112.0px</dimen>
<dimen name="y279">1116.0px</dimen>
<dimen name="y280">1120.0px</dimen>
<dimen name="y281">1124.0px</dimen>
<dimen name="y282">1128.0px</dimen>
<dimen name="y283">1132.0px</dimen>
<dimen name="y284">1136.0px</dimen>
<dimen name="y285">1140.0px</dimen>
<dimen name="y286">1144.0px</dimen>
<dimen name="y287">1148.0px</dimen>
<dimen name="y288">1152.0px</dimen>
<dimen name="y289">1156.0px</dimen>
<dimen name="y290">1160.0px</dimen>
<dimen name="y291">1164.0px</dimen>
<dimen name="y292">1168.0px</dimen>
<dimen name="y293">1172.0px</dimen>
<dimen name="y294">1176.0px</dimen>
<dimen name="y295">1180.0px</dimen>
<dimen name="y296">1184.0px</dimen>
<dimen name="y297">1188.0px</dimen>
<dimen name="y298">1192.0px</dimen>
<dimen name="y299">1196.0px</dimen>
<dimen name="y300">1200.0px</dimen>
<dimen name="y301">1204.0px</dimen>
<dimen name="y302">1208.0px</dimen>
<dimen name="y303">1212.0px</dimen>
<dimen name="y304">1216.0px</dimen>
<dimen name="y305">1220.0px</dimen>
<dimen name="y306">1224.0px</dimen>
<dimen name="y307">1228.0px</dimen>
<dimen name="y308">1232.0px</dimen>
<dimen name="y309">1236.0px</dimen>
<dimen name="y310">1240.0px</dimen>
<dimen name="y311">1244.0px</dimen>
<dimen name="y312">1248.0px</dimen>
<dimen name="y313">1252.0px</dimen>
<dimen name="y314">1256.0px</dimen>
<dimen name="y315">1260.0px</dimen>
<dimen name="y316">1264.0px</dimen>
<dimen name="y317">1268.0px</dimen>
<dimen name="y318">1272.0px</dimen>
<dimen name="y319">1276.0px</dimen>
<dimen name="y320">1280.0px</dimen>
<dimen name="y321">1284.0px</dimen>
<dimen name="y322">1288.0px</dimen>
<dimen name="y323">1292.0px</dimen>
<dimen name="y324">1296.0px</dimen>
<dimen name="y325">1300.0px</dimen>
<dimen name="y326">1304.0px</dimen>
<dimen name="y327">1308.0px</dimen>
<dimen name="y328">1312.0px</dimen>
<dimen name="y329">1316.0px</dimen>
<dimen name="y330">1320.0px</dimen>
<dimen name="y331">1324.0px</dimen>
<dimen name="y332">1328.0px</dimen>
<dimen name="y333">1332.0px</dimen>
<dimen name="y334">1336.0px</dimen>
<dimen name="y335">1340.0px</dimen>
<dimen name="y336">1344.0px</dimen>
<dimen name="y337">1348.0px</dimen>
<dimen name="y338">1352.0px</dimen>
<dimen name="y339">1356.0px</dimen>
<dimen name="y340">1360.0px</dimen>
<dimen name="y341">1364.0px</dimen>
<dimen name="y342">1368.0px</dimen>
<dimen name="y343">1372.0px</dimen>
<dimen name="y344">1376.0px</dimen>
<dimen name="y345">1380.0px</dimen>
<dimen name="y346">1384.0px</dimen>
<dimen name="y347">1388.0px</dimen>
<dimen name="y348">1392.0px</dimen>
<dimen name="y349">1396.0px</dimen>
<dimen name="y350">1400.0px</dimen>
<dimen name="y351">1404.0px</dimen>
<dimen name="y352">1408.0px</dimen>
<dimen name="y353">1412.0px</dimen>
<dimen name="y354">1416.0px</dimen>
<dimen name="y355">1420.0px</dimen>
<dimen name="y356">1424.0px</dimen>
<dimen name="y357">1428.0px</dimen>
<dimen name="y358">1432.0px</dimen>
<dimen name="y359">1436.0px</dimen>
<dimen name="y360">1440.0px</dimen>
<dimen name="y361">1444.0px</dimen>
<dimen name="y362">1448.0px</dimen>
<dimen name="y363">1452.0px</dimen>
<dimen name="y364">1456.0px</dimen>
<dimen name="y365">1460.0px</dimen>
<dimen name="y366">1464.0px</dimen>
<dimen name="y367">1468.0px</dimen>
<dimen name="y368">1472.0px</dimen>
<dimen name="y369">1476.0px</dimen>
<dimen name="y370">1480.0px</dimen>
<dimen name="y371">1484.0px</dimen>
<dimen name="y372">1488.0px</dimen>
<dimen name="y373">1492.0px</dimen>
<dimen name="y374">1496.0px</dimen>
<dimen name="y375">1500.0px</dimen>
<dimen name="y376">1504.0px</dimen>
<dimen name="y377">1508.0px</dimen>
<dimen name="y378">1512.0px</dimen>
<dimen name="y379">1516.0px</dimen>
<dimen name="y380">1520.0px</dimen>
<dimen name="y381">1524.0px</dimen>
<dimen name="y382">1528.0px</dimen>
<dimen name="y383">1532.0px</dimen>
<dimen name="y384">1536.0px</dimen>
<dimen name="y385">1540.0px</dimen>
<dimen name="y386">1544.0px</dimen>
<dimen name="y387">1548.0px</dimen>
<dimen name="y388">1552.0px</dimen>
<dimen name="y389">1556.0px</dimen>
<dimen name="y390">1560.0px</dimen>
<dimen name="y391">1564.0px</dimen>
<dimen name="y392">1568.0px</dimen>
<dimen name="y393">1572.0px</dimen>
<dimen name="y394">1576.0px</dimen>
<dimen name="y395">1580.0px</dimen>
<dimen name="y396">1584.0px</dimen>
<dimen name="y397">1588.0px</dimen>
<dimen name="y398">1592.0px</dimen>
<dimen name="y399">1596.0px</dimen>
<dimen name="y400">1600.0px</dimen>
<dimen name="y401">1604.0px</dimen>
<dimen name="y402">1608.0px</dimen>
<dimen name="y403">1612.0px</dimen>
<dimen name="y404">1616.0px</dimen>
<dimen name="y405">1620.0px</dimen>
<dimen name="y406">1624.0px</dimen>
<dimen name="y407">1628.0px</dimen>
<dimen name="y408">1632.0px</dimen>
<dimen name="y409">1636.0px</dimen>
<dimen name="y410">1640.0px</dimen>
<dimen name="y411">1644.0px</dimen>
<dimen name="y412">1648.0px</dimen>
<dimen name="y413">1652.0px</dimen>
<dimen name="y414">1656.0px</dimen>
<dimen name="y415">1660.0px</dimen>
<dimen name="y416">1664.0px</dimen>
<dimen name="y417">1668.0px</dimen>
<dimen name="y418">1672.0px</dimen>
<dimen name="y419">1676.0px</dimen>
<dimen name="y420">1680.0px</dimen>
<dimen name="y421">1684.0px</dimen>
<dimen name="y422">1688.0px</dimen>
<dimen name="y423">1692.0px</dimen>
<dimen name="y424">1696.0px</dimen>
<dimen name="y425">1700.0px</dimen>
<dimen name="y426">1704.0px</dimen>
<dimen name="y427">1708.0px</dimen>
<dimen name="y428">1712.0px</dimen>
<dimen name="y429">1716.0px</dimen>
<dimen name="y430">1720.0px</dimen>
<dimen name="y431">1724.0px</dimen>
<dimen name="y432">1728.0px</dimen>
<dimen name="y433">1732.0px</dimen>
<dimen name="y434">1736.0px</dimen>
<dimen name="y435">1740.0px</dimen>
<dimen name="y436">1744.0px</dimen>
<dimen name="y437">1748.0px</dimen>
<dimen name="y438">1752.0px</dimen>
<dimen name="y439">1756.0px</dimen>
<dimen name="y440">1760.0px</dimen>
<dimen name="y441">1764.0px</dimen>
<dimen name="y442">1768.0px</dimen>
<dimen name="y443">1772.0px</dimen>
<dimen name="y444">1776.0px</dimen>
<dimen name="y445">1780.0px</dimen>
<dimen name="y446">1784.0px</dimen>
<dimen name="y447">1788.0px</dimen>
<dimen name="y448">1792.0px</dimen>
<dimen name="y449">1796.0px</dimen>
<dimen name="y450">1800.0px</dimen>
<dimen name="y451">1804.0px</dimen>
<dimen name="y452">1808.0px</dimen>
<dimen name="y453">1812.0px</dimen>
<dimen name="y454">1816.0px</dimen>
<dimen name="y455">1820.0px</dimen>
<dimen name="y456">1824.0px</dimen>
<dimen name="y457">1828.0px</dimen>
<dimen name="y458">1832.0px</dimen>
<dimen name="y459">1836.0px</dimen>
<dimen name="y460">1840.0px</dimen>
<dimen name="y461">1844.0px</dimen>
<dimen name="y462">1848.0px</dimen>
<dimen name="y463">1852.0px</dimen>
<dimen name="y464">1856.0px</dimen>
<dimen name="y465">1860.0px</dimen>
<dimen name="y466">1864.0px</dimen>
<dimen name="y467">1868.0px</dimen>
<dimen name="y468">1872.0px</dimen>
<dimen name="y469">1876.0px</dimen>
<dimen name="y470">1880.0px</dimen>
<dimen name="y471">1884.0px</dimen>
<dimen name="y472">1888.0px</dimen>
<dimen name="y473">1892.0px</dimen>
<dimen name="y474">1896.0px</dimen>
<dimen name="y475">1900.0px</dimen>
<dimen name="y476">1904.0px</dimen>
<dimen name="y477">1908.0px</dimen>
<dimen name="y478">1912.0px</dimen>
<dimen name="y479">1916.0px</dimen>
<dimen name="y480">1920.0px</dimen>
</resources>