<resources>
<dimen name="y1">3.7px</dimen>
<dimen name="y2">7.4px</dimen>
<dimen name="y3">11.2px</dimen>
<dimen name="y4">14.9px</dimen>
<dimen name="y5">18.6px</dimen>
<dimen name="y6">22.4px</dimen>
<dimen name="y7">26.1px</dimen>
<dimen name="y8">29.9px</dimen>
<dimen name="y9">33.6px</dimen>
<dimen name="y10">37.3px</dimen>
<dimen name="y11">41.1px</dimen>
<dimen name="y12">44.8px</dimen>
<dimen name="y13">48.5px</dimen>
<dimen name="y14">52.3px</dimen>
<dimen name="y15">56.0px</dimen>
<dimen name="y16">59.8px</dimen>
<dimen name="y17">63.5px</dimen>
<dimen name="y18">67.2px</dimen>
<dimen name="y19">71.0px</dimen>
<dimen name="y20">74.7px</dimen>
<dimen name="y21">78.4px</dimen>
<dimen name="y22">82.2px</dimen>
<dimen name="y23">85.9px</dimen>
<dimen name="y24">89.7px</dimen>
<dimen name="y25">93.4px</dimen>
<dimen name="y26">97.1px</dimen>
<dimen name="y27">100.9px</dimen>
<dimen name="y28">104.6px</dimen>
<dimen name="y29">108.3px</dimen>
<dimen name="y30">112.1px</dimen>
<dimen name="y31">115.8px</dimen>
<dimen name="y32">119.6px</dimen>
<dimen name="y33">123.3px</dimen>
<dimen name="y34">127.0px</dimen>
<dimen name="y35">130.8px</dimen>
<dimen name="y36">134.5px</dimen>
<dimen name="y37">138.2px</dimen>
<dimen name="y38">142.0px</dimen>
<dimen name="y39">145.7px</dimen>
<dimen name="y40">149.5px</dimen>
<dimen name="y41">153.2px</dimen>
<dimen name="y42">156.9px</dimen>
<dimen name="y43">160.7px</dimen>
<dimen name="y44">164.4px</dimen>
<dimen name="y45">168.1px</dimen>
<dimen name="y46">171.9px</dimen>
<dimen name="y47">175.6px</dimen>
<dimen name="y48">179.4px</dimen>
<dimen name="y49">183.1px</dimen>
<dimen name="y50">186.8px</dimen>
<dimen name="y51">190.6px</dimen>
<dimen name="y52">194.3px</dimen>
<dimen name="y53">198.0px</dimen>
<dimen name="y54">201.8px</dimen>
<dimen name="y55">205.5px</dimen>
<dimen name="y56">209.3px</dimen>
<dimen name="y57">213.0px</dimen>
<dimen name="y58">216.7px</dimen>
<dimen name="y59">220.5px</dimen>
<dimen name="y60">224.2px</dimen>
<dimen name="y61">227.9px</dimen>
<dimen name="y62">231.7px</dimen>
<dimen name="y63">235.4px</dimen>
<dimen name="y64">239.2px</dimen>
<dimen name="y65">242.9px</dimen>
<dimen name="y66">246.6px</dimen>
<dimen name="y67">250.4px</dimen>
<dimen name="y68">254.1px</dimen>
<dimen name="y69">257.8px</dimen>
<dimen name="y70">261.6px</dimen>
<dimen name="y71">265.3px</dimen>
<dimen name="y72">269.1px</dimen>
<dimen name="y73">272.8px</dimen>
<dimen name="y74">276.5px</dimen>
<dimen name="y75">280.3px</dimen>
<dimen name="y76">284.0px</dimen>
<dimen name="y77">287.7px</dimen>
<dimen name="y78">291.5px</dimen>
<dimen name="y79">295.2px</dimen>
<dimen name="y80">299.0px</dimen>
<dimen name="y81">302.7px</dimen>
<dimen name="y82">306.4px</dimen>
<dimen name="y83">310.2px</dimen>
<dimen name="y84">313.9px</dimen>
<dimen name="y85">317.6px</dimen>
<dimen name="y86">321.4px</dimen>
<dimen name="y87">325.1px</dimen>
<dimen name="y88">328.9px</dimen>
<dimen name="y89">332.6px</dimen>
<dimen name="y90">336.3px</dimen>
<dimen name="y91">340.1px</dimen>
<dimen name="y92">343.8px</dimen>
<dimen name="y93">347.5px</dimen>
<dimen name="y94">351.3px</dimen>
<dimen name="y95">355.0px</dimen>
<dimen name="y96">358.8px</dimen>
<dimen name="y97">362.5px</dimen>
<dimen name="y98">366.2px</dimen>
<dimen name="y99">370.0px</dimen>
<dimen name="y100">373.7px</dimen>
<dimen name="y101">377.4px</dimen>
<dimen name="y102">381.2px</dimen>
<dimen name="y103">384.9px</dimen>
<dimen name="y104">388.6px</dimen>
<dimen name="y105">392.4px</dimen>
<dimen name="y106">396.1px</dimen>
<dimen name="y107">399.9px</dimen>
<dimen name="y108">403.6px</dimen>
<dimen name="y109">407.3px</dimen>
<dimen name="y110">411.1px</dimen>
<dimen name="y111">414.8px</dimen>
<dimen name="y112">418.6px</dimen>
<dimen name="y113">422.3px</dimen>
<dimen name="y114">426.0px</dimen>
<dimen name="y115">429.8px</dimen>
<dimen name="y116">433.5px</dimen>
<dimen name="y117">437.2px</dimen>
<dimen name="y118">441.0px</dimen>
<dimen name="y119">444.7px</dimen>
<dimen name="y120">448.5px</dimen>
<dimen name="y121">452.2px</dimen>
<dimen name="y122">455.9px</dimen>
<dimen name="y123">459.7px</dimen>
<dimen name="y124">463.4px</dimen>
<dimen name="y125">467.1px</dimen>
<dimen name="y126">470.9px</dimen>
<dimen name="y127">474.6px</dimen>
<dimen name="y128">478.4px</dimen>
<dimen name="y129">482.1px</dimen>
<dimen name="y130">485.8px</dimen>
<dimen name="y131">489.6px</dimen>
<dimen name="y132">493.3px</dimen>
<dimen name="y133">497.0px</dimen>
<dimen name="y134">500.8px</dimen>
<dimen name="y135">504.5px</dimen>
<dimen name="y136">508.3px</dimen>
<dimen name="y137">512.0px</dimen>
<dimen name="y138">515.7px</dimen>
<dimen name="y139">519.5px</dimen>
<dimen name="y140">523.2px</dimen>
<dimen name="y141">526.9px</dimen>
<dimen name="y142">530.7px</dimen>
<dimen name="y143">534.4px</dimen>
<dimen name="y144">538.2px</dimen>
<dimen name="y145">541.9px</dimen>
<dimen name="y146">545.6px</dimen>
<dimen name="y147">549.4px</dimen>
<dimen name="y148">553.1px</dimen>
<dimen name="y149">556.8px</dimen>
<dimen name="y150">560.6px</dimen>
<dimen name="y151">564.3px</dimen>
<dimen name="y152">568.1px</dimen>
<dimen name="y153">571.8px</dimen>
<dimen name="y154">575.5px</dimen>
<dimen name="y155">579.3px</dimen>
<dimen name="y156">583.0px</dimen>
<dimen name="y157">586.7px</dimen>
<dimen name="y158">590.5px</dimen>
<dimen name="y159">594.2px</dimen>
<dimen name="y160">598.0px</dimen>
<dimen name="y161">601.7px</dimen>
<dimen name="y162">605.4px</dimen>
<dimen name="y163">609.2px</dimen>
<dimen name="y164">612.9px</dimen>
<dimen name="y165">616.6px</dimen>
<dimen name="y166">620.4px</dimen>
<dimen name="y167">624.1px</dimen>
<dimen name="y168">627.8px</dimen>
<dimen name="y169">631.6px</dimen>
<dimen name="y170">635.3px</dimen>
<dimen name="y171">639.1px</dimen>
<dimen name="y172">642.8px</dimen>
<dimen name="y173">646.5px</dimen>
<dimen name="y174">650.3px</dimen>
<dimen name="y175">654.0px</dimen>
<dimen name="y176">657.8px</dimen>
<dimen name="y177">661.5px</dimen>
<dimen name="y178">665.2px</dimen>
<dimen name="y179">669.0px</dimen>
<dimen name="y180">672.7px</dimen>
<dimen name="y181">676.4px</dimen>
<dimen name="y182">680.2px</dimen>
<dimen name="y183">683.9px</dimen>
<dimen name="y184">687.7px</dimen>
<dimen name="y185">691.4px</dimen>
<dimen name="y186">695.1px</dimen>
<dimen name="y187">698.9px</dimen>
<dimen name="y188">702.6px</dimen>
<dimen name="y189">706.3px</dimen>
<dimen name="y190">710.1px</dimen>
<dimen name="y191">713.8px</dimen>
<dimen name="y192">717.6px</dimen>
<dimen name="y193">721.3px</dimen>
<dimen name="y194">725.0px</dimen>
<dimen name="y195">728.8px</dimen>
<dimen name="y196">732.5px</dimen>
<dimen name="y197">736.2px</dimen>
<dimen name="y198">740.0px</dimen>
<dimen name="y199">743.7px</dimen>
<dimen name="y200">747.5px</dimen>
<dimen name="y201">751.2px</dimen>
<dimen name="y202">754.9px</dimen>
<dimen name="y203">758.7px</dimen>
<dimen name="y204">762.4px</dimen>
<dimen name="y205">766.1px</dimen>
<dimen name="y206">769.9px</dimen>
<dimen name="y207">773.6px</dimen>
<dimen name="y208">777.3px</dimen>
<dimen name="y209">781.1px</dimen>
<dimen name="y210">784.8px</dimen>
<dimen name="y211">788.6px</dimen>
<dimen name="y212">792.3px</dimen>
<dimen name="y213">796.0px</dimen>
<dimen name="y214">799.8px</dimen>
<dimen name="y215">803.5px</dimen>
<dimen name="y216">807.3px</dimen>
<dimen name="y217">811.0px</dimen>
<dimen name="y218">814.7px</dimen>
<dimen name="y219">818.5px</dimen>
<dimen name="y220">822.2px</dimen>
<dimen name="y221">825.9px</dimen>
<dimen name="y222">829.7px</dimen>
<dimen name="y223">833.4px</dimen>
<dimen name="y224">837.2px</dimen>
<dimen name="y225">840.9px</dimen>
<dimen name="y226">844.6px</dimen>
<dimen name="y227">848.4px</dimen>
<dimen name="y228">852.1px</dimen>
<dimen name="y229">855.8px</dimen>
<dimen name="y230">859.6px</dimen>
<dimen name="y231">863.3px</dimen>
<dimen name="y232">867.1px</dimen>
<dimen name="y233">870.8px</dimen>
<dimen name="y234">874.5px</dimen>
<dimen name="y235">878.3px</dimen>
<dimen name="y236">882.0px</dimen>
<dimen name="y237">885.7px</dimen>
<dimen name="y238">889.5px</dimen>
<dimen name="y239">893.2px</dimen>
<dimen name="y240">897.0px</dimen>
<dimen name="y241">900.7px</dimen>
<dimen name="y242">904.4px</dimen>
<dimen name="y243">908.2px</dimen>
<dimen name="y244">911.9px</dimen>
<dimen name="y245">915.6px</dimen>
<dimen name="y246">919.4px</dimen>
<dimen name="y247">923.1px</dimen>
<dimen name="y248">926.9px</dimen>
<dimen name="y249">930.6px</dimen>
<dimen name="y250">934.3px</dimen>
<dimen name="y251">938.1px</dimen>
<dimen name="y252">941.8px</dimen>
<dimen name="y253">945.5px</dimen>
<dimen name="y254">949.3px</dimen>
<dimen name="y255">953.0px</dimen>
<dimen name="y256">956.8px</dimen>
<dimen name="y257">960.5px</dimen>
<dimen name="y258">964.2px</dimen>
<dimen name="y259">968.0px</dimen>
<dimen name="y260">971.7px</dimen>
<dimen name="y261">975.4px</dimen>
<dimen name="y262">979.2px</dimen>
<dimen name="y263">982.9px</dimen>
<dimen name="y264">986.7px</dimen>
<dimen name="y265">990.4px</dimen>
<dimen name="y266">994.1px</dimen>
<dimen name="y267">997.9px</dimen>
<dimen name="y268">1001.6px</dimen>
<dimen name="y269">1005.3px</dimen>
<dimen name="y270">1009.1px</dimen>
<dimen name="y271">1012.8px</dimen>
<dimen name="y272">1016.6px</dimen>
<dimen name="y273">1020.3px</dimen>
<dimen name="y274">1024.0px</dimen>
<dimen name="y275">1027.8px</dimen>
<dimen name="y276">1031.5px</dimen>
<dimen name="y277">1035.2px</dimen>
<dimen name="y278">1039.0px</dimen>
<dimen name="y279">1042.7px</dimen>
<dimen name="y280">1046.5px</dimen>
<dimen name="y281">1050.2px</dimen>
<dimen name="y282">1053.9px</dimen>
<dimen name="y283">1057.7px</dimen>
<dimen name="y284">1061.4px</dimen>
<dimen name="y285">1065.1px</dimen>
<dimen name="y286">1068.9px</dimen>
<dimen name="y287">1072.6px</dimen>
<dimen name="y288">1076.4px</dimen>
<dimen name="y289">1080.1px</dimen>
<dimen name="y290">1083.8px</dimen>
<dimen name="y291">1087.6px</dimen>
<dimen name="y292">1091.3px</dimen>
<dimen name="y293">1095.0px</dimen>
<dimen name="y294">1098.8px</dimen>
<dimen name="y295">1102.5px</dimen>
<dimen name="y296">1106.2px</dimen>
<dimen name="y297">1110.0px</dimen>
<dimen name="y298">1113.7px</dimen>
<dimen name="y299">1117.5px</dimen>
<dimen name="y300">1121.2px</dimen>
<dimen name="y301">1124.9px</dimen>
<dimen name="y302">1128.7px</dimen>
<dimen name="y303">1132.4px</dimen>
<dimen name="y304">1136.2px</dimen>
<dimen name="y305">1139.9px</dimen>
<dimen name="y306">1143.6px</dimen>
<dimen name="y307">1147.4px</dimen>
<dimen name="y308">1151.1px</dimen>
<dimen name="y309">1154.8px</dimen>
<dimen name="y310">1158.6px</dimen>
<dimen name="y311">1162.3px</dimen>
<dimen name="y312">1166.1px</dimen>
<dimen name="y313">1169.8px</dimen>
<dimen name="y314">1173.5px</dimen>
<dimen name="y315">1177.3px</dimen>
<dimen name="y316">1181.0px</dimen>
<dimen name="y317">1184.7px</dimen>
<dimen name="y318">1188.5px</dimen>
<dimen name="y319">1192.2px</dimen>
<dimen name="y320">1196.0px</dimen>
<dimen name="y321">1199.7px</dimen>
<dimen name="y322">1203.4px</dimen>
<dimen name="y323">1207.2px</dimen>
<dimen name="y324">1210.9px</dimen>
<dimen name="y325">1214.6px</dimen>
<dimen name="y326">1218.4px</dimen>
<dimen name="y327">1222.1px</dimen>
<dimen name="y328">1225.9px</dimen>
<dimen name="y329">1229.6px</dimen>
<dimen name="y330">1233.3px</dimen>
<dimen name="y331">1237.1px</dimen>
<dimen name="y332">1240.8px</dimen>
<dimen name="y333">1244.5px</dimen>
<dimen name="y334">1248.3px</dimen>
<dimen name="y335">1252.0px</dimen>
<dimen name="y336">1255.7px</dimen>
<dimen name="y337">1259.5px</dimen>
<dimen name="y338">1263.2px</dimen>
<dimen name="y339">1267.0px</dimen>
<dimen name="y340">1270.7px</dimen>
<dimen name="y341">1274.4px</dimen>
<dimen name="y342">1278.2px</dimen>
<dimen name="y343">1281.9px</dimen>
<dimen name="y344">1285.7px</dimen>
<dimen name="y345">1289.4px</dimen>
<dimen name="y346">1293.1px</dimen>
<dimen name="y347">1296.9px</dimen>
<dimen name="y348">1300.6px</dimen>
<dimen name="y349">1304.3px</dimen>
<dimen name="y350">1308.1px</dimen>
<dimen name="y351">1311.8px</dimen>
<dimen name="y352">1315.6px</dimen>
<dimen name="y353">1319.3px</dimen>
<dimen name="y354">1323.0px</dimen>
<dimen name="y355">1326.8px</dimen>
<dimen name="y356">1330.5px</dimen>
<dimen name="y357">1334.2px</dimen>
<dimen name="y358">1338.0px</dimen>
<dimen name="y359">1341.7px</dimen>
<dimen name="y360">1345.5px</dimen>
<dimen name="y361">1349.2px</dimen>
<dimen name="y362">1352.9px</dimen>
<dimen name="y363">1356.7px</dimen>
<dimen name="y364">1360.4px</dimen>
<dimen name="y365">1364.1px</dimen>
<dimen name="y366">1367.9px</dimen>
<dimen name="y367">1371.6px</dimen>
<dimen name="y368">1375.4px</dimen>
<dimen name="y369">1379.1px</dimen>
<dimen name="y370">1382.8px</dimen>
<dimen name="y371">1386.6px</dimen>
<dimen name="y372">1390.3px</dimen>
<dimen name="y373">1394.0px</dimen>
<dimen name="y374">1397.8px</dimen>
<dimen name="y375">1401.5px</dimen>
<dimen name="y376">1405.2px</dimen>
<dimen name="y377">1409.0px</dimen>
<dimen name="y378">1412.7px</dimen>
<dimen name="y379">1416.5px</dimen>
<dimen name="y380">1420.2px</dimen>
<dimen name="y381">1423.9px</dimen>
<dimen name="y382">1427.7px</dimen>
<dimen name="y383">1431.4px</dimen>
<dimen name="y384">1435.2px</dimen>
<dimen name="y385">1438.9px</dimen>
<dimen name="y386">1442.6px</dimen>
<dimen name="y387">1446.4px</dimen>
<dimen name="y388">1450.1px</dimen>
<dimen name="y389">1453.8px</dimen>
<dimen name="y390">1457.6px</dimen>
<dimen name="y391">1461.3px</dimen>
<dimen name="y392">1465.1px</dimen>
<dimen name="y393">1468.8px</dimen>
<dimen name="y394">1472.5px</dimen>
<dimen name="y395">1476.3px</dimen>
<dimen name="y396">1480.0px</dimen>
<dimen name="y397">1483.7px</dimen>
<dimen name="y398">1487.5px</dimen>
<dimen name="y399">1491.2px</dimen>
<dimen name="y400">1495.0px</dimen>
<dimen name="y401">1498.7px</dimen>
<dimen name="y402">1502.4px</dimen>
<dimen name="y403">1506.2px</dimen>
<dimen name="y404">1509.9px</dimen>
<dimen name="y405">1513.6px</dimen>
<dimen name="y406">1517.4px</dimen>
<dimen name="y407">1521.1px</dimen>
<dimen name="y408">1524.9px</dimen>
<dimen name="y409">1528.6px</dimen>
<dimen name="y410">1532.3px</dimen>
<dimen name="y411">1536.1px</dimen>
<dimen name="y412">1539.8px</dimen>
<dimen name="y413">1543.5px</dimen>
<dimen name="y414">1547.3px</dimen>
<dimen name="y415">1551.0px</dimen>
<dimen name="y416">1554.7px</dimen>
<dimen name="y417">1558.5px</dimen>
<dimen name="y418">1562.2px</dimen>
<dimen name="y419">1566.0px</dimen>
<dimen name="y420">1569.7px</dimen>
<dimen name="y421">1573.4px</dimen>
<dimen name="y422">1577.2px</dimen>
<dimen name="y423">1580.9px</dimen>
<dimen name="y424">1584.7px</dimen>
<dimen name="y425">1588.4px</dimen>
<dimen name="y426">1592.1px</dimen>
<dimen name="y427">1595.9px</dimen>
<dimen name="y428">1599.6px</dimen>
<dimen name="y429">1603.3px</dimen>
<dimen name="y430">1607.1px</dimen>
<dimen name="y431">1610.8px</dimen>
<dimen name="y432">1614.6px</dimen>
<dimen name="y433">1618.3px</dimen>
<dimen name="y434">1622.0px</dimen>
<dimen name="y435">1625.8px</dimen>
<dimen name="y436">1629.5px</dimen>
<dimen name="y437">1633.2px</dimen>
<dimen name="y438">1637.0px</dimen>
<dimen name="y439">1640.7px</dimen>
<dimen name="y440">1644.5px</dimen>
<dimen name="y441">1648.2px</dimen>
<dimen name="y442">1651.9px</dimen>
<dimen name="y443">1655.7px</dimen>
<dimen name="y444">1659.4px</dimen>
<dimen name="y445">1663.1px</dimen>
<dimen name="y446">1666.9px</dimen>
<dimen name="y447">1670.6px</dimen>
<dimen name="y448">1674.4px</dimen>
<dimen name="y449">1678.1px</dimen>
<dimen name="y450">1681.8px</dimen>
<dimen name="y451">1685.6px</dimen>
<dimen name="y452">1689.3px</dimen>
<dimen name="y453">1693.0px</dimen>
<dimen name="y454">1696.8px</dimen>
<dimen name="y455">1700.5px</dimen>
<dimen name="y456">1704.3px</dimen>
<dimen name="y457">1708.0px</dimen>
<dimen name="y458">1711.7px</dimen>
<dimen name="y459">1715.5px</dimen>
<dimen name="y460">1719.2px</dimen>
<dimen name="y461">1722.9px</dimen>
<dimen name="y462">1726.7px</dimen>
<dimen name="y463">1730.4px</dimen>
<dimen name="y464">1734.2px</dimen>
<dimen name="y465">1737.9px</dimen>
<dimen name="y466">1741.6px</dimen>
<dimen name="y467">1745.4px</dimen>
<dimen name="y468">1749.1px</dimen>
<dimen name="y469">1752.8px</dimen>
<dimen name="y470">1756.6px</dimen>
<dimen name="y471">1760.3px</dimen>
<dimen name="y472">1764.1px</dimen>
<dimen name="y473">1767.8px</dimen>
<dimen name="y474">1771.5px</dimen>
<dimen name="y475">1775.3px</dimen>
<dimen name="y476">1779.0px</dimen>
<dimen name="y477">1782.7px</dimen>
<dimen name="y478">1786.5px</dimen>
<dimen name="y479">1790.2px</dimen>
<dimen name="y480">1794.0px</dimen>
</resources>