<resources>
<dimen name="y1">1.7px</dimen>
<dimen name="y2">3.5px</dimen>
<dimen name="y3">5.3px</dimen>
<dimen name="y4">7.1px</dimen>
<dimen name="y5">8.8px</dimen>
<dimen name="y6">10.6px</dimen>
<dimen name="y7">12.4px</dimen>
<dimen name="y8">14.2px</dimen>
<dimen name="y9">16.0px</dimen>
<dimen name="y10">17.7px</dimen>
<dimen name="y11">19.5px</dimen>
<dimen name="y12">21.3px</dimen>
<dimen name="y13">23.1px</dimen>
<dimen name="y14">24.9px</dimen>
<dimen name="y15">26.6px</dimen>
<dimen name="y16">28.4px</dimen>
<dimen name="y17">30.2px</dimen>
<dimen name="y18">32.0px</dimen>
<dimen name="y19">33.8px</dimen>
<dimen name="y20">35.5px</dimen>
<dimen name="y21">37.3px</dimen>
<dimen name="y22">39.1px</dimen>
<dimen name="y23">40.9px</dimen>
<dimen name="y24">42.7px</dimen>
<dimen name="y25">44.4px</dimen>
<dimen name="y26">46.2px</dimen>
<dimen name="y27">48.0px</dimen>
<dimen name="y28">49.8px</dimen>
<dimen name="y29">51.5px</dimen>
<dimen name="y30">53.3px</dimen>
<dimen name="y31">55.1px</dimen>
<dimen name="y32">56.9px</dimen>
<dimen name="y33">58.7px</dimen>
<dimen name="y34">60.4px</dimen>
<dimen name="y35">62.2px</dimen>
<dimen name="y36">64.0px</dimen>
<dimen name="y37">65.8px</dimen>
<dimen name="y38">67.6px</dimen>
<dimen name="y39">69.3px</dimen>
<dimen name="y40">71.1px</dimen>
<dimen name="y41">72.9px</dimen>
<dimen name="y42">74.7px</dimen>
<dimen name="y43">76.5px</dimen>
<dimen name="y44">78.2px</dimen>
<dimen name="y45">80.0px</dimen>
<dimen name="y46">81.8px</dimen>
<dimen name="y47">83.6px</dimen>
<dimen name="y48">85.4px</dimen>
<dimen name="y49">87.1px</dimen>
<dimen name="y50">88.9px</dimen>
<dimen name="y51">90.7px</dimen>
<dimen name="y52">92.5px</dimen>
<dimen name="y53">94.2px</dimen>
<dimen name="y54">96.0px</dimen>
<dimen name="y55">97.8px</dimen>
<dimen name="y56">99.6px</dimen>
<dimen name="y57">101.4px</dimen>
<dimen name="y58">103.1px</dimen>
<dimen name="y59">104.9px</dimen>
<dimen name="y60">106.7px</dimen>
<dimen name="y61">108.5px</dimen>
<dimen name="y62">110.3px</dimen>
<dimen name="y63">112.0px</dimen>
<dimen name="y64">113.8px</dimen>
<dimen name="y65">115.6px</dimen>
<dimen name="y66">117.4px</dimen>
<dimen name="y67">119.2px</dimen>
<dimen name="y68">120.9px</dimen>
<dimen name="y69">122.7px</dimen>
<dimen name="y70">124.5px</dimen>
<dimen name="y71">126.3px</dimen>
<dimen name="y72">128.1px</dimen>
<dimen name="y73">129.8px</dimen>
<dimen name="y74">131.6px</dimen>
<dimen name="y75">133.4px</dimen>
<dimen name="y76">135.2px</dimen>
<dimen name="y77">136.9px</dimen>
<dimen name="y78">138.7px</dimen>
<dimen name="y79">140.5px</dimen>
<dimen name="y80">142.3px</dimen>
<dimen name="y81">144.1px</dimen>
<dimen name="y82">145.8px</dimen>
<dimen name="y83">147.6px</dimen>
<dimen name="y84">149.4px</dimen>
<dimen name="y85">151.2px</dimen>
<dimen name="y86">153.0px</dimen>
<dimen name="y87">154.7px</dimen>
<dimen name="y88">156.5px</dimen>
<dimen name="y89">158.3px</dimen>
<dimen name="y90">160.1px</dimen>
<dimen name="y91">161.9px</dimen>
<dimen name="y92">163.6px</dimen>
<dimen name="y93">165.4px</dimen>
<dimen name="y94">167.2px</dimen>
<dimen name="y95">169.0px</dimen>
<dimen name="y96">170.8px</dimen>
<dimen name="y97">172.5px</dimen>
<dimen name="y98">174.3px</dimen>
<dimen name="y99">176.1px</dimen>
<dimen name="y100">177.9px</dimen>
<dimen name="y101">179.6px</dimen>
<dimen name="y102">181.4px</dimen>
<dimen name="y103">183.2px</dimen>
<dimen name="y104">185.0px</dimen>
<dimen name="y105">186.8px</dimen>
<dimen name="y106">188.5px</dimen>
<dimen name="y107">190.3px</dimen>
<dimen name="y108">192.1px</dimen>
<dimen name="y109">193.9px</dimen>
<dimen name="y110">195.7px</dimen>
<dimen name="y111">197.4px</dimen>
<dimen name="y112">199.2px</dimen>
<dimen name="y113">201.0px</dimen>
<dimen name="y114">202.8px</dimen>
<dimen name="y115">204.6px</dimen>
<dimen name="y116">206.3px</dimen>
<dimen name="y117">208.1px</dimen>
<dimen name="y118">209.9px</dimen>
<dimen name="y119">211.7px</dimen>
<dimen name="y120">213.5px</dimen>
<dimen name="y121">215.2px</dimen>
<dimen name="y122">217.0px</dimen>
<dimen name="y123">218.8px</dimen>
<dimen name="y124">220.6px</dimen>
<dimen name="y125">222.3px</dimen>
<dimen name="y126">224.1px</dimen>
<dimen name="y127">225.9px</dimen>
<dimen name="y128">227.7px</dimen>
<dimen name="y129">229.5px</dimen>
<dimen name="y130">231.2px</dimen>
<dimen name="y131">233.0px</dimen>
<dimen name="y132">234.8px</dimen>
<dimen name="y133">236.6px</dimen>
<dimen name="y134">238.4px</dimen>
<dimen name="y135">240.1px</dimen>
<dimen name="y136">241.9px</dimen>
<dimen name="y137">243.7px</dimen>
<dimen name="y138">245.5px</dimen>
<dimen name="y139">247.3px</dimen>
<dimen name="y140">249.0px</dimen>
<dimen name="y141">250.8px</dimen>
<dimen name="y142">252.6px</dimen>
<dimen name="y143">254.4px</dimen>
<dimen name="y144">256.2px</dimen>
<dimen name="y145">257.9px</dimen>
<dimen name="y146">259.7px</dimen>
<dimen name="y147">261.5px</dimen>
<dimen name="y148">263.3px</dimen>
<dimen name="y149">265.0px</dimen>
<dimen name="y150">266.8px</dimen>
<dimen name="y151">268.6px</dimen>
<dimen name="y152">270.4px</dimen>
<dimen name="y153">272.2px</dimen>
<dimen name="y154">273.9px</dimen>
<dimen name="y155">275.7px</dimen>
<dimen name="y156">277.5px</dimen>
<dimen name="y157">279.3px</dimen>
<dimen name="y158">281.1px</dimen>
<dimen name="y159">282.8px</dimen>
<dimen name="y160">284.6px</dimen>
<dimen name="y161">286.4px</dimen>
<dimen name="y162">288.2px</dimen>
<dimen name="y163">290.0px</dimen>
<dimen name="y164">291.7px</dimen>
<dimen name="y165">293.5px</dimen>
<dimen name="y166">295.3px</dimen>
<dimen name="y167">297.1px</dimen>
<dimen name="y168">298.9px</dimen>
<dimen name="y169">300.6px</dimen>
<dimen name="y170">302.4px</dimen>
<dimen name="y171">304.2px</dimen>
<dimen name="y172">306.0px</dimen>
<dimen name="y173">307.7px</dimen>
<dimen name="y174">309.5px</dimen>
<dimen name="y175">311.3px</dimen>
<dimen name="y176">313.1px</dimen>
<dimen name="y177">314.9px</dimen>
<dimen name="y178">316.6px</dimen>
<dimen name="y179">318.4px</dimen>
<dimen name="y180">320.2px</dimen>
<dimen name="y181">322.0px</dimen>
<dimen name="y182">323.8px</dimen>
<dimen name="y183">325.5px</dimen>
<dimen name="y184">327.3px</dimen>
<dimen name="y185">329.1px</dimen>
<dimen name="y186">330.9px</dimen>
<dimen name="y187">332.7px</dimen>
<dimen name="y188">334.4px</dimen>
<dimen name="y189">336.2px</dimen>
<dimen name="y190">338.0px</dimen>
<dimen name="y191">339.8px</dimen>
<dimen name="y192">341.6px</dimen>
<dimen name="y193">343.3px</dimen>
<dimen name="y194">345.1px</dimen>
<dimen name="y195">346.9px</dimen>
<dimen name="y196">348.7px</dimen>
<dimen name="y197">350.4px</dimen>
<dimen name="y198">352.2px</dimen>
<dimen name="y199">354.0px</dimen>
<dimen name="y200">355.8px</dimen>
<dimen name="y201">357.6px</dimen>
<dimen name="y202">359.3px</dimen>
<dimen name="y203">361.1px</dimen>
<dimen name="y204">362.9px</dimen>
<dimen name="y205">364.7px</dimen>
<dimen name="y206">366.5px</dimen>
<dimen name="y207">368.2px</dimen>
<dimen name="y208">370.0px</dimen>
<dimen name="y209">371.8px</dimen>
<dimen name="y210">373.6px</dimen>
<dimen name="y211">375.4px</dimen>
<dimen name="y212">377.1px</dimen>
<dimen name="y213">378.9px</dimen>
<dimen name="y214">380.7px</dimen>
<dimen name="y215">382.5px</dimen>
<dimen name="y216">384.3px</dimen>
<dimen name="y217">386.0px</dimen>
<dimen name="y218">387.8px</dimen>
<dimen name="y219">389.6px</dimen>
<dimen name="y220">391.4px</dimen>
<dimen name="y221">393.1px</dimen>
<dimen name="y222">394.9px</dimen>
<dimen name="y223">396.7px</dimen>
<dimen name="y224">398.5px</dimen>
<dimen name="y225">400.3px</dimen>
<dimen name="y226">402.0px</dimen>
<dimen name="y227">403.8px</dimen>
<dimen name="y228">405.6px</dimen>
<dimen name="y229">407.4px</dimen>
<dimen name="y230">409.2px</dimen>
<dimen name="y231">410.9px</dimen>
<dimen name="y232">412.7px</dimen>
<dimen name="y233">414.5px</dimen>
<dimen name="y234">416.3px</dimen>
<dimen name="y235">418.1px</dimen>
<dimen name="y236">419.8px</dimen>
<dimen name="y237">421.6px</dimen>
<dimen name="y238">423.4px</dimen>
<dimen name="y239">425.2px</dimen>
<dimen name="y240">427.0px</dimen>
<dimen name="y241">428.7px</dimen>
<dimen name="y242">430.5px</dimen>
<dimen name="y243">432.3px</dimen>
<dimen name="y244">434.1px</dimen>
<dimen name="y245">435.8px</dimen>
<dimen name="y246">437.6px</dimen>
<dimen name="y247">439.4px</dimen>
<dimen name="y248">441.2px</dimen>
<dimen name="y249">443.0px</dimen>
<dimen name="y250">444.7px</dimen>
<dimen name="y251">446.5px</dimen>
<dimen name="y252">448.3px</dimen>
<dimen name="y253">450.1px</dimen>
<dimen name="y254">451.9px</dimen>
<dimen name="y255">453.6px</dimen>
<dimen name="y256">455.4px</dimen>
<dimen name="y257">457.2px</dimen>
<dimen name="y258">459.0px</dimen>
<dimen name="y259">460.8px</dimen>
<dimen name="y260">462.5px</dimen>
<dimen name="y261">464.3px</dimen>
<dimen name="y262">466.1px</dimen>
<dimen name="y263">467.9px</dimen>
<dimen name="y264">469.7px</dimen>
<dimen name="y265">471.4px</dimen>
<dimen name="y266">473.2px</dimen>
<dimen name="y267">475.0px</dimen>
<dimen name="y268">476.8px</dimen>
<dimen name="y269">478.5px</dimen>
<dimen name="y270">480.3px</dimen>
<dimen name="y271">482.1px</dimen>
<dimen name="y272">483.9px</dimen>
<dimen name="y273">485.7px</dimen>
<dimen name="y274">487.4px</dimen>
<dimen name="y275">489.2px</dimen>
<dimen name="y276">491.0px</dimen>
<dimen name="y277">492.8px</dimen>
<dimen name="y278">494.6px</dimen>
<dimen name="y279">496.3px</dimen>
<dimen name="y280">498.1px</dimen>
<dimen name="y281">499.9px</dimen>
<dimen name="y282">501.7px</dimen>
<dimen name="y283">503.5px</dimen>
<dimen name="y284">505.2px</dimen>
<dimen name="y285">507.0px</dimen>
<dimen name="y286">508.8px</dimen>
<dimen name="y287">510.6px</dimen>
<dimen name="y288">512.4px</dimen>
<dimen name="y289">514.1px</dimen>
<dimen name="y290">515.9px</dimen>
<dimen name="y291">517.7px</dimen>
<dimen name="y292">519.5px</dimen>
<dimen name="y293">521.2px</dimen>
<dimen name="y294">523.0px</dimen>
<dimen name="y295">524.8px</dimen>
<dimen name="y296">526.6px</dimen>
<dimen name="y297">528.4px</dimen>
<dimen name="y298">530.1px</dimen>
<dimen name="y299">531.9px</dimen>
<dimen name="y300">533.7px</dimen>
<dimen name="y301">535.5px</dimen>
<dimen name="y302">537.3px</dimen>
<dimen name="y303">539.0px</dimen>
<dimen name="y304">540.8px</dimen>
<dimen name="y305">542.6px</dimen>
<dimen name="y306">544.4px</dimen>
<dimen name="y307">546.2px</dimen>
<dimen name="y308">547.9px</dimen>
<dimen name="y309">549.7px</dimen>
<dimen name="y310">551.5px</dimen>
<dimen name="y311">553.3px</dimen>
<dimen name="y312">555.1px</dimen>
<dimen name="y313">556.8px</dimen>
<dimen name="y314">558.6px</dimen>
<dimen name="y315">560.4px</dimen>
<dimen name="y316">562.2px</dimen>
<dimen name="y317">563.9px</dimen>
<dimen name="y318">565.7px</dimen>
<dimen name="y319">567.5px</dimen>
<dimen name="y320">569.3px</dimen>
<dimen name="y321">571.1px</dimen>
<dimen name="y322">572.8px</dimen>
<dimen name="y323">574.6px</dimen>
<dimen name="y324">576.4px</dimen>
<dimen name="y325">578.2px</dimen>
<dimen name="y326">580.0px</dimen>
<dimen name="y327">581.7px</dimen>
<dimen name="y328">583.5px</dimen>
<dimen name="y329">585.3px</dimen>
<dimen name="y330">587.1px</dimen>
<dimen name="y331">588.9px</dimen>
<dimen name="y332">590.6px</dimen>
<dimen name="y333">592.4px</dimen>
<dimen name="y334">594.2px</dimen>
<dimen name="y335">596.0px</dimen>
<dimen name="y336">597.8px</dimen>
<dimen name="y337">599.5px</dimen>
<dimen name="y338">601.3px</dimen>
<dimen name="y339">603.1px</dimen>
<dimen name="y340">604.9px</dimen>
<dimen name="y341">606.6px</dimen>
<dimen name="y342">608.4px</dimen>
<dimen name="y343">610.2px</dimen>
<dimen name="y344">612.0px</dimen>
<dimen name="y345">613.8px</dimen>
<dimen name="y346">615.5px</dimen>
<dimen name="y347">617.3px</dimen>
<dimen name="y348">619.1px</dimen>
<dimen name="y349">620.9px</dimen>
<dimen name="y350">622.7px</dimen>
<dimen name="y351">624.4px</dimen>
<dimen name="y352">626.2px</dimen>
<dimen name="y353">628.0px</dimen>
<dimen name="y354">629.8px</dimen>
<dimen name="y355">631.6px</dimen>
<dimen name="y356">633.3px</dimen>
<dimen name="y357">635.1px</dimen>
<dimen name="y358">636.9px</dimen>
<dimen name="y359">638.7px</dimen>
<dimen name="y360">640.5px</dimen>
<dimen name="y361">642.2px</dimen>
<dimen name="y362">644.0px</dimen>
<dimen name="y363">645.8px</dimen>
<dimen name="y364">647.6px</dimen>
<dimen name="y365">649.3px</dimen>
<dimen name="y366">651.1px</dimen>
<dimen name="y367">652.9px</dimen>
<dimen name="y368">654.7px</dimen>
<dimen name="y369">656.5px</dimen>
<dimen name="y370">658.2px</dimen>
<dimen name="y371">660.0px</dimen>
<dimen name="y372">661.8px</dimen>
<dimen name="y373">663.6px</dimen>
<dimen name="y374">665.4px</dimen>
<dimen name="y375">667.1px</dimen>
<dimen name="y376">668.9px</dimen>
<dimen name="y377">670.7px</dimen>
<dimen name="y378">672.5px</dimen>
<dimen name="y379">674.3px</dimen>
<dimen name="y380">676.0px</dimen>
<dimen name="y381">677.8px</dimen>
<dimen name="y382">679.6px</dimen>
<dimen name="y383">681.4px</dimen>
<dimen name="y384">683.2px</dimen>
<dimen name="y385">684.9px</dimen>
<dimen name="y386">686.7px</dimen>
<dimen name="y387">688.5px</dimen>
<dimen name="y388">690.3px</dimen>
<dimen name="y389">692.0px</dimen>
<dimen name="y390">693.8px</dimen>
<dimen name="y391">695.6px</dimen>
<dimen name="y392">697.4px</dimen>
<dimen name="y393">699.2px</dimen>
<dimen name="y394">700.9px</dimen>
<dimen name="y395">702.7px</dimen>
<dimen name="y396">704.5px</dimen>
<dimen name="y397">706.3px</dimen>
<dimen name="y398">708.1px</dimen>
<dimen name="y399">709.8px</dimen>
<dimen name="y400">711.6px</dimen>
<dimen name="y401">713.4px</dimen>
<dimen name="y402">715.2px</dimen>
<dimen name="y403">717.0px</dimen>
<dimen name="y404">718.7px</dimen>
<dimen name="y405">720.5px</dimen>
<dimen name="y406">722.3px</dimen>
<dimen name="y407">724.1px</dimen>
<dimen name="y408">725.9px</dimen>
<dimen name="y409">727.6px</dimen>
<dimen name="y410">729.4px</dimen>
<dimen name="y411">731.2px</dimen>
<dimen name="y412">733.0px</dimen>
<dimen name="y413">734.7px</dimen>
<dimen name="y414">736.5px</dimen>
<dimen name="y415">738.3px</dimen>
<dimen name="y416">740.1px</dimen>
<dimen name="y417">741.9px</dimen>
<dimen name="y418">743.6px</dimen>
<dimen name="y419">745.4px</dimen>
<dimen name="y420">747.2px</dimen>
<dimen name="y421">749.0px</dimen>
<dimen name="y422">750.8px</dimen>
<dimen name="y423">752.5px</dimen>
<dimen name="y424">754.3px</dimen>
<dimen name="y425">756.1px</dimen>
<dimen name="y426">757.9px</dimen>
<dimen name="y427">759.7px</dimen>
<dimen name="y428">761.4px</dimen>
<dimen name="y429">763.2px</dimen>
<dimen name="y430">765.0px</dimen>
<dimen name="y431">766.8px</dimen>
<dimen name="y432">768.6px</dimen>
<dimen name="y433">770.3px</dimen>
<dimen name="y434">772.1px</dimen>
<dimen name="y435">773.9px</dimen>
<dimen name="y436">775.7px</dimen>
<dimen name="y437">777.4px</dimen>
<dimen name="y438">779.2px</dimen>
<dimen name="y439">781.0px</dimen>
<dimen name="y440">782.8px</dimen>
<dimen name="y441">784.6px</dimen>
<dimen name="y442">786.3px</dimen>
<dimen name="y443">788.1px</dimen>
<dimen name="y444">789.9px</dimen>
<dimen name="y445">791.7px</dimen>
<dimen name="y446">793.5px</dimen>
<dimen name="y447">795.2px</dimen>
<dimen name="y448">797.0px</dimen>
<dimen name="y449">798.8px</dimen>
<dimen name="y450">800.6px</dimen>
<dimen name="y451">802.4px</dimen>
<dimen name="y452">804.1px</dimen>
<dimen name="y453">805.9px</dimen>
<dimen name="y454">807.7px</dimen>
<dimen name="y455">809.5px</dimen>
<dimen name="y456">811.3px</dimen>
<dimen name="y457">813.0px</dimen>
<dimen name="y458">814.8px</dimen>
<dimen name="y459">816.6px</dimen>
<dimen name="y460">818.4px</dimen>
<dimen name="y461">820.1px</dimen>
<dimen name="y462">821.9px</dimen>
<dimen name="y463">823.7px</dimen>
<dimen name="y464">825.5px</dimen>
<dimen name="y465">827.3px</dimen>
<dimen name="y466">829.0px</dimen>
<dimen name="y467">830.8px</dimen>
<dimen name="y468">832.6px</dimen>
<dimen name="y469">834.4px</dimen>
<dimen name="y470">836.2px</dimen>
<dimen name="y471">837.9px</dimen>
<dimen name="y472">839.7px</dimen>
<dimen name="y473">841.5px</dimen>
<dimen name="y474">843.3px</dimen>
<dimen name="y475">845.1px</dimen>
<dimen name="y476">846.8px</dimen>
<dimen name="y477">848.6px</dimen>
<dimen name="y478">850.4px</dimen>
<dimen name="y479">852.2px</dimen>
<dimen name="y480">854.0px</dimen>
</resources>