<resources>
<dimen name="y1">3.8px</dimen>
<dimen name="y2">7.6px</dimen>
<dimen name="y3">11.4px</dimen>
<dimen name="y4">15.2px</dimen>
<dimen name="y5">19.0px</dimen>
<dimen name="y6">22.8px</dimen>
<dimen name="y7">26.6px</dimen>
<dimen name="y8">30.5px</dimen>
<dimen name="y9">34.3px</dimen>
<dimen name="y10">38.1px</dimen>
<dimen name="y11">41.9px</dimen>
<dimen name="y12">45.7px</dimen>
<dimen name="y13">49.5px</dimen>
<dimen name="y14">53.3px</dimen>
<dimen name="y15">57.1px</dimen>
<dimen name="y16">61.0px</dimen>
<dimen name="y17">64.8px</dimen>
<dimen name="y18">68.6px</dimen>
<dimen name="y19">72.4px</dimen>
<dimen name="y20">76.2px</dimen>
<dimen name="y21">80.0px</dimen>
<dimen name="y22">83.8px</dimen>
<dimen name="y23">87.6px</dimen>
<dimen name="y24">91.5px</dimen>
<dimen name="y25">95.3px</dimen>
<dimen name="y26">99.1px</dimen>
<dimen name="y27">102.9px</dimen>
<dimen name="y28">106.7px</dimen>
<dimen name="y29">110.5px</dimen>
<dimen name="y30">114.3px</dimen>
<dimen name="y31">118.1px</dimen>
<dimen name="y32">122.0px</dimen>
<dimen name="y33">125.8px</dimen>
<dimen name="y34">129.6px</dimen>
<dimen name="y35">133.4px</dimen>
<dimen name="y36">137.2px</dimen>
<dimen name="y37">141.0px</dimen>
<dimen name="y38">144.8px</dimen>
<dimen name="y39">148.6px</dimen>
<dimen name="y40">152.5px</dimen>
<dimen name="y41">156.3px</dimen>
<dimen name="y42">160.1px</dimen>
<dimen name="y43">163.9px</dimen>
<dimen name="y44">167.7px</dimen>
<dimen name="y45">171.5px</dimen>
<dimen name="y46">175.3px</dimen>
<dimen name="y47">179.1px</dimen>
<dimen name="y48">183.0px</dimen>
<dimen name="y49">186.8px</dimen>
<dimen name="y50">190.6px</dimen>
<dimen name="y51">194.4px</dimen>
<dimen name="y52">198.2px</dimen>
<dimen name="y53">202.0px</dimen>
<dimen name="y54">205.8px</dimen>
<dimen name="y55">209.6px</dimen>
<dimen name="y56">213.5px</dimen>
<dimen name="y57">217.3px</dimen>
<dimen name="y58">221.1px</dimen>
<dimen name="y59">224.9px</dimen>
<dimen name="y60">228.7px</dimen>
<dimen name="y61">232.5px</dimen>
<dimen name="y62">236.3px</dimen>
<dimen name="y63">240.1px</dimen>
<dimen name="y64">244.0px</dimen>
<dimen name="y65">247.8px</dimen>
<dimen name="y66">251.6px</dimen>
<dimen name="y67">255.4px</dimen>
<dimen name="y68">259.2px</dimen>
<dimen name="y69">263.0px</dimen>
<dimen name="y70">266.8px</dimen>
<dimen name="y71">270.6px</dimen>
<dimen name="y72">274.5px</dimen>
<dimen name="y73">278.3px</dimen>
<dimen name="y74">282.1px</dimen>
<dimen name="y75">285.9px</dimen>
<dimen name="y76">289.7px</dimen>
<dimen name="y77">293.5px</dimen>
<dimen name="y78">297.3px</dimen>
<dimen name="y79">301.1px</dimen>
<dimen name="y80">305.0px</dimen>
<dimen name="y81">308.8px</dimen>
<dimen name="y82">312.6px</dimen>
<dimen name="y83">316.4px</dimen>
<dimen name="y84">320.2px</dimen>
<dimen name="y85">324.0px</dimen>
<dimen name="y86">327.8px</dimen>
<dimen name="y87">331.6px</dimen>
<dimen name="y88">335.5px</dimen>
<dimen name="y89">339.3px</dimen>
<dimen name="y90">343.1px</dimen>
<dimen name="y91">346.9px</dimen>
<dimen name="y92">350.7px</dimen>
<dimen name="y93">354.5px</dimen>
<dimen name="y94">358.3px</dimen>
<dimen name="y95">362.1px</dimen>
<dimen name="y96">366.0px</dimen>
<dimen name="y97">369.8px</dimen>
<dimen name="y98">373.6px</dimen>
<dimen name="y99">377.4px</dimen>
<dimen name="y100">381.2px</dimen>
<dimen name="y101">385.0px</dimen>
<dimen name="y102">388.8px</dimen>
<dimen name="y103">392.6px</dimen>
<dimen name="y104">396.5px</dimen>
<dimen name="y105">400.3px</dimen>
<dimen name="y106">404.1px</dimen>
<dimen name="y107">407.9px</dimen>
<dimen name="y108">411.7px</dimen>
<dimen name="y109">415.5px</dimen>
<dimen name="y110">419.3px</dimen>
<dimen name="y111">423.1px</dimen>
<dimen name="y112">427.0px</dimen>
<dimen name="y113">430.8px</dimen>
<dimen name="y114">434.6px</dimen>
<dimen name="y115">438.4px</dimen>
<dimen name="y116">442.2px</dimen>
<dimen name="y117">446.0px</dimen>
<dimen name="y118">449.8px</dimen>
<dimen name="y119">453.6px</dimen>
<dimen name="y120">457.5px</dimen>
<dimen name="y121">461.3px</dimen>
<dimen name="y122">465.1px</dimen>
<dimen name="y123">468.9px</dimen>
<dimen name="y124">472.7px</dimen>
<dimen name="y125">476.5px</dimen>
<dimen name="y126">480.3px</dimen>
<dimen name="y127">484.1px</dimen>
<dimen name="y128">488.0px</dimen>
<dimen name="y129">491.8px</dimen>
<dimen name="y130">495.6px</dimen>
<dimen name="y131">499.4px</dimen>
<dimen name="y132">503.2px</dimen>
<dimen name="y133">507.0px</dimen>
<dimen name="y134">510.8px</dimen>
<dimen name="y135">514.6px</dimen>
<dimen name="y136">518.5px</dimen>
<dimen name="y137">522.3px</dimen>
<dimen name="y138">526.1px</dimen>
<dimen name="y139">529.9px</dimen>
<dimen name="y140">533.7px</dimen>
<dimen name="y141">537.5px</dimen>
<dimen name="y142">541.3px</dimen>
<dimen name="y143">545.1px</dimen>
<dimen name="y144">549.0px</dimen>
<dimen name="y145">552.8px</dimen>
<dimen name="y146">556.6px</dimen>
<dimen name="y147">560.4px</dimen>
<dimen name="y148">564.2px</dimen>
<dimen name="y149">568.0px</dimen>
<dimen name="y150">571.8px</dimen>
<dimen name="y151">575.6px</dimen>
<dimen name="y152">579.5px</dimen>
<dimen name="y153">583.3px</dimen>
<dimen name="y154">587.1px</dimen>
<dimen name="y155">590.9px</dimen>
<dimen name="y156">594.7px</dimen>
<dimen name="y157">598.5px</dimen>
<dimen name="y158">602.3px</dimen>
<dimen name="y159">606.1px</dimen>
<dimen name="y160">610.0px</dimen>
<dimen name="y161">613.8px</dimen>
<dimen name="y162">617.6px</dimen>
<dimen name="y163">621.4px</dimen>
<dimen name="y164">625.2px</dimen>
<dimen name="y165">629.0px</dimen>
<dimen name="y166">632.8px</dimen>
<dimen name="y167">636.6px</dimen>
<dimen name="y168">640.5px</dimen>
<dimen name="y169">644.3px</dimen>
<dimen name="y170">648.1px</dimen>
<dimen name="y171">651.9px</dimen>
<dimen name="y172">655.7px</dimen>
<dimen name="y173">659.5px</dimen>
<dimen name="y174">663.3px</dimen>
<dimen name="y175">667.1px</dimen>
<dimen name="y176">671.0px</dimen>
<dimen name="y177">674.8px</dimen>
<dimen name="y178">678.6px</dimen>
<dimen name="y179">682.4px</dimen>
<dimen name="y180">686.2px</dimen>
<dimen name="y181">690.0px</dimen>
<dimen name="y182">693.8px</dimen>
<dimen name="y183">697.6px</dimen>
<dimen name="y184">701.5px</dimen>
<dimen name="y185">705.3px</dimen>
<dimen name="y186">709.1px</dimen>
<dimen name="y187">712.9px</dimen>
<dimen name="y188">716.7px</dimen>
<dimen name="y189">720.5px</dimen>
<dimen name="y190">724.3px</dimen>
<dimen name="y191">728.1px</dimen>
<dimen name="y192">732.0px</dimen>
<dimen name="y193">735.8px</dimen>
<dimen name="y194">739.6px</dimen>
<dimen name="y195">743.4px</dimen>
<dimen name="y196">747.2px</dimen>
<dimen name="y197">751.0px</dimen>
<dimen name="y198">754.8px</dimen>
<dimen name="y199">758.6px</dimen>
<dimen name="y200">762.5px</dimen>
<dimen name="y201">766.3px</dimen>
<dimen name="y202">770.1px</dimen>
<dimen name="y203">773.9px</dimen>
<dimen name="y204">777.7px</dimen>
<dimen name="y205">781.5px</dimen>
<dimen name="y206">785.3px</dimen>
<dimen name="y207">789.1px</dimen>
<dimen name="y208">793.0px</dimen>
<dimen name="y209">796.8px</dimen>
<dimen name="y210">800.6px</dimen>
<dimen name="y211">804.4px</dimen>
<dimen name="y212">808.2px</dimen>
<dimen name="y213">812.0px</dimen>
<dimen name="y214">815.8px</dimen>
<dimen name="y215">819.6px</dimen>
<dimen name="y216">823.5px</dimen>
<dimen name="y217">827.3px</dimen>
<dimen name="y218">831.1px</dimen>
<dimen name="y219">834.9px</dimen>
<dimen name="y220">838.7px</dimen>
<dimen name="y221">842.5px</dimen>
<dimen name="y222">846.3px</dimen>
<dimen name="y223">850.1px</dimen>
<dimen name="y224">854.0px</dimen>
<dimen name="y225">857.8px</dimen>
<dimen name="y226">861.6px</dimen>
<dimen name="y227">865.4px</dimen>
<dimen name="y228">869.2px</dimen>
<dimen name="y229">873.0px</dimen>
<dimen name="y230">876.8px</dimen>
<dimen name="y231">880.6px</dimen>
<dimen name="y232">884.5px</dimen>
<dimen name="y233">888.3px</dimen>
<dimen name="y234">892.1px</dimen>
<dimen name="y235">895.9px</dimen>
<dimen name="y236">899.7px</dimen>
<dimen name="y237">903.5px</dimen>
<dimen name="y238">907.3px</dimen>
<dimen name="y239">911.1px</dimen>
<dimen name="y240">915.0px</dimen>
<dimen name="y241">918.8px</dimen>
<dimen name="y242">922.6px</dimen>
<dimen name="y243">926.4px</dimen>
<dimen name="y244">930.2px</dimen>
<dimen name="y245">934.0px</dimen>
<dimen name="y246">937.8px</dimen>
<dimen name="y247">941.6px</dimen>
<dimen name="y248">945.5px</dimen>
<dimen name="y249">949.3px</dimen>
<dimen name="y250">953.1px</dimen>
<dimen name="y251">956.9px</dimen>
<dimen name="y252">960.7px</dimen>
<dimen name="y253">964.5px</dimen>
<dimen name="y254">968.3px</dimen>
<dimen name="y255">972.1px</dimen>
<dimen name="y256">976.0px</dimen>
<dimen name="y257">979.8px</dimen>
<dimen name="y258">983.6px</dimen>
<dimen name="y259">987.4px</dimen>
<dimen name="y260">991.2px</dimen>
<dimen name="y261">995.0px</dimen>
<dimen name="y262">998.8px</dimen>
<dimen name="y263">1002.6px</dimen>
<dimen name="y264">1006.5px</dimen>
<dimen name="y265">1010.3px</dimen>
<dimen name="y266">1014.1px</dimen>
<dimen name="y267">1017.9px</dimen>
<dimen name="y268">1021.7px</dimen>
<dimen name="y269">1025.5px</dimen>
<dimen name="y270">1029.3px</dimen>
<dimen name="y271">1033.1px</dimen>
<dimen name="y272">1037.0px</dimen>
<dimen name="y273">1040.8px</dimen>
<dimen name="y274">1044.6px</dimen>
<dimen name="y275">1048.4px</dimen>
<dimen name="y276">1052.2px</dimen>
<dimen name="y277">1056.0px</dimen>
<dimen name="y278">1059.8px</dimen>
<dimen name="y279">1063.6px</dimen>
<dimen name="y280">1067.5px</dimen>
<dimen name="y281">1071.3px</dimen>
<dimen name="y282">1075.1px</dimen>
<dimen name="y283">1078.9px</dimen>
<dimen name="y284">1082.7px</dimen>
<dimen name="y285">1086.5px</dimen>
<dimen name="y286">1090.3px</dimen>
<dimen name="y287">1094.1px</dimen>
<dimen name="y288">1098.0px</dimen>
<dimen name="y289">1101.8px</dimen>
<dimen name="y290">1105.6px</dimen>
<dimen name="y291">1109.4px</dimen>
<dimen name="y292">1113.2px</dimen>
<dimen name="y293">1117.0px</dimen>
<dimen name="y294">1120.8px</dimen>
<dimen name="y295">1124.6px</dimen>
<dimen name="y296">1128.5px</dimen>
<dimen name="y297">1132.3px</dimen>
<dimen name="y298">1136.1px</dimen>
<dimen name="y299">1139.9px</dimen>
<dimen name="y300">1143.7px</dimen>
<dimen name="y301">1147.5px</dimen>
<dimen name="y302">1151.3px</dimen>
<dimen name="y303">1155.1px</dimen>
<dimen name="y304">1159.0px</dimen>
<dimen name="y305">1162.8px</dimen>
<dimen name="y306">1166.6px</dimen>
<dimen name="y307">1170.4px</dimen>
<dimen name="y308">1174.2px</dimen>
<dimen name="y309">1178.0px</dimen>
<dimen name="y310">1181.8px</dimen>
<dimen name="y311">1185.6px</dimen>
<dimen name="y312">1189.5px</dimen>
<dimen name="y313">1193.3px</dimen>
<dimen name="y314">1197.1px</dimen>
<dimen name="y315">1200.9px</dimen>
<dimen name="y316">1204.7px</dimen>
<dimen name="y317">1208.5px</dimen>
<dimen name="y318">1212.3px</dimen>
<dimen name="y319">1216.1px</dimen>
<dimen name="y320">1220.0px</dimen>
<dimen name="y321">1223.8px</dimen>
<dimen name="y322">1227.6px</dimen>
<dimen name="y323">1231.4px</dimen>
<dimen name="y324">1235.2px</dimen>
<dimen name="y325">1239.0px</dimen>
<dimen name="y326">1242.8px</dimen>
<dimen name="y327">1246.6px</dimen>
<dimen name="y328">1250.5px</dimen>
<dimen name="y329">1254.3px</dimen>
<dimen name="y330">1258.1px</dimen>
<dimen name="y331">1261.9px</dimen>
<dimen name="y332">1265.7px</dimen>
<dimen name="y333">1269.5px</dimen>
<dimen name="y334">1273.3px</dimen>
<dimen name="y335">1277.1px</dimen>
<dimen name="y336">1281.0px</dimen>
<dimen name="y337">1284.8px</dimen>
<dimen name="y338">1288.6px</dimen>
<dimen name="y339">1292.4px</dimen>
<dimen name="y340">1296.2px</dimen>
<dimen name="y341">1300.0px</dimen>
<dimen name="y342">1303.8px</dimen>
<dimen name="y343">1307.6px</dimen>
<dimen name="y344">1311.5px</dimen>
<dimen name="y345">1315.3px</dimen>
<dimen name="y346">1319.1px</dimen>
<dimen name="y347">1322.9px</dimen>
<dimen name="y348">1326.7px</dimen>
<dimen name="y349">1330.5px</dimen>
<dimen name="y350">1334.3px</dimen>
<dimen name="y351">1338.1px</dimen>
<dimen name="y352">1342.0px</dimen>
<dimen name="y353">1345.8px</dimen>
<dimen name="y354">1349.6px</dimen>
<dimen name="y355">1353.4px</dimen>
<dimen name="y356">1357.2px</dimen>
<dimen name="y357">1361.0px</dimen>
<dimen name="y358">1364.8px</dimen>
<dimen name="y359">1368.6px</dimen>
<dimen name="y360">1372.5px</dimen>
<dimen name="y361">1376.3px</dimen>
<dimen name="y362">1380.1px</dimen>
<dimen name="y363">1383.9px</dimen>
<dimen name="y364">1387.7px</dimen>
<dimen name="y365">1391.5px</dimen>
<dimen name="y366">1395.3px</dimen>
<dimen name="y367">1399.1px</dimen>
<dimen name="y368">1403.0px</dimen>
<dimen name="y369">1406.8px</dimen>
<dimen name="y370">1410.6px</dimen>
<dimen name="y371">1414.4px</dimen>
<dimen name="y372">1418.2px</dimen>
<dimen name="y373">1422.0px</dimen>
<dimen name="y374">1425.8px</dimen>
<dimen name="y375">1429.6px</dimen>
<dimen name="y376">1433.5px</dimen>
<dimen name="y377">1437.3px</dimen>
<dimen name="y378">1441.1px</dimen>
<dimen name="y379">1444.9px</dimen>
<dimen name="y380">1448.7px</dimen>
<dimen name="y381">1452.5px</dimen>
<dimen name="y382">1456.3px</dimen>
<dimen name="y383">1460.1px</dimen>
<dimen name="y384">1464.0px</dimen>
<dimen name="y385">1467.8px</dimen>
<dimen name="y386">1471.6px</dimen>
<dimen name="y387">1475.4px</dimen>
<dimen name="y388">1479.2px</dimen>
<dimen name="y389">1483.0px</dimen>
<dimen name="y390">1486.8px</dimen>
<dimen name="y391">1490.6px</dimen>
<dimen name="y392">1494.5px</dimen>
<dimen name="y393">1498.3px</dimen>
<dimen name="y394">1502.1px</dimen>
<dimen name="y395">1505.9px</dimen>
<dimen name="y396">1509.7px</dimen>
<dimen name="y397">1513.5px</dimen>
<dimen name="y398">1517.3px</dimen>
<dimen name="y399">1521.1px</dimen>
<dimen name="y400">1525.0px</dimen>
<dimen name="y401">1528.8px</dimen>
<dimen name="y402">1532.6px</dimen>
<dimen name="y403">1536.4px</dimen>
<dimen name="y404">1540.2px</dimen>
<dimen name="y405">1544.0px</dimen>
<dimen name="y406">1547.8px</dimen>
<dimen name="y407">1551.6px</dimen>
<dimen name="y408">1555.5px</dimen>
<dimen name="y409">1559.3px</dimen>
<dimen name="y410">1563.1px</dimen>
<dimen name="y411">1566.9px</dimen>
<dimen name="y412">1570.7px</dimen>
<dimen name="y413">1574.5px</dimen>
<dimen name="y414">1578.3px</dimen>
<dimen name="y415">1582.1px</dimen>
<dimen name="y416">1586.0px</dimen>
<dimen name="y417">1589.8px</dimen>
<dimen name="y418">1593.6px</dimen>
<dimen name="y419">1597.4px</dimen>
<dimen name="y420">1601.2px</dimen>
<dimen name="y421">1605.0px</dimen>
<dimen name="y422">1608.8px</dimen>
<dimen name="y423">1612.6px</dimen>
<dimen name="y424">1616.5px</dimen>
<dimen name="y425">1620.3px</dimen>
<dimen name="y426">1624.1px</dimen>
<dimen name="y427">1627.9px</dimen>
<dimen name="y428">1631.7px</dimen>
<dimen name="y429">1635.5px</dimen>
<dimen name="y430">1639.3px</dimen>
<dimen name="y431">1643.1px</dimen>
<dimen name="y432">1647.0px</dimen>
<dimen name="y433">1650.8px</dimen>
<dimen name="y434">1654.6px</dimen>
<dimen name="y435">1658.4px</dimen>
<dimen name="y436">1662.2px</dimen>
<dimen name="y437">1666.0px</dimen>
<dimen name="y438">1669.8px</dimen>
<dimen name="y439">1673.6px</dimen>
<dimen name="y440">1677.5px</dimen>
<dimen name="y441">1681.3px</dimen>
<dimen name="y442">1685.1px</dimen>
<dimen name="y443">1688.9px</dimen>
<dimen name="y444">1692.7px</dimen>
<dimen name="y445">1696.5px</dimen>
<dimen name="y446">1700.3px</dimen>
<dimen name="y447">1704.1px</dimen>
<dimen name="y448">1708.0px</dimen>
<dimen name="y449">1711.8px</dimen>
<dimen name="y450">1715.6px</dimen>
<dimen name="y451">1719.4px</dimen>
<dimen name="y452">1723.2px</dimen>
<dimen name="y453">1727.0px</dimen>
<dimen name="y454">1730.8px</dimen>
<dimen name="y455">1734.6px</dimen>
<dimen name="y456">1738.5px</dimen>
<dimen name="y457">1742.3px</dimen>
<dimen name="y458">1746.1px</dimen>
<dimen name="y459">1749.9px</dimen>
<dimen name="y460">1753.7px</dimen>
<dimen name="y461">1757.5px</dimen>
<dimen name="y462">1761.3px</dimen>
<dimen name="y463">1765.1px</dimen>
<dimen name="y464">1769.0px</dimen>
<dimen name="y465">1772.8px</dimen>
<dimen name="y466">1776.6px</dimen>
<dimen name="y467">1780.4px</dimen>
<dimen name="y468">1784.2px</dimen>
<dimen name="y469">1788.0px</dimen>
<dimen name="y470">1791.8px</dimen>
<dimen name="y471">1795.6px</dimen>
<dimen name="y472">1799.5px</dimen>
<dimen name="y473">1803.3px</dimen>
<dimen name="y474">1807.1px</dimen>
<dimen name="y475">1810.9px</dimen>
<dimen name="y476">1814.7px</dimen>
<dimen name="y477">1818.5px</dimen>
<dimen name="y478">1822.3px</dimen>
<dimen name="y479">1826.1px</dimen>
<dimen name="y480">1830.0px</dimen>
</resources>