<resources>
<dimen name="x1">3.5px</dimen>
<dimen name="x2">7.0px</dimen>
<dimen name="x3">10.5px</dimen>
<dimen name="x4">14.1px</dimen>
<dimen name="x5">17.6px</dimen>
<dimen name="x6">21.1px</dimen>
<dimen name="x7">24.6px</dimen>
<dimen name="x8">28.2px</dimen>
<dimen name="x9">31.7px</dimen>
<dimen name="x10">35.2px</dimen>
<dimen name="x11">38.7px</dimen>
<dimen name="x12">42.3px</dimen>
<dimen name="x13">45.8px</dimen>
<dimen name="x14">49.3px</dimen>
<dimen name="x15">52.8px</dimen>
<dimen name="x16">56.4px</dimen>
<dimen name="x17">59.9px</dimen>
<dimen name="x18">63.4px</dimen>
<dimen name="x19">66.9px</dimen>
<dimen name="x20">70.5px</dimen>
<dimen name="x21">74.0px</dimen>
<dimen name="x22">77.5px</dimen>
<dimen name="x23">81.0px</dimen>
<dimen name="x24">84.6px</dimen>
<dimen name="x25">88.1px</dimen>
<dimen name="x26">91.6px</dimen>
<dimen name="x27">95.1px</dimen>
<dimen name="x28">98.7px</dimen>
<dimen name="x29">102.2px</dimen>
<dimen name="x30">105.7px</dimen>
<dimen name="x31">109.2px</dimen>
<dimen name="x32">112.8px</dimen>
<dimen name="x33">116.3px</dimen>
<dimen name="x34">119.8px</dimen>
<dimen name="x35">123.3px</dimen>
<dimen name="x36">126.9px</dimen>
<dimen name="x37">130.4px</dimen>
<dimen name="x38">133.9px</dimen>
<dimen name="x39">137.4px</dimen>
<dimen name="x40">141.0px</dimen>
<dimen name="x41">144.5px</dimen>
<dimen name="x42">148.0px</dimen>
<dimen name="x43">151.5px</dimen>
<dimen name="x44">155.1px</dimen>
<dimen name="x45">158.6px</dimen>
<dimen name="x46">162.1px</dimen>
<dimen name="x47">165.6px</dimen>
<dimen name="x48">169.2px</dimen>
<dimen name="x49">172.7px</dimen>
<dimen name="x50">176.2px</dimen>
<dimen name="x51">179.7px</dimen>
<dimen name="x52">183.3px</dimen>
<dimen name="x53">186.8px</dimen>
<dimen name="x54">190.3px</dimen>
<dimen name="x55">193.8px</dimen>
<dimen name="x56">197.4px</dimen>
<dimen name="x57">200.9px</dimen>
<dimen name="x58">204.4px</dimen>
<dimen name="x59">207.9px</dimen>
<dimen name="x60">211.5px</dimen>
<dimen name="x61">215.0px</dimen>
<dimen name="x62">218.5px</dimen>
<dimen name="x63">222.0px</dimen>
<dimen name="x64">225.6px</dimen>
<dimen name="x65">229.1px</dimen>
<dimen name="x66">232.6px</dimen>
<dimen name="x67">236.1px</dimen>
<dimen name="x68">239.7px</dimen>
<dimen name="x69">243.2px</dimen>
<dimen name="x70">246.7px</dimen>
<dimen name="x71">250.2px</dimen>
<dimen name="x72">253.8px</dimen>
<dimen name="x73">257.3px</dimen>
<dimen name="x74">260.8px</dimen>
<dimen name="x75">264.3px</dimen>
<dimen name="x76">267.9px</dimen>
<dimen name="x77">271.4px</dimen>
<dimen name="x78">274.9px</dimen>
<dimen name="x79">278.4px</dimen>
<dimen name="x80">282.0px</dimen>
<dimen name="x81">285.5px</dimen>
<dimen name="x82">289.0px</dimen>
<dimen name="x83">292.5px</dimen>
<dimen name="x84">296.1px</dimen>
<dimen name="x85">299.6px</dimen>
<dimen name="x86">303.1px</dimen>
<dimen name="x87">306.6px</dimen>
<dimen name="x88">310.2px</dimen>
<dimen name="x89">313.7px</dimen>
<dimen name="x90">317.2px</dimen>
<dimen name="x91">320.7px</dimen>
<dimen name="x92">324.3px</dimen>
<dimen name="x93">327.8px</dimen>
<dimen name="x94">331.3px</dimen>
<dimen name="x95">334.8px</dimen>
<dimen name="x96">338.4px</dimen>
<dimen name="x97">341.9px</dimen>
<dimen name="x98">345.4px</dimen>
<dimen name="x99">348.9px</dimen>
<dimen name="x100">352.5px</dimen>
<dimen name="x101">356.0px</dimen>
<dimen name="x102">359.5px</dimen>
<dimen name="x103">363.0px</dimen>
<dimen name="x104">366.6px</dimen>
<dimen name="x105">370.1px</dimen>
<dimen name="x106">373.6px</dimen>
<dimen name="x107">377.1px</dimen>
<dimen name="x108">380.7px</dimen>
<dimen name="x109">384.2px</dimen>
<dimen name="x110">387.7px</dimen>
<dimen name="x111">391.2px</dimen>
<dimen name="x112">394.8px</dimen>
<dimen name="x113">398.3px</dimen>
<dimen name="x114">401.8px</dimen>
<dimen name="x115">405.3px</dimen>
<dimen name="x116">408.9px</dimen>
<dimen name="x117">412.4px</dimen>
<dimen name="x118">415.9px</dimen>
<dimen name="x119">419.4px</dimen>
<dimen name="x120">423.0px</dimen>
<dimen name="x121">426.5px</dimen>
<dimen name="x122">430.0px</dimen>
<dimen name="x123">433.5px</dimen>
<dimen name="x124">437.1px</dimen>
<dimen name="x125">440.6px</dimen>
<dimen name="x126">444.1px</dimen>
<dimen name="x127">447.6px</dimen>
<dimen name="x128">451.2px</dimen>
<dimen name="x129">454.7px</dimen>
<dimen name="x130">458.2px</dimen>
<dimen name="x131">461.7px</dimen>
<dimen name="x132">465.3px</dimen>
<dimen name="x133">468.8px</dimen>
<dimen name="x134">472.3px</dimen>
<dimen name="x135">475.8px</dimen>
<dimen name="x136">479.4px</dimen>
<dimen name="x137">482.9px</dimen>
<dimen name="x138">486.4px</dimen>
<dimen name="x139">489.9px</dimen>
<dimen name="x140">493.5px</dimen>
<dimen name="x141">497.0px</dimen>
<dimen name="x142">500.5px</dimen>
<dimen name="x143">504.0px</dimen>
<dimen name="x144">507.6px</dimen>
<dimen name="x145">511.1px</dimen>
<dimen name="x146">514.6px</dimen>
<dimen name="x147">518.1px</dimen>
<dimen name="x148">521.7px</dimen>
<dimen name="x149">525.2px</dimen>
<dimen name="x150">528.7px</dimen>
<dimen name="x151">532.2px</dimen>
<dimen name="x152">535.8px</dimen>
<dimen name="x153">539.3px</dimen>
<dimen name="x154">542.8px</dimen>
<dimen name="x155">546.3px</dimen>
<dimen name="x156">549.9px</dimen>
<dimen name="x157">553.4px</dimen>
<dimen name="x158">556.9px</dimen>
<dimen name="x159">560.4px</dimen>
<dimen name="x160">564.0px</dimen>
<dimen name="x161">567.5px</dimen>
<dimen name="x162">571.0px</dimen>
<dimen name="x163">574.5px</dimen>
<dimen name="x164">578.1px</dimen>
<dimen name="x165">581.6px</dimen>
<dimen name="x166">585.1px</dimen>
<dimen name="x167">588.6px</dimen>
<dimen name="x168">592.2px</dimen>
<dimen name="x169">595.7px</dimen>
<dimen name="x170">599.2px</dimen>
<dimen name="x171">602.7px</dimen>
<dimen name="x172">606.3px</dimen>
<dimen name="x173">609.8px</dimen>
<dimen name="x174">613.3px</dimen>
<dimen name="x175">616.8px</dimen>
<dimen name="x176">620.4px</dimen>
<dimen name="x177">623.9px</dimen>
<dimen name="x178">627.4px</dimen>
<dimen name="x179">630.9px</dimen>
<dimen name="x180">634.5px</dimen>
<dimen name="x181">638.0px</dimen>
<dimen name="x182">641.5px</dimen>
<dimen name="x183">645.0px</dimen>
<dimen name="x184">648.6px</dimen>
<dimen name="x185">652.1px</dimen>
<dimen name="x186">655.6px</dimen>
<dimen name="x187">659.1px</dimen>
<dimen name="x188">662.7px</dimen>
<dimen name="x189">666.2px</dimen>
<dimen name="x190">669.7px</dimen>
<dimen name="x191">673.2px</dimen>
<dimen name="x192">676.8px</dimen>
<dimen name="x193">680.3px</dimen>
<dimen name="x194">683.8px</dimen>
<dimen name="x195">687.3px</dimen>
<dimen name="x196">690.9px</dimen>
<dimen name="x197">694.4px</dimen>
<dimen name="x198">697.9px</dimen>
<dimen name="x199">701.4px</dimen>
<dimen name="x200">705.0px</dimen>
<dimen name="x201">708.5px</dimen>
<dimen name="x202">712.0px</dimen>
<dimen name="x203">715.5px</dimen>
<dimen name="x204">719.1px</dimen>
<dimen name="x205">722.6px</dimen>
<dimen name="x206">726.1px</dimen>
<dimen name="x207">729.6px</dimen>
<dimen name="x208">733.2px</dimen>
<dimen name="x209">736.7px</dimen>
<dimen name="x210">740.2px</dimen>
<dimen name="x211">743.7px</dimen>
<dimen name="x212">747.3px</dimen>
<dimen name="x213">750.8px</dimen>
<dimen name="x214">754.3px</dimen>
<dimen name="x215">757.8px</dimen>
<dimen name="x216">761.4px</dimen>
<dimen name="x217">764.9px</dimen>
<dimen name="x218">768.4px</dimen>
<dimen name="x219">771.9px</dimen>
<dimen name="x220">775.5px</dimen>
<dimen name="x221">779.0px</dimen>
<dimen name="x222">782.5px</dimen>
<dimen name="x223">786.0px</dimen>
<dimen name="x224">789.6px</dimen>
<dimen name="x225">793.1px</dimen>
<dimen name="x226">796.6px</dimen>
<dimen name="x227">800.1px</dimen>
<dimen name="x228">803.7px</dimen>
<dimen name="x229">807.2px</dimen>
<dimen name="x230">810.7px</dimen>
<dimen name="x231">814.2px</dimen>
<dimen name="x232">817.8px</dimen>
<dimen name="x233">821.3px</dimen>
<dimen name="x234">824.8px</dimen>
<dimen name="x235">828.3px</dimen>
<dimen name="x236">831.9px</dimen>
<dimen name="x237">835.4px</dimen>
<dimen name="x238">838.9px</dimen>
<dimen name="x239">842.4px</dimen>
<dimen name="x240">846.0px</dimen>
<dimen name="x241">849.5px</dimen>
<dimen name="x242">853.0px</dimen>
<dimen name="x243">856.5px</dimen>
<dimen name="x244">860.1px</dimen>
<dimen name="x245">863.6px</dimen>
<dimen name="x246">867.1px</dimen>
<dimen name="x247">870.6px</dimen>
<dimen name="x248">874.2px</dimen>
<dimen name="x249">877.7px</dimen>
<dimen name="x250">881.2px</dimen>
<dimen name="x251">884.7px</dimen>
<dimen name="x252">888.3px</dimen>
<dimen name="x253">891.8px</dimen>
<dimen name="x254">895.3px</dimen>
<dimen name="x255">898.8px</dimen>
<dimen name="x256">902.4px</dimen>
<dimen name="x257">905.9px</dimen>
<dimen name="x258">909.4px</dimen>
<dimen name="x259">912.9px</dimen>
<dimen name="x260">916.5px</dimen>
<dimen name="x261">920.0px</dimen>
<dimen name="x262">923.5px</dimen>
<dimen name="x263">927.0px</dimen>
<dimen name="x264">930.6px</dimen>
<dimen name="x265">934.1px</dimen>
<dimen name="x266">937.6px</dimen>
<dimen name="x267">941.1px</dimen>
<dimen name="x268">944.7px</dimen>
<dimen name="x269">948.2px</dimen>
<dimen name="x270">951.7px</dimen>
<dimen name="x271">955.2px</dimen>
<dimen name="x272">958.8px</dimen>
<dimen name="x273">962.3px</dimen>
<dimen name="x274">965.8px</dimen>
<dimen name="x275">969.3px</dimen>
<dimen name="x276">972.9px</dimen>
<dimen name="x277">976.4px</dimen>
<dimen name="x278">979.9px</dimen>
<dimen name="x279">983.4px</dimen>
<dimen name="x280">987.0px</dimen>
<dimen name="x281">990.5px</dimen>
<dimen name="x282">994.0px</dimen>
<dimen name="x283">997.5px</dimen>
<dimen name="x284">1001.1px</dimen>
<dimen name="x285">1004.6px</dimen>
<dimen name="x286">1008.1px</dimen>
<dimen name="x287">1011.6px</dimen>
<dimen name="x288">1015.2px</dimen>
<dimen name="x289">1018.7px</dimen>
<dimen name="x290">1022.2px</dimen>
<dimen name="x291">1025.7px</dimen>
<dimen name="x292">1029.3px</dimen>
<dimen name="x293">1032.8px</dimen>
<dimen name="x294">1036.3px</dimen>
<dimen name="x295">1039.8px</dimen>
<dimen name="x296">1043.4px</dimen>
<dimen name="x297">1046.9px</dimen>
<dimen name="x298">1050.4px</dimen>
<dimen name="x299">1053.9px</dimen>
<dimen name="x300">1057.5px</dimen>
<dimen name="x301">1061.0px</dimen>
<dimen name="x302">1064.5px</dimen>
<dimen name="x303">1068.0px</dimen>
<dimen name="x304">1071.6px</dimen>
<dimen name="x305">1075.1px</dimen>
<dimen name="x306">1078.6px</dimen>
<dimen name="x307">1082.1px</dimen>
<dimen name="x308">1085.7px</dimen>
<dimen name="x309">1089.2px</dimen>
<dimen name="x310">1092.7px</dimen>
<dimen name="x311">1096.2px</dimen>
<dimen name="x312">1099.8px</dimen>
<dimen name="x313">1103.3px</dimen>
<dimen name="x314">1106.8px</dimen>
<dimen name="x315">1110.3px</dimen>
<dimen name="x316">1113.9px</dimen>
<dimen name="x317">1117.4px</dimen>
<dimen name="x318">1120.9px</dimen>
<dimen name="x319">1124.4px</dimen>
<dimen name="x320">1128.0px</dimen>
</resources>