<resources>
<dimen name="x1">2.3px</dimen>
<dimen name="x2">4.6px</dimen>
<dimen name="x3">6.9px</dimen>
<dimen name="x4">9.2px</dimen>
<dimen name="x5">11.5px</dimen>
<dimen name="x6">13.8px</dimen>
<dimen name="x7">16.1px</dimen>
<dimen name="x8">18.4px</dimen>
<dimen name="x9">20.6px</dimen>
<dimen name="x10">23.0px</dimen>
<dimen name="x11">25.3px</dimen>
<dimen name="x12">27.6px</dimen>
<dimen name="x13">29.9px</dimen>
<dimen name="x14">32.2px</dimen>
<dimen name="x15">34.5px</dimen>
<dimen name="x16">36.8px</dimen>
<dimen name="x17">39.1px</dimen>
<dimen name="x18">41.3px</dimen>
<dimen name="x19">43.7px</dimen>
<dimen name="x20">46.0px</dimen>
<dimen name="x21">48.3px</dimen>
<dimen name="x22">50.6px</dimen>
<dimen name="x23">52.9px</dimen>
<dimen name="x24">55.2px</dimen>
<dimen name="x25">57.5px</dimen>
<dimen name="x26">59.8px</dimen>
<dimen name="x27">62.1px</dimen>
<dimen name="x28">64.4px</dimen>
<dimen name="x29">66.7px</dimen>
<dimen name="x30">69.0px</dimen>
<dimen name="x31">71.2px</dimen>
<dimen name="x32">73.6px</dimen>
<dimen name="x33">75.9px</dimen>
<dimen name="x34">78.2px</dimen>
<dimen name="x35">80.5px</dimen>
<dimen name="x36">82.7px</dimen>
<dimen name="x37">85.1px</dimen>
<dimen name="x38">87.4px</dimen>
<dimen name="x39">89.7px</dimen>
<dimen name="x40">92.0px</dimen>
<dimen name="x41">94.2px</dimen>
<dimen name="x42">96.6px</dimen>
<dimen name="x43">98.9px</dimen>
<dimen name="x44">101.2px</dimen>
<dimen name="x45">103.5px</dimen>
<dimen name="x46">105.8px</dimen>
<dimen name="x47">108.1px</dimen>
<dimen name="x48">110.4px</dimen>
<dimen name="x49">112.7px</dimen>
<dimen name="x50">115.0px</dimen>
<dimen name="x51">117.3px</dimen>
<dimen name="x52">119.6px</dimen>
<dimen name="x53">121.9px</dimen>
<dimen name="x54">124.2px</dimen>
<dimen name="x55">126.5px</dimen>
<dimen name="x56">128.8px</dimen>
<dimen name="x57">131.0px</dimen>
<dimen name="x58">133.4px</dimen>
<dimen name="x59">135.7px</dimen>
<dimen name="x60">138.0px</dimen>
<dimen name="x61">140.3px</dimen>
<dimen name="x62">142.5px</dimen>
<dimen name="x63">144.9px</dimen>
<dimen name="x64">147.2px</dimen>
<dimen name="x65">149.5px</dimen>
<dimen name="x66">151.8px</dimen>
<dimen name="x67">154.0px</dimen>
<dimen name="x68">156.4px</dimen>
<dimen name="x69">158.7px</dimen>
<dimen name="x70">161.0px</dimen>
<dimen name="x71">163.3px</dimen>
<dimen name="x72">165.5px</dimen>
<dimen name="x73">167.9px</dimen>
<dimen name="x74">170.2px</dimen>
<dimen name="x75">172.5px</dimen>
<dimen name="x76">174.8px</dimen>
<dimen name="x77">177.0px</dimen>
<dimen name="x78">179.4px</dimen>
<dimen name="x79">181.7px</dimen>
<dimen name="x80">184.0px</dimen>
<dimen name="x81">186.3px</dimen>
<dimen name="x82">188.5px</dimen>
<dimen name="x83">190.9px</dimen>
<dimen name="x84">193.2px</dimen>
<dimen name="x85">195.5px</dimen>
<dimen name="x86">197.8px</dimen>
<dimen name="x87">200.0px</dimen>
<dimen name="x88">202.4px</dimen>
<dimen name="x89">204.7px</dimen>
<dimen name="x90">207.0px</dimen>
<dimen name="x91">209.3px</dimen>
<dimen name="x92">211.6px</dimen>
<dimen name="x93">213.9px</dimen>
<dimen name="x94">216.2px</dimen>
<dimen name="x95">218.5px</dimen>
<dimen name="x96">220.8px</dimen>
<dimen name="x97">223.1px</dimen>
<dimen name="x98">225.4px</dimen>
<dimen name="x99">227.7px</dimen>
<dimen name="x100">230.0px</dimen>
<dimen name="x101">232.3px</dimen>
<dimen name="x102">234.6px</dimen>
<dimen name="x103">236.9px</dimen>
<dimen name="x104">239.2px</dimen>
<dimen name="x105">241.5px</dimen>
<dimen name="x106">243.8px</dimen>
<dimen name="x107">246.1px</dimen>
<dimen name="x108">248.4px</dimen>
<dimen name="x109">250.7px</dimen>
<dimen name="x110">253.0px</dimen>
<dimen name="x111">255.3px</dimen>
<dimen name="x112">257.6px</dimen>
<dimen name="x113">259.9px</dimen>
<dimen name="x114">262.1px</dimen>
<dimen name="x115">264.5px</dimen>
<dimen name="x116">266.8px</dimen>
<dimen name="x117">269.1px</dimen>
<dimen name="x118">271.4px</dimen>
<dimen name="x119">273.6px</dimen>
<dimen name="x120">276.0px</dimen>
<dimen name="x121">278.3px</dimen>
<dimen name="x122">280.6px</dimen>
<dimen name="x123">282.9px</dimen>
<dimen name="x124">285.1px</dimen>
<dimen name="x125">287.5px</dimen>
<dimen name="x126">289.8px</dimen>
<dimen name="x127">292.1px</dimen>
<dimen name="x128">294.4px</dimen>
<dimen name="x129">296.6px</dimen>
<dimen name="x130">299.0px</dimen>
<dimen name="x131">301.3px</dimen>
<dimen name="x132">303.6px</dimen>
<dimen name="x133">305.9px</dimen>
<dimen name="x134">308.1px</dimen>
<dimen name="x135">310.5px</dimen>
<dimen name="x136">312.8px</dimen>
<dimen name="x137">315.1px</dimen>
<dimen name="x138">317.4px</dimen>
<dimen name="x139">319.6px</dimen>
<dimen name="x140">322.0px</dimen>
<dimen name="x141">324.3px</dimen>
<dimen name="x142">326.6px</dimen>
<dimen name="x143">328.9px</dimen>
<dimen name="x144">331.1px</dimen>
<dimen name="x145">333.5px</dimen>
<dimen name="x146">335.8px</dimen>
<dimen name="x147">338.1px</dimen>
<dimen name="x148">340.4px</dimen>
<dimen name="x149">342.6px</dimen>
<dimen name="x150">345.0px</dimen>
<dimen name="x151">347.3px</dimen>
<dimen name="x152">349.6px</dimen>
<dimen name="x153">351.9px</dimen>
<dimen name="x154">354.1px</dimen>
<dimen name="x155">356.5px</dimen>
<dimen name="x156">358.8px</dimen>
<dimen name="x157">361.1px</dimen>
<dimen name="x158">363.4px</dimen>
<dimen name="x159">365.6px</dimen>
<dimen name="x160">368.0px</dimen>
<dimen name="x161">370.3px</dimen>
<dimen name="x162">372.6px</dimen>
<dimen name="x163">374.9px</dimen>
<dimen name="x164">377.1px</dimen>
<dimen name="x165">379.5px</dimen>
<dimen name="x166">381.8px</dimen>
<dimen name="x167">384.1px</dimen>
<dimen name="x168">386.4px</dimen>
<dimen name="x169">388.6px</dimen>
<dimen name="x170">391.0px</dimen>
<dimen name="x171">393.3px</dimen>
<dimen name="x172">395.6px</dimen>
<dimen name="x173">397.9px</dimen>
<dimen name="x174">400.1px</dimen>
<dimen name="x175">402.5px</dimen>
<dimen name="x176">404.8px</dimen>
<dimen name="x177">407.1px</dimen>
<dimen name="x178">409.4px</dimen>
<dimen name="x179">411.7px</dimen>
<dimen name="x180">414.0px</dimen>
<dimen name="x181">416.3px</dimen>
<dimen name="x182">418.6px</dimen>
<dimen name="x183">420.9px</dimen>
<dimen name="x184">423.2px</dimen>
<dimen name="x185">425.5px</dimen>
<dimen name="x186">427.8px</dimen>
<dimen name="x187">430.1px</dimen>
<dimen name="x188">432.4px</dimen>
<dimen name="x189">434.7px</dimen>
<dimen name="x190">437.0px</dimen>
<dimen name="x191">439.3px</dimen>
<dimen name="x192">441.6px</dimen>
<dimen name="x193">443.9px</dimen>
<dimen name="x194">446.2px</dimen>
<dimen name="x195">448.5px</dimen>
<dimen name="x196">450.8px</dimen>
<dimen name="x197">453.1px</dimen>
<dimen name="x198">455.4px</dimen>
<dimen name="x199">457.7px</dimen>
<dimen name="x200">460.0px</dimen>
<dimen name="x201">462.3px</dimen>
<dimen name="x202">464.6px</dimen>
<dimen name="x203">466.9px</dimen>
<dimen name="x204">469.2px</dimen>
<dimen name="x205">471.5px</dimen>
<dimen name="x206">473.8px</dimen>
<dimen name="x207">476.1px</dimen>
<dimen name="x208">478.4px</dimen>
<dimen name="x209">480.7px</dimen>
<dimen name="x210">483.0px</dimen>
<dimen name="x211">485.3px</dimen>
<dimen name="x212">487.6px</dimen>
<dimen name="x213">489.9px</dimen>
<dimen name="x214">492.2px</dimen>
<dimen name="x215">494.5px</dimen>
<dimen name="x216">496.8px</dimen>
<dimen name="x217">499.1px</dimen>
<dimen name="x218">501.4px</dimen>
<dimen name="x219">503.7px</dimen>
<dimen name="x220">506.0px</dimen>
<dimen name="x221">508.3px</dimen>
<dimen name="x222">510.6px</dimen>
<dimen name="x223">512.8px</dimen>
<dimen name="x224">515.2px</dimen>
<dimen name="x225">517.5px</dimen>
<dimen name="x226">519.8px</dimen>
<dimen name="x227">522.1px</dimen>
<dimen name="x228">524.3px</dimen>
<dimen name="x229">526.7px</dimen>
<dimen name="x230">529.0px</dimen>
<dimen name="x231">531.3px</dimen>
<dimen name="x232">533.6px</dimen>
<dimen name="x233">535.8px</dimen>
<dimen name="x234">538.2px</dimen>
<dimen name="x235">540.5px</dimen>
<dimen name="x236">542.8px</dimen>
<dimen name="x237">545.1px</dimen>
<dimen name="x238">547.3px</dimen>
<dimen name="x239">549.7px</dimen>
<dimen name="x240">552.0px</dimen>
<dimen name="x241">554.3px</dimen>
<dimen name="x242">556.6px</dimen>
<dimen name="x243">558.8px</dimen>
<dimen name="x244">561.2px</dimen>
<dimen name="x245">563.5px</dimen>
<dimen name="x246">565.8px</dimen>
<dimen name="x247">568.1px</dimen>
<dimen name="x248">570.3px</dimen>
<dimen name="x249">572.7px</dimen>
<dimen name="x250">575.0px</dimen>
<dimen name="x251">577.3px</dimen>
<dimen name="x252">579.6px</dimen>
<dimen name="x253">581.8px</dimen>
<dimen name="x254">584.2px</dimen>
<dimen name="x255">586.5px</dimen>
<dimen name="x256">588.8px</dimen>
<dimen name="x257">591.1px</dimen>
<dimen name="x258">593.3px</dimen>
<dimen name="x259">595.7px</dimen>
<dimen name="x260">598.0px</dimen>
<dimen name="x261">600.3px</dimen>
<dimen name="x262">602.6px</dimen>
<dimen name="x263">604.8px</dimen>
<dimen name="x264">607.2px</dimen>
<dimen name="x265">609.5px</dimen>
<dimen name="x266">611.8px</dimen>
<dimen name="x267">614.1px</dimen>
<dimen name="x268">616.3px</dimen>
<dimen name="x269">618.7px</dimen>
<dimen name="x270">621.0px</dimen>
<dimen name="x271">623.3px</dimen>
<dimen name="x272">625.6px</dimen>
<dimen name="x273">627.8px</dimen>
<dimen name="x274">630.2px</dimen>
<dimen name="x275">632.5px</dimen>
<dimen name="x276">634.8px</dimen>
<dimen name="x277">637.1px</dimen>
<dimen name="x278">639.3px</dimen>
<dimen name="x279">641.7px</dimen>
<dimen name="x280">644.0px</dimen>
<dimen name="x281">646.3px</dimen>
<dimen name="x282">648.6px</dimen>
<dimen name="x283">650.8px</dimen>
<dimen name="x284">653.2px</dimen>
<dimen name="x285">655.5px</dimen>
<dimen name="x286">657.8px</dimen>
<dimen name="x287">660.1px</dimen>
<dimen name="x288">662.3px</dimen>
<dimen name="x289">664.7px</dimen>
<dimen name="x290">667.0px</dimen>
<dimen name="x291">669.3px</dimen>
<dimen name="x292">671.6px</dimen>
<dimen name="x293">673.8px</dimen>
<dimen name="x294">676.2px</dimen>
<dimen name="x295">678.5px</dimen>
<dimen name="x296">680.8px</dimen>
<dimen name="x297">683.1px</dimen>
<dimen name="x298">685.3px</dimen>
<dimen name="x299">687.7px</dimen>
<dimen name="x300">690.0px</dimen>
<dimen name="x301">692.3px</dimen>
<dimen name="x302">694.6px</dimen>
<dimen name="x303">696.8px</dimen>
<dimen name="x304">699.2px</dimen>
<dimen name="x305">701.5px</dimen>
<dimen name="x306">703.8px</dimen>
<dimen name="x307">706.1px</dimen>
<dimen name="x308">708.3px</dimen>
<dimen name="x309">710.7px</dimen>
<dimen name="x310">713.0px</dimen>
<dimen name="x311">715.3px</dimen>
<dimen name="x312">717.6px</dimen>
<dimen name="x313">719.8px</dimen>
<dimen name="x314">722.2px</dimen>
<dimen name="x315">724.5px</dimen>
<dimen name="x316">726.8px</dimen>
<dimen name="x317">729.1px</dimen>
<dimen name="x318">731.3px</dimen>
<dimen name="x319">733.7px</dimen>
<dimen name="x320">736.0px</dimen>
</resources>