<resources>
<dimen name="y1">2.4px</dimen>
<dimen name="y2">4.9px</dimen>
<dimen name="y3">7.4px</dimen>
<dimen name="y4">9.9px</dimen>
<dimen name="y5">12.4px</dimen>
<dimen name="y6">14.9px</dimen>
<dimen name="y7">17.4px</dimen>
<dimen name="y8">19.9px</dimen>
<dimen name="y9">22.4px</dimen>
<dimen name="y10">24.9px</dimen>
<dimen name="y11">27.4px</dimen>
<dimen name="y12">29.8px</dimen>
<dimen name="y13">32.3px</dimen>
<dimen name="y14">34.8px</dimen>
<dimen name="y15">37.3px</dimen>
<dimen name="y16">39.8px</dimen>
<dimen name="y17">42.3px</dimen>
<dimen name="y18">44.8px</dimen>
<dimen name="y19">47.3px</dimen>
<dimen name="y20">49.8px</dimen>
<dimen name="y21">52.3px</dimen>
<dimen name="y22">54.8px</dimen>
<dimen name="y23">57.3px</dimen>
<dimen name="y24">59.7px</dimen>
<dimen name="y25">62.2px</dimen>
<dimen name="y26">64.7px</dimen>
<dimen name="y27">67.2px</dimen>
<dimen name="y28">69.7px</dimen>
<dimen name="y29">72.2px</dimen>
<dimen name="y30">74.7px</dimen>
<dimen name="y31">77.2px</dimen>
<dimen name="y32">79.7px</dimen>
<dimen name="y33">82.2px</dimen>
<dimen name="y34">84.7px</dimen>
<dimen name="y35">87.2px</dimen>
<dimen name="y36">89.7px</dimen>
<dimen name="y37">92.1px</dimen>
<dimen name="y38">94.6px</dimen>
<dimen name="y39">97.1px</dimen>
<dimen name="y40">99.6px</dimen>
<dimen name="y41">102.1px</dimen>
<dimen name="y42">104.6px</dimen>
<dimen name="y43">107.1px</dimen>
<dimen name="y44">109.6px</dimen>
<dimen name="y45">112.1px</dimen>
<dimen name="y46">114.6px</dimen>
<dimen name="y47">117.1px</dimen>
<dimen name="y48">119.5px</dimen>
<dimen name="y49">122.0px</dimen>
<dimen name="y50">124.5px</dimen>
<dimen name="y51">127.0px</dimen>
<dimen name="y52">129.5px</dimen>
<dimen name="y53">132.0px</dimen>
<dimen name="y54">134.5px</dimen>
<dimen name="y55">137.0px</dimen>
<dimen name="y56">139.5px</dimen>
<dimen name="y57">142.0px</dimen>
<dimen name="y58">144.5px</dimen>
<dimen name="y59">147.0px</dimen>
<dimen name="y60">149.5px</dimen>
<dimen name="y61">151.9px</dimen>
<dimen name="y62">154.4px</dimen>
<dimen name="y63">156.9px</dimen>
<dimen name="y64">159.4px</dimen>
<dimen name="y65">161.9px</dimen>
<dimen name="y66">164.4px</dimen>
<dimen name="y67">166.9px</dimen>
<dimen name="y68">169.4px</dimen>
<dimen name="y69">171.9px</dimen>
<dimen name="y70">174.4px</dimen>
<dimen name="y71">176.9px</dimen>
<dimen name="y72">179.4px</dimen>
<dimen name="y73">181.8px</dimen>
<dimen name="y74">184.3px</dimen>
<dimen name="y75">186.8px</dimen>
<dimen name="y76">189.3px</dimen>
<dimen name="y77">191.8px</dimen>
<dimen name="y78">194.3px</dimen>
<dimen name="y79">196.8px</dimen>
<dimen name="y80">199.3px</dimen>
<dimen name="y81">201.8px</dimen>
<dimen name="y82">204.3px</dimen>
<dimen name="y83">206.8px</dimen>
<dimen name="y84">209.3px</dimen>
<dimen name="y85">211.7px</dimen>
<dimen name="y86">214.2px</dimen>
<dimen name="y87">216.7px</dimen>
<dimen name="y88">219.2px</dimen>
<dimen name="y89">221.7px</dimen>
<dimen name="y90">224.2px</dimen>
<dimen name="y91">226.7px</dimen>
<dimen name="y92">229.2px</dimen>
<dimen name="y93">231.7px</dimen>
<dimen name="y94">234.2px</dimen>
<dimen name="y95">236.7px</dimen>
<dimen name="y96">239.1px</dimen>
<dimen name="y97">241.6px</dimen>
<dimen name="y98">244.1px</dimen>
<dimen name="y99">246.6px</dimen>
<dimen name="y100">249.1px</dimen>
<dimen name="y101">251.6px</dimen>
<dimen name="y102">254.1px</dimen>
<dimen name="y103">256.6px</dimen>
<dimen name="y104">259.1px</dimen>
<dimen name="y105">261.6px</dimen>
<dimen name="y106">264.1px</dimen>
<dimen name="y107">266.6px</dimen>
<dimen name="y108">269.0px</dimen>
<dimen name="y109">271.5px</dimen>
<dimen name="y110">274.0px</dimen>
<dimen name="y111">276.5px</dimen>
<dimen name="y112">279.0px</dimen>
<dimen name="y113">281.5px</dimen>
<dimen name="y114">284.0px</dimen>
<dimen name="y115">286.5px</dimen>
<dimen name="y116">289.0px</dimen>
<dimen name="y117">291.5px</dimen>
<dimen name="y118">294.0px</dimen>
<dimen name="y119">296.5px</dimen>
<dimen name="y120">299.0px</dimen>
<dimen name="y121">301.4px</dimen>
<dimen name="y122">303.9px</dimen>
<dimen name="y123">306.4px</dimen>
<dimen name="y124">308.9px</dimen>
<dimen name="y125">311.4px</dimen>
<dimen name="y126">313.9px</dimen>
<dimen name="y127">316.4px</dimen>
<dimen name="y128">318.9px</dimen>
<dimen name="y129">321.4px</dimen>
<dimen name="y130">323.9px</dimen>
<dimen name="y131">326.4px</dimen>
<dimen name="y132">328.9px</dimen>
<dimen name="y133">331.3px</dimen>
<dimen name="y134">333.8px</dimen>
<dimen name="y135">336.3px</dimen>
<dimen name="y136">338.8px</dimen>
<dimen name="y137">341.3px</dimen>
<dimen name="y138">343.8px</dimen>
<dimen name="y139">346.3px</dimen>
<dimen name="y140">348.8px</dimen>
<dimen name="y141">351.3px</dimen>
<dimen name="y142">353.8px</dimen>
<dimen name="y143">356.3px</dimen>
<dimen name="y144">358.8px</dimen>
<dimen name="y145">361.2px</dimen>
<dimen name="y146">363.7px</dimen>
<dimen name="y147">366.2px</dimen>
<dimen name="y148">368.7px</dimen>
<dimen name="y149">371.2px</dimen>
<dimen name="y150">373.7px</dimen>
<dimen name="y151">376.2px</dimen>
<dimen name="y152">378.7px</dimen>
<dimen name="y153">381.2px</dimen>
<dimen name="y154">383.7px</dimen>
<dimen name="y155">386.2px</dimen>
<dimen name="y156">388.6px</dimen>
<dimen name="y157">391.1px</dimen>
<dimen name="y158">393.6px</dimen>
<dimen name="y159">396.1px</dimen>
<dimen name="y160">398.6px</dimen>
<dimen name="y161">401.1px</dimen>
<dimen name="y162">403.6px</dimen>
<dimen name="y163">406.1px</dimen>
<dimen name="y164">408.6px</dimen>
<dimen name="y165">411.1px</dimen>
<dimen name="y166">413.6px</dimen>
<dimen name="y167">416.1px</dimen>
<dimen name="y168">418.6px</dimen>
<dimen name="y169">421.0px</dimen>
<dimen name="y170">423.5px</dimen>
<dimen name="y171">426.0px</dimen>
<dimen name="y172">428.5px</dimen>
<dimen name="y173">431.0px</dimen>
<dimen name="y174">433.5px</dimen>
<dimen name="y175">436.0px</dimen>
<dimen name="y176">438.5px</dimen>
<dimen name="y177">441.0px</dimen>
<dimen name="y178">443.5px</dimen>
<dimen name="y179">446.0px</dimen>
<dimen name="y180">448.4px</dimen>
<dimen name="y181">450.9px</dimen>
<dimen name="y182">453.4px</dimen>
<dimen name="y183">455.9px</dimen>
<dimen name="y184">458.4px</dimen>
<dimen name="y185">460.9px</dimen>
<dimen name="y186">463.4px</dimen>
<dimen name="y187">465.9px</dimen>
<dimen name="y188">468.4px</dimen>
<dimen name="y189">470.9px</dimen>
<dimen name="y190">473.4px</dimen>
<dimen name="y191">475.9px</dimen>
<dimen name="y192">478.3px</dimen>
<dimen name="y193">480.8px</dimen>
<dimen name="y194">483.3px</dimen>
<dimen name="y195">485.8px</dimen>
<dimen name="y196">488.3px</dimen>
<dimen name="y197">490.8px</dimen>
<dimen name="y198">493.3px</dimen>
<dimen name="y199">495.8px</dimen>
<dimen name="y200">498.3px</dimen>
<dimen name="y201">500.8px</dimen>
<dimen name="y202">503.3px</dimen>
<dimen name="y203">505.8px</dimen>
<dimen name="y204">508.3px</dimen>
<dimen name="y205">510.7px</dimen>
<dimen name="y206">513.2px</dimen>
<dimen name="y207">515.7px</dimen>
<dimen name="y208">518.2px</dimen>
<dimen name="y209">520.7px</dimen>
<dimen name="y210">523.2px</dimen>
<dimen name="y211">525.7px</dimen>
<dimen name="y212">528.2px</dimen>
<dimen name="y213">530.7px</dimen>
<dimen name="y214">533.2px</dimen>
<dimen name="y215">535.7px</dimen>
<dimen name="y216">538.1px</dimen>
<dimen name="y217">540.6px</dimen>
<dimen name="y218">543.1px</dimen>
<dimen name="y219">545.6px</dimen>
<dimen name="y220">548.1px</dimen>
<dimen name="y221">550.6px</dimen>
<dimen name="y222">553.1px</dimen>
<dimen name="y223">555.6px</dimen>
<dimen name="y224">558.1px</dimen>
<dimen name="y225">560.6px</dimen>
<dimen name="y226">563.1px</dimen>
<dimen name="y227">565.6px</dimen>
<dimen name="y228">568.1px</dimen>
<dimen name="y229">570.5px</dimen>
<dimen name="y230">573.0px</dimen>
<dimen name="y231">575.5px</dimen>
<dimen name="y232">578.0px</dimen>
<dimen name="y233">580.5px</dimen>
<dimen name="y234">583.0px</dimen>
<dimen name="y235">585.5px</dimen>
<dimen name="y236">588.0px</dimen>
<dimen name="y237">590.5px</dimen>
<dimen name="y238">593.0px</dimen>
<dimen name="y239">595.5px</dimen>
<dimen name="y240">598.0px</dimen>
<dimen name="y241">600.4px</dimen>
<dimen name="y242">602.9px</dimen>
<dimen name="y243">605.4px</dimen>
<dimen name="y244">607.9px</dimen>
<dimen name="y245">610.4px</dimen>
<dimen name="y246">612.9px</dimen>
<dimen name="y247">615.4px</dimen>
<dimen name="y248">617.9px</dimen>
<dimen name="y249">620.4px</dimen>
<dimen name="y250">622.9px</dimen>
<dimen name="y251">625.4px</dimen>
<dimen name="y252">627.8px</dimen>
<dimen name="y253">630.3px</dimen>
<dimen name="y254">632.8px</dimen>
<dimen name="y255">635.3px</dimen>
<dimen name="y256">637.8px</dimen>
<dimen name="y257">640.3px</dimen>
<dimen name="y258">642.8px</dimen>
<dimen name="y259">645.3px</dimen>
<dimen name="y260">647.8px</dimen>
<dimen name="y261">650.3px</dimen>
<dimen name="y262">652.8px</dimen>
<dimen name="y263">655.3px</dimen>
<dimen name="y264">657.8px</dimen>
<dimen name="y265">660.2px</dimen>
<dimen name="y266">662.7px</dimen>
<dimen name="y267">665.2px</dimen>
<dimen name="y268">667.7px</dimen>
<dimen name="y269">670.2px</dimen>
<dimen name="y270">672.7px</dimen>
<dimen name="y271">675.2px</dimen>
<dimen name="y272">677.7px</dimen>
<dimen name="y273">680.2px</dimen>
<dimen name="y274">682.7px</dimen>
<dimen name="y275">685.2px</dimen>
<dimen name="y276">687.6px</dimen>
<dimen name="y277">690.1px</dimen>
<dimen name="y278">692.6px</dimen>
<dimen name="y279">695.1px</dimen>
<dimen name="y280">697.6px</dimen>
<dimen name="y281">700.1px</dimen>
<dimen name="y282">702.6px</dimen>
<dimen name="y283">705.1px</dimen>
<dimen name="y284">707.6px</dimen>
<dimen name="y285">710.1px</dimen>
<dimen name="y286">712.6px</dimen>
<dimen name="y287">715.1px</dimen>
<dimen name="y288">717.6px</dimen>
<dimen name="y289">720.0px</dimen>
<dimen name="y290">722.5px</dimen>
<dimen name="y291">725.0px</dimen>
<dimen name="y292">727.5px</dimen>
<dimen name="y293">730.0px</dimen>
<dimen name="y294">732.5px</dimen>
<dimen name="y295">735.0px</dimen>
<dimen name="y296">737.5px</dimen>
<dimen name="y297">740.0px</dimen>
<dimen name="y298">742.5px</dimen>
<dimen name="y299">745.0px</dimen>
<dimen name="y300">747.4px</dimen>
<dimen name="y301">749.9px</dimen>
<dimen name="y302">752.4px</dimen>
<dimen name="y303">754.9px</dimen>
<dimen name="y304">757.4px</dimen>
<dimen name="y305">759.9px</dimen>
<dimen name="y306">762.4px</dimen>
<dimen name="y307">764.9px</dimen>
<dimen name="y308">767.4px</dimen>
<dimen name="y309">769.9px</dimen>
<dimen name="y310">772.4px</dimen>
<dimen name="y311">774.9px</dimen>
<dimen name="y312">777.3px</dimen>
<dimen name="y313">779.8px</dimen>
<dimen name="y314">782.3px</dimen>
<dimen name="y315">784.8px</dimen>
<dimen name="y316">787.3px</dimen>
<dimen name="y317">789.8px</dimen>
<dimen name="y318">792.3px</dimen>
<dimen name="y319">794.8px</dimen>
<dimen name="y320">797.3px</dimen>
<dimen name="y321">799.8px</dimen>
<dimen name="y322">802.3px</dimen>
<dimen name="y323">804.8px</dimen>
<dimen name="y324">807.3px</dimen>
<dimen name="y325">809.7px</dimen>
<dimen name="y326">812.2px</dimen>
<dimen name="y327">814.7px</dimen>
<dimen name="y328">817.2px</dimen>
<dimen name="y329">819.7px</dimen>
<dimen name="y330">822.2px</dimen>
<dimen name="y331">824.7px</dimen>
<dimen name="y332">827.2px</dimen>
<dimen name="y333">829.7px</dimen>
<dimen name="y334">832.2px</dimen>
<dimen name="y335">834.7px</dimen>
<dimen name="y336">837.2px</dimen>
<dimen name="y337">839.6px</dimen>
<dimen name="y338">842.1px</dimen>
<dimen name="y339">844.6px</dimen>
<dimen name="y340">847.1px</dimen>
<dimen name="y341">849.6px</dimen>
<dimen name="y342">852.1px</dimen>
<dimen name="y343">854.6px</dimen>
<dimen name="y344">857.1px</dimen>
<dimen name="y345">859.6px</dimen>
<dimen name="y346">862.1px</dimen>
<dimen name="y347">864.6px</dimen>
<dimen name="y348">867.1px</dimen>
<dimen name="y349">869.5px</dimen>
<dimen name="y350">872.0px</dimen>
<dimen name="y351">874.5px</dimen>
<dimen name="y352">877.0px</dimen>
<dimen name="y353">879.5px</dimen>
<dimen name="y354">882.0px</dimen>
<dimen name="y355">884.5px</dimen>
<dimen name="y356">887.0px</dimen>
<dimen name="y357">889.5px</dimen>
<dimen name="y358">892.0px</dimen>
<dimen name="y359">894.5px</dimen>
<dimen name="y360">896.9px</dimen>
<dimen name="y361">899.4px</dimen>
<dimen name="y362">901.9px</dimen>
<dimen name="y363">904.4px</dimen>
<dimen name="y364">906.9px</dimen>
<dimen name="y365">909.4px</dimen>
<dimen name="y366">911.9px</dimen>
<dimen name="y367">914.4px</dimen>
<dimen name="y368">916.9px</dimen>
<dimen name="y369">919.4px</dimen>
<dimen name="y370">921.9px</dimen>
<dimen name="y371">924.4px</dimen>
<dimen name="y372">926.9px</dimen>
<dimen name="y373">929.3px</dimen>
<dimen name="y374">931.8px</dimen>
<dimen name="y375">934.3px</dimen>
<dimen name="y376">936.8px</dimen>
<dimen name="y377">939.3px</dimen>
<dimen name="y378">941.8px</dimen>
<dimen name="y379">944.3px</dimen>
<dimen name="y380">946.8px</dimen>
<dimen name="y381">949.3px</dimen>
<dimen name="y382">951.8px</dimen>
<dimen name="y383">954.3px</dimen>
<dimen name="y384">956.7px</dimen>
<dimen name="y385">959.2px</dimen>
<dimen name="y386">961.7px</dimen>
<dimen name="y387">964.2px</dimen>
<dimen name="y388">966.7px</dimen>
<dimen name="y389">969.2px</dimen>
<dimen name="y390">971.7px</dimen>
<dimen name="y391">974.2px</dimen>
<dimen name="y392">976.7px</dimen>
<dimen name="y393">979.2px</dimen>
<dimen name="y394">981.7px</dimen>
<dimen name="y395">984.2px</dimen>
<dimen name="y396">986.7px</dimen>
<dimen name="y397">989.1px</dimen>
<dimen name="y398">991.6px</dimen>
<dimen name="y399">994.1px</dimen>
<dimen name="y400">996.6px</dimen>
<dimen name="y401">999.1px</dimen>
<dimen name="y402">1001.6px</dimen>
<dimen name="y403">1004.1px</dimen>
<dimen name="y404">1006.6px</dimen>
<dimen name="y405">1009.1px</dimen>
<dimen name="y406">1011.6px</dimen>
<dimen name="y407">1014.1px</dimen>
<dimen name="y408">1016.6px</dimen>
<dimen name="y409">1019.0px</dimen>
<dimen name="y410">1021.5px</dimen>
<dimen name="y411">1024.0px</dimen>
<dimen name="y412">1026.5px</dimen>
<dimen name="y413">1029.0px</dimen>
<dimen name="y414">1031.5px</dimen>
<dimen name="y415">1034.0px</dimen>
<dimen name="y416">1036.5px</dimen>
<dimen name="y417">1039.0px</dimen>
<dimen name="y418">1041.5px</dimen>
<dimen name="y419">1044.0px</dimen>
<dimen name="y420">1046.5px</dimen>
<dimen name="y421">1048.9px</dimen>
<dimen name="y422">1051.4px</dimen>
<dimen name="y423">1053.9px</dimen>
<dimen name="y424">1056.4px</dimen>
<dimen name="y425">1058.9px</dimen>
<dimen name="y426">1061.4px</dimen>
<dimen name="y427">1063.9px</dimen>
<dimen name="y428">1066.4px</dimen>
<dimen name="y429">1068.9px</dimen>
<dimen name="y430">1071.4px</dimen>
<dimen name="y431">1073.9px</dimen>
<dimen name="y432">1076.3px</dimen>
<dimen name="y433">1078.8px</dimen>
<dimen name="y434">1081.3px</dimen>
<dimen name="y435">1083.8px</dimen>
<dimen name="y436">1086.3px</dimen>
<dimen name="y437">1088.8px</dimen>
<dimen name="y438">1091.3px</dimen>
<dimen name="y439">1093.8px</dimen>
<dimen name="y440">1096.3px</dimen>
<dimen name="y441">1098.8px</dimen>
<dimen name="y442">1101.3px</dimen>
<dimen name="y443">1103.8px</dimen>
<dimen name="y444">1106.2px</dimen>
<dimen name="y445">1108.7px</dimen>
<dimen name="y446">1111.2px</dimen>
<dimen name="y447">1113.7px</dimen>
<dimen name="y448">1116.2px</dimen>
<dimen name="y449">1118.7px</dimen>
<dimen name="y450">1121.2px</dimen>
<dimen name="y451">1123.7px</dimen>
<dimen name="y452">1126.2px</dimen>
<dimen name="y453">1128.7px</dimen>
<dimen name="y454">1131.2px</dimen>
<dimen name="y455">1133.7px</dimen>
<dimen name="y456">1136.2px</dimen>
<dimen name="y457">1138.6px</dimen>
<dimen name="y458">1141.1px</dimen>
<dimen name="y459">1143.6px</dimen>
<dimen name="y460">1146.1px</dimen>
<dimen name="y461">1148.6px</dimen>
<dimen name="y462">1151.1px</dimen>
<dimen name="y463">1153.6px</dimen>
<dimen name="y464">1156.1px</dimen>
<dimen name="y465">1158.6px</dimen>
<dimen name="y466">1161.1px</dimen>
<dimen name="y467">1163.6px</dimen>
<dimen name="y468">1166.1px</dimen>
<dimen name="y469">1168.5px</dimen>
<dimen name="y470">1171.0px</dimen>
<dimen name="y471">1173.5px</dimen>
<dimen name="y472">1176.0px</dimen>
<dimen name="y473">1178.5px</dimen>
<dimen name="y474">1181.0px</dimen>
<dimen name="y475">1183.5px</dimen>
<dimen name="y476">1186.0px</dimen>
<dimen name="y477">1188.5px</dimen>
<dimen name="y478">1191.0px</dimen>
<dimen name="y479">1193.5px</dimen>
<dimen name="y480">1196.0px</dimen>
</resources>