<resources>
<dimen name="x1">3.6px</dimen>
<dimen name="x2">7.2px</dimen>
<dimen name="x3">10.7px</dimen>
<dimen name="x4">14.4px</dimen>
<dimen name="x5">18.0px</dimen>
<dimen name="x6">21.5px</dimen>
<dimen name="x7">25.1px</dimen>
<dimen name="x8">28.8px</dimen>
<dimen name="x9">32.3px</dimen>
<dimen name="x10">36.0px</dimen>
<dimen name="x11">39.6px</dimen>
<dimen name="x12">43.1px</dimen>
<dimen name="x13">46.8px</dimen>
<dimen name="x14">50.3px</dimen>
<dimen name="x15">54.0px</dimen>
<dimen name="x16">57.6px</dimen>
<dimen name="x17">61.2px</dimen>
<dimen name="x18">64.7px</dimen>
<dimen name="x19">68.4px</dimen>
<dimen name="x20">72.0px</dimen>
<dimen name="x21">75.6px</dimen>
<dimen name="x22">79.2px</dimen>
<dimen name="x23">82.7px</dimen>
<dimen name="x24">86.3px</dimen>
<dimen name="x25">90.0px</dimen>
<dimen name="x26">93.6px</dimen>
<dimen name="x27">97.2px</dimen>
<dimen name="x28">100.7px</dimen>
<dimen name="x29">104.4px</dimen>
<dimen name="x30">108.0px</dimen>
<dimen name="x31">111.6px</dimen>
<dimen name="x32">115.2px</dimen>
<dimen name="x33">118.8px</dimen>
<dimen name="x34">122.4px</dimen>
<dimen name="x35">126.0px</dimen>
<dimen name="x36">129.5px</dimen>
<dimen name="x37">133.2px</dimen>
<dimen name="x38">136.8px</dimen>
<dimen name="x39">140.4px</dimen>
<dimen name="x40">144.0px</dimen>
<dimen name="x41">147.5px</dimen>
<dimen name="x42">151.2px</dimen>
<dimen name="x43">154.8px</dimen>
<dimen name="x44">158.4px</dimen>
<dimen name="x45">162.0px</dimen>
<dimen name="x46">165.5px</dimen>
<dimen name="x47">169.2px</dimen>
<dimen name="x48">172.7px</dimen>
<dimen name="x49">176.4px</dimen>
<dimen name="x50">180.0px</dimen>
<dimen name="x51">183.5px</dimen>
<dimen name="x52">187.2px</dimen>
<dimen name="x53">190.7px</dimen>
<dimen name="x54">194.4px</dimen>
<dimen name="x55">198.0px</dimen>
<dimen name="x56">201.5px</dimen>
<dimen name="x57">205.2px</dimen>
<dimen name="x58">208.8px</dimen>
<dimen name="x59">212.4px</dimen>
<dimen name="x60">216.0px</dimen>
<dimen name="x61">219.6px</dimen>
<dimen name="x62">223.2px</dimen>
<dimen name="x63">226.8px</dimen>
<dimen name="x64">230.4px</dimen>
<dimen name="x65">234.0px</dimen>
<dimen name="x66">237.6px</dimen>
<dimen name="x67">241.2px</dimen>
<dimen name="x68">244.8px</dimen>
<dimen name="x69">248.4px</dimen>
<dimen name="x70">252.0px</dimen>
<dimen name="x71">255.6px</dimen>
<dimen name="x72">259.1px</dimen>
<dimen name="x73">262.8px</dimen>
<dimen name="x74">266.4px</dimen>
<dimen name="x75">270.0px</dimen>
<dimen name="x76">273.6px</dimen>
<dimen name="x77">277.1px</dimen>
<dimen name="x78">280.8px</dimen>
<dimen name="x79">284.4px</dimen>
<dimen name="x80">288.0px</dimen>
<dimen name="x81">291.6px</dimen>
<dimen name="x82">295.1px</dimen>
<dimen name="x83">298.8px</dimen>
<dimen name="x84">302.4px</dimen>
<dimen name="x85">306.0px</dimen>
<dimen name="x86">309.6px</dimen>
<dimen name="x87">313.1px</dimen>
<dimen name="x88">316.8px</dimen>
<dimen name="x89">320.4px</dimen>
<dimen name="x90">324.0px</dimen>
<dimen name="x91">327.6px</dimen>
<dimen name="x92">331.1px</dimen>
<dimen name="x93">334.8px</dimen>
<dimen name="x94">338.4px</dimen>
<dimen name="x95">342.0px</dimen>
<dimen name="x96">345.5px</dimen>
<dimen name="x97">349.1px</dimen>
<dimen name="x98">352.8px</dimen>
<dimen name="x99">356.4px</dimen>
<dimen name="x100">360.0px</dimen>
<dimen name="x101">363.5px</dimen>
<dimen name="x102">367.1px</dimen>
<dimen name="x103">370.8px</dimen>
<dimen name="x104">374.4px</dimen>
<dimen name="x105">378.0px</dimen>
<dimen name="x106">381.5px</dimen>
<dimen name="x107">385.1px</dimen>
<dimen name="x108">388.8px</dimen>
<dimen name="x109">392.4px</dimen>
<dimen name="x110">396.0px</dimen>
<dimen name="x111">399.5px</dimen>
<dimen name="x112">403.1px</dimen>
<dimen name="x113">406.8px</dimen>
<dimen name="x114">410.4px</dimen>
<dimen name="x115">414.0px</dimen>
<dimen name="x116">417.6px</dimen>
<dimen name="x117">421.2px</dimen>
<dimen name="x118">424.8px</dimen>
<dimen name="x119">428.4px</dimen>
<dimen name="x120">432.0px</dimen>
<dimen name="x121">435.6px</dimen>
<dimen name="x122">439.2px</dimen>
<dimen name="x123">442.8px</dimen>
<dimen name="x124">446.4px</dimen>
<dimen name="x125">450.0px</dimen>
<dimen name="x126">453.6px</dimen>
<dimen name="x127">457.2px</dimen>
<dimen name="x128">460.8px</dimen>
<dimen name="x129">464.4px</dimen>
<dimen name="x130">468.0px</dimen>
<dimen name="x131">471.6px</dimen>
<dimen name="x132">475.2px</dimen>
<dimen name="x133">478.8px</dimen>
<dimen name="x134">482.4px</dimen>
<dimen name="x135">486.0px</dimen>
<dimen name="x136">489.6px</dimen>
<dimen name="x137">493.2px</dimen>
<dimen name="x138">496.8px</dimen>
<dimen name="x139">500.4px</dimen>
<dimen name="x140">504.0px</dimen>
<dimen name="x141">507.6px</dimen>
<dimen name="x142">511.2px</dimen>
<dimen name="x143">514.8px</dimen>
<dimen name="x144">518.3px</dimen>
<dimen name="x145">522.0px</dimen>
<dimen name="x146">525.6px</dimen>
<dimen name="x147">529.2px</dimen>
<dimen name="x148">532.8px</dimen>
<dimen name="x149">536.3px</dimen>
<dimen name="x150">540.0px</dimen>
<dimen name="x151">543.6px</dimen>
<dimen name="x152">547.2px</dimen>
<dimen name="x153">550.8px</dimen>
<dimen name="x154">554.3px</dimen>
<dimen name="x155">558.0px</dimen>
<dimen name="x156">561.6px</dimen>
<dimen name="x157">565.2px</dimen>
<dimen name="x158">568.8px</dimen>
<dimen name="x159">572.3px</dimen>
<dimen name="x160">576.0px</dimen>
<dimen name="x161">579.6px</dimen>
<dimen name="x162">583.2px</dimen>
<dimen name="x163">586.8px</dimen>
<dimen name="x164">590.3px</dimen>
<dimen name="x165">594.0px</dimen>
<dimen name="x166">597.6px</dimen>
<dimen name="x167">601.2px</dimen>
<dimen name="x168">604.8px</dimen>
<dimen name="x169">608.3px</dimen>
<dimen name="x170">612.0px</dimen>
<dimen name="x171">615.6px</dimen>
<dimen name="x172">619.2px</dimen>
<dimen name="x173">622.8px</dimen>
<dimen name="x174">626.3px</dimen>
<dimen name="x175">630.0px</dimen>
<dimen name="x176">633.6px</dimen>
<dimen name="x177">637.2px</dimen>
<dimen name="x178">640.8px</dimen>
<dimen name="x179">644.3px</dimen>
<dimen name="x180">648.0px</dimen>
<dimen name="x181">651.6px</dimen>
<dimen name="x182">655.2px</dimen>
<dimen name="x183">658.8px</dimen>
<dimen name="x184">662.3px</dimen>
<dimen name="x185">666.0px</dimen>
<dimen name="x186">669.6px</dimen>
<dimen name="x187">673.2px</dimen>
<dimen name="x188">676.8px</dimen>
<dimen name="x189">680.3px</dimen>
<dimen name="x190">684.0px</dimen>
<dimen name="x191">687.6px</dimen>
<dimen name="x192">691.1px</dimen>
<dimen name="x193">694.8px</dimen>
<dimen name="x194">698.3px</dimen>
<dimen name="x195">702.0px</dimen>
<dimen name="x196">705.6px</dimen>
<dimen name="x197">709.1px</dimen>
<dimen name="x198">712.8px</dimen>
<dimen name="x199">716.3px</dimen>
<dimen name="x200">720.0px</dimen>
<dimen name="x201">723.6px</dimen>
<dimen name="x202">727.1px</dimen>
<dimen name="x203">730.8px</dimen>
<dimen name="x204">734.3px</dimen>
<dimen name="x205">738.0px</dimen>
<dimen name="x206">741.6px</dimen>
<dimen name="x207">745.1px</dimen>
<dimen name="x208">748.8px</dimen>
<dimen name="x209">752.3px</dimen>
<dimen name="x210">756.0px</dimen>
<dimen name="x211">759.6px</dimen>
<dimen name="x212">763.1px</dimen>
<dimen name="x213">766.8px</dimen>
<dimen name="x214">770.3px</dimen>
<dimen name="x215">774.0px</dimen>
<dimen name="x216">777.6px</dimen>
<dimen name="x217">781.1px</dimen>
<dimen name="x218">784.8px</dimen>
<dimen name="x219">788.3px</dimen>
<dimen name="x220">792.0px</dimen>
<dimen name="x221">795.6px</dimen>
<dimen name="x222">799.1px</dimen>
<dimen name="x223">802.8px</dimen>
<dimen name="x224">806.3px</dimen>
<dimen name="x225">810.0px</dimen>
<dimen name="x226">813.6px</dimen>
<dimen name="x227">817.1px</dimen>
<dimen name="x228">820.8px</dimen>
<dimen name="x229">824.4px</dimen>
<dimen name="x230">828.0px</dimen>
<dimen name="x231">831.6px</dimen>
<dimen name="x232">835.2px</dimen>
<dimen name="x233">838.8px</dimen>
<dimen name="x234">842.4px</dimen>
<dimen name="x235">846.0px</dimen>
<dimen name="x236">849.6px</dimen>
<dimen name="x237">853.2px</dimen>
<dimen name="x238">856.8px</dimen>
<dimen name="x239">860.4px</dimen>
<dimen name="x240">864.0px</dimen>
<dimen name="x241">867.6px</dimen>
<dimen name="x242">871.2px</dimen>
<dimen name="x243">874.8px</dimen>
<dimen name="x244">878.4px</dimen>
<dimen name="x245">882.0px</dimen>
<dimen name="x246">885.6px</dimen>
<dimen name="x247">889.2px</dimen>
<dimen name="x248">892.8px</dimen>
<dimen name="x249">896.4px</dimen>
<dimen name="x250">900.0px</dimen>
<dimen name="x251">903.6px</dimen>
<dimen name="x252">907.2px</dimen>
<dimen name="x253">910.8px</dimen>
<dimen name="x254">914.4px</dimen>
<dimen name="x255">918.0px</dimen>
<dimen name="x256">921.6px</dimen>
<dimen name="x257">925.2px</dimen>
<dimen name="x258">928.8px</dimen>
<dimen name="x259">932.4px</dimen>
<dimen name="x260">936.0px</dimen>
<dimen name="x261">939.6px</dimen>
<dimen name="x262">943.2px</dimen>
<dimen name="x263">946.8px</dimen>
<dimen name="x264">950.4px</dimen>
<dimen name="x265">954.0px</dimen>
<dimen name="x266">957.6px</dimen>
<dimen name="x267">961.2px</dimen>
<dimen name="x268">964.8px</dimen>
<dimen name="x269">968.4px</dimen>
<dimen name="x270">972.0px</dimen>
<dimen name="x271">975.6px</dimen>
<dimen name="x272">979.2px</dimen>
<dimen name="x273">982.8px</dimen>
<dimen name="x274">986.4px</dimen>
<dimen name="x275">990.0px</dimen>
<dimen name="x276">993.6px</dimen>
<dimen name="x277">997.2px</dimen>
<dimen name="x278">1000.8px</dimen>
<dimen name="x279">1004.4px</dimen>
<dimen name="x280">1008.0px</dimen>
<dimen name="x281">1011.6px</dimen>
<dimen name="x282">1015.2px</dimen>
<dimen name="x283">1018.8px</dimen>
<dimen name="x284">1022.4px</dimen>
<dimen name="x285">1026.0px</dimen>
<dimen name="x286">1029.6px</dimen>
<dimen name="x287">1033.2px</dimen>
<dimen name="x288">1036.7px</dimen>
<dimen name="x289">1040.4px</dimen>
<dimen name="x290">1044.0px</dimen>
<dimen name="x291">1047.6px</dimen>
<dimen name="x292">1051.2px</dimen>
<dimen name="x293">1054.7px</dimen>
<dimen name="x294">1058.4px</dimen>
<dimen name="x295">1062.0px</dimen>
<dimen name="x296">1065.6px</dimen>
<dimen name="x297">1069.2px</dimen>
<dimen name="x298">1072.7px</dimen>
<dimen name="x299">1076.4px</dimen>
<dimen name="x300">1080.0px</dimen>
<dimen name="x301">1083.6px</dimen>
<dimen name="x302">1087.2px</dimen>
<dimen name="x303">1090.7px</dimen>
<dimen name="x304">1094.4px</dimen>
<dimen name="x305">1098.0px</dimen>
<dimen name="x306">1101.6px</dimen>
<dimen name="x307">1105.2px</dimen>
<dimen name="x308">1108.7px</dimen>
<dimen name="x309">1112.4px</dimen>
<dimen name="x310">1116.0px</dimen>
<dimen name="x311">1119.6px</dimen>
<dimen name="x312">1123.2px</dimen>
<dimen name="x313">1126.7px</dimen>
<dimen name="x314">1130.4px</dimen>
<dimen name="x315">1134.0px</dimen>
<dimen name="x316">1137.6px</dimen>
<dimen name="x317">1141.2px</dimen>
<dimen name="x318">1144.7px</dimen>
<dimen name="x319">1148.4px</dimen>
<dimen name="x320">1152.0px</dimen>
</resources>