<resources>
<dimen name="x1">4.8px</dimen>
<dimen name="x2">9.6px</dimen>
<dimen name="x3">14.4px</dimen>
<dimen name="x4">19.2px</dimen>
<dimen name="x5">24.0px</dimen>
<dimen name="x6">28.8px</dimen>
<dimen name="x7">33.6px</dimen>
<dimen name="x8">38.4px</dimen>
<dimen name="x9">43.2px</dimen>
<dimen name="x10">48.0px</dimen>
<dimen name="x11">52.8px</dimen>
<dimen name="x12">57.6px</dimen>
<dimen name="x13">62.4px</dimen>
<dimen name="x14">67.2px</dimen>
<dimen name="x15">72.0px</dimen>
<dimen name="x16">76.8px</dimen>
<dimen name="x17">81.6px</dimen>
<dimen name="x18">86.4px</dimen>
<dimen name="x19">91.2px</dimen>
<dimen name="x20">96.0px</dimen>
<dimen name="x21">100.8px</dimen>
<dimen name="x22">105.6px</dimen>
<dimen name="x23">110.4px</dimen>
<dimen name="x24">115.2px</dimen>
<dimen name="x25">120.0px</dimen>
<dimen name="x26">124.8px</dimen>
<dimen name="x27">129.6px</dimen>
<dimen name="x28">134.4px</dimen>
<dimen name="x29">139.2px</dimen>
<dimen name="x30">144.0px</dimen>
<dimen name="x31">148.8px</dimen>
<dimen name="x32">153.6px</dimen>
<dimen name="x33">158.4px</dimen>
<dimen name="x34">163.2px</dimen>
<dimen name="x35">168.0px</dimen>
<dimen name="x36">172.8px</dimen>
<dimen name="x37">177.6px</dimen>
<dimen name="x38">182.4px</dimen>
<dimen name="x39">187.2px</dimen>
<dimen name="x40">192.0px</dimen>
<dimen name="x41">196.8px</dimen>
<dimen name="x42">201.6px</dimen>
<dimen name="x43">206.4px</dimen>
<dimen name="x44">211.2px</dimen>
<dimen name="x45">216.0px</dimen>
<dimen name="x46">220.8px</dimen>
<dimen name="x47">225.6px</dimen>
<dimen name="x48">230.4px</dimen>
<dimen name="x49">235.2px</dimen>
<dimen name="x50">240.0px</dimen>
<dimen name="x51">244.8px</dimen>
<dimen name="x52">249.6px</dimen>
<dimen name="x53">254.4px</dimen>
<dimen name="x54">259.2px</dimen>
<dimen name="x55">264.0px</dimen>
<dimen name="x56">268.8px</dimen>
<dimen name="x57">273.6px</dimen>
<dimen name="x58">278.4px</dimen>
<dimen name="x59">283.2px</dimen>
<dimen name="x60">288.0px</dimen>
<dimen name="x61">292.8px</dimen>
<dimen name="x62">297.6px</dimen>
<dimen name="x63">302.4px</dimen>
<dimen name="x64">307.2px</dimen>
<dimen name="x65">312.0px</dimen>
<dimen name="x66">316.8px</dimen>
<dimen name="x67">321.6px</dimen>
<dimen name="x68">326.4px</dimen>
<dimen name="x69">331.2px</dimen>
<dimen name="x70">336.0px</dimen>
<dimen name="x71">340.8px</dimen>
<dimen name="x72">345.6px</dimen>
<dimen name="x73">350.4px</dimen>
<dimen name="x74">355.2px</dimen>
<dimen name="x75">360.0px</dimen>
<dimen name="x76">364.8px</dimen>
<dimen name="x77">369.6px</dimen>
<dimen name="x78">374.4px</dimen>
<dimen name="x79">379.2px</dimen>
<dimen name="x80">384.0px</dimen>
<dimen name="x81">388.8px</dimen>
<dimen name="x82">393.6px</dimen>
<dimen name="x83">398.4px</dimen>
<dimen name="x84">403.2px</dimen>
<dimen name="x85">408.0px</dimen>
<dimen name="x86">412.8px</dimen>
<dimen name="x87">417.6px</dimen>
<dimen name="x88">422.4px</dimen>
<dimen name="x89">427.2px</dimen>
<dimen name="x90">432.0px</dimen>
<dimen name="x91">436.8px</dimen>
<dimen name="x92">441.6px</dimen>
<dimen name="x93">446.4px</dimen>
<dimen name="x94">451.2px</dimen>
<dimen name="x95">456.0px</dimen>
<dimen name="x96">460.8px</dimen>
<dimen name="x97">465.6px</dimen>
<dimen name="x98">470.4px</dimen>
<dimen name="x99">475.2px</dimen>
<dimen name="x100">480.0px</dimen>
<dimen name="x101">484.8px</dimen>
<dimen name="x102">489.6px</dimen>
<dimen name="x103">494.4px</dimen>
<dimen name="x104">499.2px</dimen>
<dimen name="x105">504.0px</dimen>
<dimen name="x106">508.8px</dimen>
<dimen name="x107">513.6px</dimen>
<dimen name="x108">518.4px</dimen>
<dimen name="x109">523.2px</dimen>
<dimen name="x110">528.0px</dimen>
<dimen name="x111">532.8px</dimen>
<dimen name="x112">537.6px</dimen>
<dimen name="x113">542.4px</dimen>
<dimen name="x114">547.2px</dimen>
<dimen name="x115">552.0px</dimen>
<dimen name="x116">556.8px</dimen>
<dimen name="x117">561.6px</dimen>
<dimen name="x118">566.4px</dimen>
<dimen name="x119">571.2px</dimen>
<dimen name="x120">576.0px</dimen>
<dimen name="x121">580.8px</dimen>
<dimen name="x122">585.6px</dimen>
<dimen name="x123">590.4px</dimen>
<dimen name="x124">595.2px</dimen>
<dimen name="x125">600.0px</dimen>
<dimen name="x126">604.8px</dimen>
<dimen name="x127">609.6px</dimen>
<dimen name="x128">614.4px</dimen>
<dimen name="x129">619.2px</dimen>
<dimen name="x130">624.0px</dimen>
<dimen name="x131">628.8px</dimen>
<dimen name="x132">633.6px</dimen>
<dimen name="x133">638.4px</dimen>
<dimen name="x134">643.2px</dimen>
<dimen name="x135">648.0px</dimen>
<dimen name="x136">652.8px</dimen>
<dimen name="x137">657.6px</dimen>
<dimen name="x138">662.4px</dimen>
<dimen name="x139">667.2px</dimen>
<dimen name="x140">672.0px</dimen>
<dimen name="x141">676.8px</dimen>
<dimen name="x142">681.6px</dimen>
<dimen name="x143">686.4px</dimen>
<dimen name="x144">691.2px</dimen>
<dimen name="x145">696.0px</dimen>
<dimen name="x146">700.8px</dimen>
<dimen name="x147">705.6px</dimen>
<dimen name="x148">710.4px</dimen>
<dimen name="x149">715.2px</dimen>
<dimen name="x150">720.0px</dimen>
<dimen name="x151">724.8px</dimen>
<dimen name="x152">729.6px</dimen>
<dimen name="x153">734.4px</dimen>
<dimen name="x154">739.2px</dimen>
<dimen name="x155">744.0px</dimen>
<dimen name="x156">748.8px</dimen>
<dimen name="x157">753.6px</dimen>
<dimen name="x158">758.4px</dimen>
<dimen name="x159">763.2px</dimen>
<dimen name="x160">768.0px</dimen>
<dimen name="x161">772.8px</dimen>
<dimen name="x162">777.6px</dimen>
<dimen name="x163">782.4px</dimen>
<dimen name="x164">787.2px</dimen>
<dimen name="x165">792.0px</dimen>
<dimen name="x166">796.8px</dimen>
<dimen name="x167">801.6px</dimen>
<dimen name="x168">806.4px</dimen>
<dimen name="x169">811.2px</dimen>
<dimen name="x170">816.0px</dimen>
<dimen name="x171">820.8px</dimen>
<dimen name="x172">825.6px</dimen>
<dimen name="x173">830.4px</dimen>
<dimen name="x174">835.2px</dimen>
<dimen name="x175">840.0px</dimen>
<dimen name="x176">844.8px</dimen>
<dimen name="x177">849.6px</dimen>
<dimen name="x178">854.4px</dimen>
<dimen name="x179">859.2px</dimen>
<dimen name="x180">864.0px</dimen>
<dimen name="x181">868.8px</dimen>
<dimen name="x182">873.6px</dimen>
<dimen name="x183">878.4px</dimen>
<dimen name="x184">883.2px</dimen>
<dimen name="x185">888.0px</dimen>
<dimen name="x186">892.8px</dimen>
<dimen name="x187">897.6px</dimen>
<dimen name="x188">902.4px</dimen>
<dimen name="x189">907.2px</dimen>
<dimen name="x190">912.0px</dimen>
<dimen name="x191">916.8px</dimen>
<dimen name="x192">921.6px</dimen>
<dimen name="x193">926.4px</dimen>
<dimen name="x194">931.2px</dimen>
<dimen name="x195">936.0px</dimen>
<dimen name="x196">940.8px</dimen>
<dimen name="x197">945.6px</dimen>
<dimen name="x198">950.4px</dimen>
<dimen name="x199">955.2px</dimen>
<dimen name="x200">960.0px</dimen>
<dimen name="x201">964.8px</dimen>
<dimen name="x202">969.6px</dimen>
<dimen name="x203">974.4px</dimen>
<dimen name="x204">979.2px</dimen>
<dimen name="x205">984.0px</dimen>
<dimen name="x206">988.8px</dimen>
<dimen name="x207">993.6px</dimen>
<dimen name="x208">998.4px</dimen>
<dimen name="x209">1003.2px</dimen>
<dimen name="x210">1008.0px</dimen>
<dimen name="x211">1012.8px</dimen>
<dimen name="x212">1017.6px</dimen>
<dimen name="x213">1022.4px</dimen>
<dimen name="x214">1027.2px</dimen>
<dimen name="x215">1032.0px</dimen>
<dimen name="x216">1036.8px</dimen>
<dimen name="x217">1041.6px</dimen>
<dimen name="x218">1046.4px</dimen>
<dimen name="x219">1051.2px</dimen>
<dimen name="x220">1056.0px</dimen>
<dimen name="x221">1060.8px</dimen>
<dimen name="x222">1065.6px</dimen>
<dimen name="x223">1070.4px</dimen>
<dimen name="x224">1075.2px</dimen>
<dimen name="x225">1080.0px</dimen>
<dimen name="x226">1084.8px</dimen>
<dimen name="x227">1089.6px</dimen>
<dimen name="x228">1094.4px</dimen>
<dimen name="x229">1099.2px</dimen>
<dimen name="x230">1104.0px</dimen>
<dimen name="x231">1108.8px</dimen>
<dimen name="x232">1113.6px</dimen>
<dimen name="x233">1118.4px</dimen>
<dimen name="x234">1123.2px</dimen>
<dimen name="x235">1128.0px</dimen>
<dimen name="x236">1132.8px</dimen>
<dimen name="x237">1137.6px</dimen>
<dimen name="x238">1142.4px</dimen>
<dimen name="x239">1147.2px</dimen>
<dimen name="x240">1152.0px</dimen>
<dimen name="x241">1156.8px</dimen>
<dimen name="x242">1161.6px</dimen>
<dimen name="x243">1166.4px</dimen>
<dimen name="x244">1171.2px</dimen>
<dimen name="x245">1176.0px</dimen>
<dimen name="x246">1180.8px</dimen>
<dimen name="x247">1185.6px</dimen>
<dimen name="x248">1190.4px</dimen>
<dimen name="x249">1195.2px</dimen>
<dimen name="x250">1200.0px</dimen>
<dimen name="x251">1204.8px</dimen>
<dimen name="x252">1209.6px</dimen>
<dimen name="x253">1214.4px</dimen>
<dimen name="x254">1219.2px</dimen>
<dimen name="x255">1224.0px</dimen>
<dimen name="x256">1228.8px</dimen>
<dimen name="x257">1233.6px</dimen>
<dimen name="x258">1238.4px</dimen>
<dimen name="x259">1243.2px</dimen>
<dimen name="x260">1248.0px</dimen>
<dimen name="x261">1252.8px</dimen>
<dimen name="x262">1257.6px</dimen>
<dimen name="x263">1262.4px</dimen>
<dimen name="x264">1267.2px</dimen>
<dimen name="x265">1272.0px</dimen>
<dimen name="x266">1276.8px</dimen>
<dimen name="x267">1281.6px</dimen>
<dimen name="x268">1286.4px</dimen>
<dimen name="x269">1291.2px</dimen>
<dimen name="x270">1296.0px</dimen>
<dimen name="x271">1300.8px</dimen>
<dimen name="x272">1305.6px</dimen>
<dimen name="x273">1310.4px</dimen>
<dimen name="x274">1315.2px</dimen>
<dimen name="x275">1320.0px</dimen>
<dimen name="x276">1324.8px</dimen>
<dimen name="x277">1329.6px</dimen>
<dimen name="x278">1334.4px</dimen>
<dimen name="x279">1339.2px</dimen>
<dimen name="x280">1344.0px</dimen>
<dimen name="x281">1348.8px</dimen>
<dimen name="x282">1353.6px</dimen>
<dimen name="x283">1358.4px</dimen>
<dimen name="x284">1363.2px</dimen>
<dimen name="x285">1368.0px</dimen>
<dimen name="x286">1372.8px</dimen>
<dimen name="x287">1377.6px</dimen>
<dimen name="x288">1382.4px</dimen>
<dimen name="x289">1387.2px</dimen>
<dimen name="x290">1392.0px</dimen>
<dimen name="x291">1396.8px</dimen>
<dimen name="x292">1401.6px</dimen>
<dimen name="x293">1406.4px</dimen>
<dimen name="x294">1411.2px</dimen>
<dimen name="x295">1416.0px</dimen>
<dimen name="x296">1420.8px</dimen>
<dimen name="x297">1425.6px</dimen>
<dimen name="x298">1430.4px</dimen>
<dimen name="x299">1435.2px</dimen>
<dimen name="x300">1440.0px</dimen>
<dimen name="x301">1444.8px</dimen>
<dimen name="x302">1449.6px</dimen>
<dimen name="x303">1454.4px</dimen>
<dimen name="x304">1459.2px</dimen>
<dimen name="x305">1464.0px</dimen>
<dimen name="x306">1468.8px</dimen>
<dimen name="x307">1473.6px</dimen>
<dimen name="x308">1478.4px</dimen>
<dimen name="x309">1483.2px</dimen>
<dimen name="x310">1488.0px</dimen>
<dimen name="x311">1492.8px</dimen>
<dimen name="x312">1497.6px</dimen>
<dimen name="x313">1502.4px</dimen>
<dimen name="x314">1507.2px</dimen>
<dimen name="x315">1512.0px</dimen>
<dimen name="x316">1516.8px</dimen>
<dimen name="x317">1521.6px</dimen>
<dimen name="x318">1526.4px</dimen>
<dimen name="x319">1531.2px</dimen>
<dimen name="x320">1536.0px</dimen>
</resources>