<resources>
<dimen name="y1">1.6px</dimen>
<dimen name="y2">3.3px</dimen>
<dimen name="y3">5.0px</dimen>
<dimen name="y4">6.6px</dimen>
<dimen name="y5">8.3px</dimen>
<dimen name="y6">10.0px</dimen>
<dimen name="y7">11.6px</dimen>
<dimen name="y8">13.3px</dimen>
<dimen name="y9">15.0px</dimen>
<dimen name="y10">16.6px</dimen>
<dimen name="y11">18.3px</dimen>
<dimen name="y12">20.0px</dimen>
<dimen name="y13">21.6px</dimen>
<dimen name="y14">23.3px</dimen>
<dimen name="y15">25.0px</dimen>
<dimen name="y16">26.6px</dimen>
<dimen name="y17">28.3px</dimen>
<dimen name="y18">30.0px</dimen>
<dimen name="y19">31.6px</dimen>
<dimen name="y20">33.3px</dimen>
<dimen name="y21">35.0px</dimen>
<dimen name="y22">36.6px</dimen>
<dimen name="y23">38.3px</dimen>
<dimen name="y24">40.0px</dimen>
<dimen name="y25">41.6px</dimen>
<dimen name="y26">43.3px</dimen>
<dimen name="y27">45.0px</dimen>
<dimen name="y28">46.6px</dimen>
<dimen name="y29">48.3px</dimen>
<dimen name="y30">50.0px</dimen>
<dimen name="y31">51.6px</dimen>
<dimen name="y32">53.3px</dimen>
<dimen name="y33">55.0px</dimen>
<dimen name="y34">56.6px</dimen>
<dimen name="y35">58.3px</dimen>
<dimen name="y36">60.0px</dimen>
<dimen name="y37">61.6px</dimen>
<dimen name="y38">63.3px</dimen>
<dimen name="y39">65.0px</dimen>
<dimen name="y40">66.6px</dimen>
<dimen name="y41">68.3px</dimen>
<dimen name="y42">70.0px</dimen>
<dimen name="y43">71.6px</dimen>
<dimen name="y44">73.3px</dimen>
<dimen name="y45">75.0px</dimen>
<dimen name="y46">76.6px</dimen>
<dimen name="y47">78.3px</dimen>
<dimen name="y48">80.0px</dimen>
<dimen name="y49">81.6px</dimen>
<dimen name="y50">83.3px</dimen>
<dimen name="y51">85.0px</dimen>
<dimen name="y52">86.6px</dimen>
<dimen name="y53">88.3px</dimen>
<dimen name="y54">90.0px</dimen>
<dimen name="y55">91.6px</dimen>
<dimen name="y56">93.3px</dimen>
<dimen name="y57">95.0px</dimen>
<dimen name="y58">96.6px</dimen>
<dimen name="y59">98.3px</dimen>
<dimen name="y60">100.0px</dimen>
<dimen name="y61">101.6px</dimen>
<dimen name="y62">103.3px</dimen>
<dimen name="y63">105.0px</dimen>
<dimen name="y64">106.6px</dimen>
<dimen name="y65">108.3px</dimen>
<dimen name="y66">110.0px</dimen>
<dimen name="y67">111.6px</dimen>
<dimen name="y68">113.3px</dimen>
<dimen name="y69">115.0px</dimen>
<dimen name="y70">116.6px</dimen>
<dimen name="y71">118.3px</dimen>
<dimen name="y72">120.0px</dimen>
<dimen name="y73">121.6px</dimen>
<dimen name="y74">123.3px</dimen>
<dimen name="y75">125.0px</dimen>
<dimen name="y76">126.6px</dimen>
<dimen name="y77">128.3px</dimen>
<dimen name="y78">130.0px</dimen>
<dimen name="y79">131.6px</dimen>
<dimen name="y80">133.3px</dimen>
<dimen name="y81">135.0px</dimen>
<dimen name="y82">136.6px</dimen>
<dimen name="y83">138.3px</dimen>
<dimen name="y84">140.0px</dimen>
<dimen name="y85">141.6px</dimen>
<dimen name="y86">143.3px</dimen>
<dimen name="y87">145.0px</dimen>
<dimen name="y88">146.6px</dimen>
<dimen name="y89">148.3px</dimen>
<dimen name="y90">150.0px</dimen>
<dimen name="y91">151.6px</dimen>
<dimen name="y92">153.3px</dimen>
<dimen name="y93">155.0px</dimen>
<dimen name="y94">156.6px</dimen>
<dimen name="y95">158.3px</dimen>
<dimen name="y96">160.0px</dimen>
<dimen name="y97">161.6px</dimen>
<dimen name="y98">163.3px</dimen>
<dimen name="y99">165.0px</dimen>
<dimen name="y100">166.6px</dimen>
<dimen name="y101">168.3px</dimen>
<dimen name="y102">170.0px</dimen>
<dimen name="y103">171.6px</dimen>
<dimen name="y104">173.3px</dimen>
<dimen name="y105">175.0px</dimen>
<dimen name="y106">176.6px</dimen>
<dimen name="y107">178.3px</dimen>
<dimen name="y108">180.0px</dimen>
<dimen name="y109">181.6px</dimen>
<dimen name="y110">183.3px</dimen>
<dimen name="y111">185.0px</dimen>
<dimen name="y112">186.6px</dimen>
<dimen name="y113">188.3px</dimen>
<dimen name="y114">190.0px</dimen>
<dimen name="y115">191.6px</dimen>
<dimen name="y116">193.3px</dimen>
<dimen name="y117">195.0px</dimen>
<dimen name="y118">196.6px</dimen>
<dimen name="y119">198.3px</dimen>
<dimen name="y120">200.0px</dimen>
<dimen name="y121">201.6px</dimen>
<dimen name="y122">203.3px</dimen>
<dimen name="y123">205.0px</dimen>
<dimen name="y124">206.6px</dimen>
<dimen name="y125">208.3px</dimen>
<dimen name="y126">210.0px</dimen>
<dimen name="y127">211.6px</dimen>
<dimen name="y128">213.3px</dimen>
<dimen name="y129">215.0px</dimen>
<dimen name="y130">216.6px</dimen>
<dimen name="y131">218.3px</dimen>
<dimen name="y132">220.0px</dimen>
<dimen name="y133">221.6px</dimen>
<dimen name="y134">223.3px</dimen>
<dimen name="y135">225.0px</dimen>
<dimen name="y136">226.6px</dimen>
<dimen name="y137">228.3px</dimen>
<dimen name="y138">230.0px</dimen>
<dimen name="y139">231.6px</dimen>
<dimen name="y140">233.3px</dimen>
<dimen name="y141">235.0px</dimen>
<dimen name="y142">236.6px</dimen>
<dimen name="y143">238.3px</dimen>
<dimen name="y144">240.0px</dimen>
<dimen name="y145">241.6px</dimen>
<dimen name="y146">243.3px</dimen>
<dimen name="y147">245.0px</dimen>
<dimen name="y148">246.6px</dimen>
<dimen name="y149">248.3px</dimen>
<dimen name="y150">250.0px</dimen>
<dimen name="y151">251.6px</dimen>
<dimen name="y152">253.3px</dimen>
<dimen name="y153">255.0px</dimen>
<dimen name="y154">256.6px</dimen>
<dimen name="y155">258.3px</dimen>
<dimen name="y156">260.0px</dimen>
<dimen name="y157">261.6px</dimen>
<dimen name="y158">263.3px</dimen>
<dimen name="y159">265.0px</dimen>
<dimen name="y160">266.6px</dimen>
<dimen name="y161">268.3px</dimen>
<dimen name="y162">270.0px</dimen>
<dimen name="y163">271.6px</dimen>
<dimen name="y164">273.3px</dimen>
<dimen name="y165">275.0px</dimen>
<dimen name="y166">276.6px</dimen>
<dimen name="y167">278.3px</dimen>
<dimen name="y168">280.0px</dimen>
<dimen name="y169">281.6px</dimen>
<dimen name="y170">283.3px</dimen>
<dimen name="y171">285.0px</dimen>
<dimen name="y172">286.6px</dimen>
<dimen name="y173">288.3px</dimen>
<dimen name="y174">290.0px</dimen>
<dimen name="y175">291.6px</dimen>
<dimen name="y176">293.3px</dimen>
<dimen name="y177">295.0px</dimen>
<dimen name="y178">296.6px</dimen>
<dimen name="y179">298.3px</dimen>
<dimen name="y180">300.0px</dimen>
<dimen name="y181">301.6px</dimen>
<dimen name="y182">303.3px</dimen>
<dimen name="y183">305.0px</dimen>
<dimen name="y184">306.6px</dimen>
<dimen name="y185">308.3px</dimen>
<dimen name="y186">310.0px</dimen>
<dimen name="y187">311.6px</dimen>
<dimen name="y188">313.3px</dimen>
<dimen name="y189">315.0px</dimen>
<dimen name="y190">316.6px</dimen>
<dimen name="y191">318.3px</dimen>
<dimen name="y192">320.0px</dimen>
<dimen name="y193">321.6px</dimen>
<dimen name="y194">323.3px</dimen>
<dimen name="y195">325.0px</dimen>
<dimen name="y196">326.6px</dimen>
<dimen name="y197">328.3px</dimen>
<dimen name="y198">330.0px</dimen>
<dimen name="y199">331.6px</dimen>
<dimen name="y200">333.3px</dimen>
<dimen name="y201">335.0px</dimen>
<dimen name="y202">336.6px</dimen>
<dimen name="y203">338.3px</dimen>
<dimen name="y204">340.0px</dimen>
<dimen name="y205">341.6px</dimen>
<dimen name="y206">343.3px</dimen>
<dimen name="y207">345.0px</dimen>
<dimen name="y208">346.6px</dimen>
<dimen name="y209">348.3px</dimen>
<dimen name="y210">350.0px</dimen>
<dimen name="y211">351.6px</dimen>
<dimen name="y212">353.3px</dimen>
<dimen name="y213">355.0px</dimen>
<dimen name="y214">356.6px</dimen>
<dimen name="y215">358.3px</dimen>
<dimen name="y216">360.0px</dimen>
<dimen name="y217">361.6px</dimen>
<dimen name="y218">363.3px</dimen>
<dimen name="y219">365.0px</dimen>
<dimen name="y220">366.6px</dimen>
<dimen name="y221">368.3px</dimen>
<dimen name="y222">370.0px</dimen>
<dimen name="y223">371.6px</dimen>
<dimen name="y224">373.3px</dimen>
<dimen name="y225">375.0px</dimen>
<dimen name="y226">376.6px</dimen>
<dimen name="y227">378.3px</dimen>
<dimen name="y228">380.0px</dimen>
<dimen name="y229">381.6px</dimen>
<dimen name="y230">383.3px</dimen>
<dimen name="y231">385.0px</dimen>
<dimen name="y232">386.6px</dimen>
<dimen name="y233">388.3px</dimen>
<dimen name="y234">390.0px</dimen>
<dimen name="y235">391.6px</dimen>
<dimen name="y236">393.3px</dimen>
<dimen name="y237">395.0px</dimen>
<dimen name="y238">396.6px</dimen>
<dimen name="y239">398.3px</dimen>
<dimen name="y240">400.0px</dimen>
<dimen name="y241">401.6px</dimen>
<dimen name="y242">403.3px</dimen>
<dimen name="y243">405.0px</dimen>
<dimen name="y244">406.6px</dimen>
<dimen name="y245">408.3px</dimen>
<dimen name="y246">410.0px</dimen>
<dimen name="y247">411.6px</dimen>
<dimen name="y248">413.3px</dimen>
<dimen name="y249">415.0px</dimen>
<dimen name="y250">416.6px</dimen>
<dimen name="y251">418.3px</dimen>
<dimen name="y252">420.0px</dimen>
<dimen name="y253">421.6px</dimen>
<dimen name="y254">423.3px</dimen>
<dimen name="y255">425.0px</dimen>
<dimen name="y256">426.6px</dimen>
<dimen name="y257">428.3px</dimen>
<dimen name="y258">430.0px</dimen>
<dimen name="y259">431.6px</dimen>
<dimen name="y260">433.3px</dimen>
<dimen name="y261">435.0px</dimen>
<dimen name="y262">436.6px</dimen>
<dimen name="y263">438.3px</dimen>
<dimen name="y264">440.0px</dimen>
<dimen name="y265">441.6px</dimen>
<dimen name="y266">443.3px</dimen>
<dimen name="y267">445.0px</dimen>
<dimen name="y268">446.6px</dimen>
<dimen name="y269">448.3px</dimen>
<dimen name="y270">450.0px</dimen>
<dimen name="y271">451.6px</dimen>
<dimen name="y272">453.3px</dimen>
<dimen name="y273">455.0px</dimen>
<dimen name="y274">456.6px</dimen>
<dimen name="y275">458.3px</dimen>
<dimen name="y276">460.0px</dimen>
<dimen name="y277">461.6px</dimen>
<dimen name="y278">463.3px</dimen>
<dimen name="y279">465.0px</dimen>
<dimen name="y280">466.6px</dimen>
<dimen name="y281">468.3px</dimen>
<dimen name="y282">470.0px</dimen>
<dimen name="y283">471.6px</dimen>
<dimen name="y284">473.3px</dimen>
<dimen name="y285">475.0px</dimen>
<dimen name="y286">476.6px</dimen>
<dimen name="y287">478.3px</dimen>
<dimen name="y288">480.0px</dimen>
<dimen name="y289">481.6px</dimen>
<dimen name="y290">483.3px</dimen>
<dimen name="y291">485.0px</dimen>
<dimen name="y292">486.6px</dimen>
<dimen name="y293">488.3px</dimen>
<dimen name="y294">490.0px</dimen>
<dimen name="y295">491.6px</dimen>
<dimen name="y296">493.3px</dimen>
<dimen name="y297">495.0px</dimen>
<dimen name="y298">496.6px</dimen>
<dimen name="y299">498.3px</dimen>
<dimen name="y300">500.0px</dimen>
<dimen name="y301">501.6px</dimen>
<dimen name="y302">503.3px</dimen>
<dimen name="y303">505.0px</dimen>
<dimen name="y304">506.6px</dimen>
<dimen name="y305">508.3px</dimen>
<dimen name="y306">510.0px</dimen>
<dimen name="y307">511.6px</dimen>
<dimen name="y308">513.3px</dimen>
<dimen name="y309">515.0px</dimen>
<dimen name="y310">516.6px</dimen>
<dimen name="y311">518.3px</dimen>
<dimen name="y312">520.0px</dimen>
<dimen name="y313">521.6px</dimen>
<dimen name="y314">523.3px</dimen>
<dimen name="y315">525.0px</dimen>
<dimen name="y316">526.6px</dimen>
<dimen name="y317">528.3px</dimen>
<dimen name="y318">530.0px</dimen>
<dimen name="y319">531.6px</dimen>
<dimen name="y320">533.3px</dimen>
<dimen name="y321">535.0px</dimen>
<dimen name="y322">536.6px</dimen>
<dimen name="y323">538.3px</dimen>
<dimen name="y324">540.0px</dimen>
<dimen name="y325">541.6px</dimen>
<dimen name="y326">543.3px</dimen>
<dimen name="y327">545.0px</dimen>
<dimen name="y328">546.6px</dimen>
<dimen name="y329">548.3px</dimen>
<dimen name="y330">550.0px</dimen>
<dimen name="y331">551.6px</dimen>
<dimen name="y332">553.3px</dimen>
<dimen name="y333">555.0px</dimen>
<dimen name="y334">556.6px</dimen>
<dimen name="y335">558.3px</dimen>
<dimen name="y336">560.0px</dimen>
<dimen name="y337">561.6px</dimen>
<dimen name="y338">563.3px</dimen>
<dimen name="y339">565.0px</dimen>
<dimen name="y340">566.6px</dimen>
<dimen name="y341">568.3px</dimen>
<dimen name="y342">570.0px</dimen>
<dimen name="y343">571.6px</dimen>
<dimen name="y344">573.3px</dimen>
<dimen name="y345">575.0px</dimen>
<dimen name="y346">576.6px</dimen>
<dimen name="y347">578.3px</dimen>
<dimen name="y348">580.0px</dimen>
<dimen name="y349">581.6px</dimen>
<dimen name="y350">583.3px</dimen>
<dimen name="y351">585.0px</dimen>
<dimen name="y352">586.6px</dimen>
<dimen name="y353">588.3px</dimen>
<dimen name="y354">590.0px</dimen>
<dimen name="y355">591.6px</dimen>
<dimen name="y356">593.3px</dimen>
<dimen name="y357">595.0px</dimen>
<dimen name="y358">596.6px</dimen>
<dimen name="y359">598.3px</dimen>
<dimen name="y360">600.0px</dimen>
<dimen name="y361">601.6px</dimen>
<dimen name="y362">603.3px</dimen>
<dimen name="y363">605.0px</dimen>
<dimen name="y364">606.6px</dimen>
<dimen name="y365">608.3px</dimen>
<dimen name="y366">610.0px</dimen>
<dimen name="y367">611.6px</dimen>
<dimen name="y368">613.3px</dimen>
<dimen name="y369">615.0px</dimen>
<dimen name="y370">616.6px</dimen>
<dimen name="y371">618.3px</dimen>
<dimen name="y372">620.0px</dimen>
<dimen name="y373">621.6px</dimen>
<dimen name="y374">623.3px</dimen>
<dimen name="y375">625.0px</dimen>
<dimen name="y376">626.6px</dimen>
<dimen name="y377">628.3px</dimen>
<dimen name="y378">630.0px</dimen>
<dimen name="y379">631.6px</dimen>
<dimen name="y380">633.3px</dimen>
<dimen name="y381">635.0px</dimen>
<dimen name="y382">636.6px</dimen>
<dimen name="y383">638.3px</dimen>
<dimen name="y384">640.0px</dimen>
<dimen name="y385">641.6px</dimen>
<dimen name="y386">643.3px</dimen>
<dimen name="y387">645.0px</dimen>
<dimen name="y388">646.6px</dimen>
<dimen name="y389">648.3px</dimen>
<dimen name="y390">650.0px</dimen>
<dimen name="y391">651.6px</dimen>
<dimen name="y392">653.3px</dimen>
<dimen name="y393">655.0px</dimen>
<dimen name="y394">656.6px</dimen>
<dimen name="y395">658.3px</dimen>
<dimen name="y396">660.0px</dimen>
<dimen name="y397">661.6px</dimen>
<dimen name="y398">663.3px</dimen>
<dimen name="y399">665.0px</dimen>
<dimen name="y400">666.6px</dimen>
<dimen name="y401">668.3px</dimen>
<dimen name="y402">670.0px</dimen>
<dimen name="y403">671.6px</dimen>
<dimen name="y404">673.3px</dimen>
<dimen name="y405">675.0px</dimen>
<dimen name="y406">676.6px</dimen>
<dimen name="y407">678.3px</dimen>
<dimen name="y408">680.0px</dimen>
<dimen name="y409">681.6px</dimen>
<dimen name="y410">683.3px</dimen>
<dimen name="y411">685.0px</dimen>
<dimen name="y412">686.6px</dimen>
<dimen name="y413">688.3px</dimen>
<dimen name="y414">690.0px</dimen>
<dimen name="y415">691.6px</dimen>
<dimen name="y416">693.3px</dimen>
<dimen name="y417">695.0px</dimen>
<dimen name="y418">696.6px</dimen>
<dimen name="y419">698.3px</dimen>
<dimen name="y420">700.0px</dimen>
<dimen name="y421">701.6px</dimen>
<dimen name="y422">703.3px</dimen>
<dimen name="y423">705.0px</dimen>
<dimen name="y424">706.6px</dimen>
<dimen name="y425">708.3px</dimen>
<dimen name="y426">710.0px</dimen>
<dimen name="y427">711.6px</dimen>
<dimen name="y428">713.3px</dimen>
<dimen name="y429">715.0px</dimen>
<dimen name="y430">716.6px</dimen>
<dimen name="y431">718.3px</dimen>
<dimen name="y432">720.0px</dimen>
<dimen name="y433">721.6px</dimen>
<dimen name="y434">723.3px</dimen>
<dimen name="y435">725.0px</dimen>
<dimen name="y436">726.6px</dimen>
<dimen name="y437">728.3px</dimen>
<dimen name="y438">730.0px</dimen>
<dimen name="y439">731.6px</dimen>
<dimen name="y440">733.3px</dimen>
<dimen name="y441">735.0px</dimen>
<dimen name="y442">736.6px</dimen>
<dimen name="y443">738.3px</dimen>
<dimen name="y444">740.0px</dimen>
<dimen name="y445">741.6px</dimen>
<dimen name="y446">743.3px</dimen>
<dimen name="y447">745.0px</dimen>
<dimen name="y448">746.6px</dimen>
<dimen name="y449">748.3px</dimen>
<dimen name="y450">750.0px</dimen>
<dimen name="y451">751.6px</dimen>
<dimen name="y452">753.3px</dimen>
<dimen name="y453">755.0px</dimen>
<dimen name="y454">756.6px</dimen>
<dimen name="y455">758.3px</dimen>
<dimen name="y456">760.0px</dimen>
<dimen name="y457">761.6px</dimen>
<dimen name="y458">763.3px</dimen>
<dimen name="y459">765.0px</dimen>
<dimen name="y460">766.6px</dimen>
<dimen name="y461">768.3px</dimen>
<dimen name="y462">770.0px</dimen>
<dimen name="y463">771.6px</dimen>
<dimen name="y464">773.3px</dimen>
<dimen name="y465">775.0px</dimen>
<dimen name="y466">776.6px</dimen>
<dimen name="y467">778.3px</dimen>
<dimen name="y468">780.0px</dimen>
<dimen name="y469">781.6px</dimen>
<dimen name="y470">783.3px</dimen>
<dimen name="y471">785.0px</dimen>
<dimen name="y472">786.6px</dimen>
<dimen name="y473">788.3px</dimen>
<dimen name="y474">790.0px</dimen>
<dimen name="y475">791.6px</dimen>
<dimen name="y476">793.3px</dimen>
<dimen name="y477">795.0px</dimen>
<dimen name="y478">796.6px</dimen>
<dimen name="y479">798.3px</dimen>
<dimen name="y480">800.0px</dimen>
</resources>