<resources>
<dimen name="x1">1.3px</dimen>
<dimen name="x2">2.7px</dimen>
<dimen name="x3">4.0px</dimen>
<dimen name="x4">5.4px</dimen>
<dimen name="x5">6.7px</dimen>
<dimen name="x6">8.1px</dimen>
<dimen name="x7">9.4px</dimen>
<dimen name="x8">10.8px</dimen>
<dimen name="x9">12.1px</dimen>
<dimen name="x10">13.5px</dimen>
<dimen name="x11">14.8px</dimen>
<dimen name="x12">16.2px</dimen>
<dimen name="x13">17.5px</dimen>
<dimen name="x14">18.9px</dimen>
<dimen name="x15">20.2px</dimen>
<dimen name="x16">21.6px</dimen>
<dimen name="x17">22.9px</dimen>
<dimen name="x18">24.3px</dimen>
<dimen name="x19">25.6px</dimen>
<dimen name="x20">27.0px</dimen>
<dimen name="x21">28.3px</dimen>
<dimen name="x22">29.7px</dimen>
<dimen name="x23">31.0px</dimen>
<dimen name="x24">32.4px</dimen>
<dimen name="x25">33.7px</dimen>
<dimen name="x26">35.1px</dimen>
<dimen name="x27">36.4px</dimen>
<dimen name="x28">37.8px</dimen>
<dimen name="x29">39.1px</dimen>
<dimen name="x30">40.5px</dimen>
<dimen name="x31">41.8px</dimen>
<dimen name="x32">43.2px</dimen>
<dimen name="x33">44.5px</dimen>
<dimen name="x34">45.9px</dimen>
<dimen name="x35">47.2px</dimen>
<dimen name="x36">48.6px</dimen>
<dimen name="x37">49.9px</dimen>
<dimen name="x38">51.3px</dimen>
<dimen name="x39">52.6px</dimen>
<dimen name="x40">54.0px</dimen>
<dimen name="x41">55.3px</dimen>
<dimen name="x42">56.7px</dimen>
<dimen name="x43">58.0px</dimen>
<dimen name="x44">59.4px</dimen>
<dimen name="x45">60.7px</dimen>
<dimen name="x46">62.1px</dimen>
<dimen name="x47">63.4px</dimen>
<dimen name="x48">64.8px</dimen>
<dimen name="x49">66.1px</dimen>
<dimen name="x50">67.5px</dimen>
<dimen name="x51">68.8px</dimen>
<dimen name="x52">70.2px</dimen>
<dimen name="x53">71.5px</dimen>
<dimen name="x54">72.9px</dimen>
<dimen name="x55">74.2px</dimen>
<dimen name="x56">75.6px</dimen>
<dimen name="x57">76.9px</dimen>
<dimen name="x58">78.3px</dimen>
<dimen name="x59">79.6px</dimen>
<dimen name="x60">81.0px</dimen>
<dimen name="x61">82.3px</dimen>
<dimen name="x62">83.7px</dimen>
<dimen name="x63">85.0px</dimen>
<dimen name="x64">86.4px</dimen>
<dimen name="x65">87.7px</dimen>
<dimen name="x66">89.1px</dimen>
<dimen name="x67">90.4px</dimen>
<dimen name="x68">91.8px</dimen>
<dimen name="x69">93.1px</dimen>
<dimen name="x70">94.5px</dimen>
<dimen name="x71">95.8px</dimen>
<dimen name="x72">97.2px</dimen>
<dimen name="x73">98.5px</dimen>
<dimen name="x74">99.9px</dimen>
<dimen name="x75">101.2px</dimen>
<dimen name="x76">102.6px</dimen>
<dimen name="x77">103.9px</dimen>
<dimen name="x78">105.3px</dimen>
<dimen name="x79">106.6px</dimen>
<dimen name="x80">108.0px</dimen>
<dimen name="x81">109.3px</dimen>
<dimen name="x82">110.7px</dimen>
<dimen name="x83">112.0px</dimen>
<dimen name="x84">113.4px</dimen>
<dimen name="x85">114.7px</dimen>
<dimen name="x86">116.1px</dimen>
<dimen name="x87">117.4px</dimen>
<dimen name="x88">118.8px</dimen>
<dimen name="x89">120.1px</dimen>
<dimen name="x90">121.5px</dimen>
<dimen name="x91">122.8px</dimen>
<dimen name="x92">124.2px</dimen>
<dimen name="x93">125.5px</dimen>
<dimen name="x94">126.9px</dimen>
<dimen name="x95">128.2px</dimen>
<dimen name="x96">129.6px</dimen>
<dimen name="x97">130.9px</dimen>
<dimen name="x98">132.3px</dimen>
<dimen name="x99">133.6px</dimen>
<dimen name="x100">135.0px</dimen>
<dimen name="x101">136.3px</dimen>
<dimen name="x102">137.7px</dimen>
<dimen name="x103">139.0px</dimen>
<dimen name="x104">140.4px</dimen>
<dimen name="x105">141.7px</dimen>
<dimen name="x106">143.1px</dimen>
<dimen name="x107">144.4px</dimen>
<dimen name="x108">145.8px</dimen>
<dimen name="x109">147.1px</dimen>
<dimen name="x110">148.5px</dimen>
<dimen name="x111">149.8px</dimen>
<dimen name="x112">151.2px</dimen>
<dimen name="x113">152.5px</dimen>
<dimen name="x114">153.9px</dimen>
<dimen name="x115">155.2px</dimen>
<dimen name="x116">156.6px</dimen>
<dimen name="x117">157.9px</dimen>
<dimen name="x118">159.3px</dimen>
<dimen name="x119">160.6px</dimen>
<dimen name="x120">162.0px</dimen>
<dimen name="x121">163.3px</dimen>
<dimen name="x122">164.7px</dimen>
<dimen name="x123">166.0px</dimen>
<dimen name="x124">167.4px</dimen>
<dimen name="x125">168.7px</dimen>
<dimen name="x126">170.1px</dimen>
<dimen name="x127">171.4px</dimen>
<dimen name="x128">172.8px</dimen>
<dimen name="x129">174.1px</dimen>
<dimen name="x130">175.5px</dimen>
<dimen name="x131">176.8px</dimen>
<dimen name="x132">178.2px</dimen>
<dimen name="x133">179.5px</dimen>
<dimen name="x134">180.9px</dimen>
<dimen name="x135">182.2px</dimen>
<dimen name="x136">183.6px</dimen>
<dimen name="x137">184.9px</dimen>
<dimen name="x138">186.3px</dimen>
<dimen name="x139">187.6px</dimen>
<dimen name="x140">189.0px</dimen>
<dimen name="x141">190.3px</dimen>
<dimen name="x142">191.7px</dimen>
<dimen name="x143">193.0px</dimen>
<dimen name="x144">194.4px</dimen>
<dimen name="x145">195.7px</dimen>
<dimen name="x146">197.1px</dimen>
<dimen name="x147">198.4px</dimen>
<dimen name="x148">199.8px</dimen>
<dimen name="x149">201.1px</dimen>
<dimen name="x150">202.5px</dimen>
<dimen name="x151">203.8px</dimen>
<dimen name="x152">205.2px</dimen>
<dimen name="x153">206.5px</dimen>
<dimen name="x154">207.9px</dimen>
<dimen name="x155">209.2px</dimen>
<dimen name="x156">210.6px</dimen>
<dimen name="x157">211.9px</dimen>
<dimen name="x158">213.3px</dimen>
<dimen name="x159">214.6px</dimen>
<dimen name="x160">216.0px</dimen>
<dimen name="x161">217.3px</dimen>
<dimen name="x162">218.7px</dimen>
<dimen name="x163">220.0px</dimen>
<dimen name="x164">221.4px</dimen>
<dimen name="x165">222.7px</dimen>
<dimen name="x166">224.1px</dimen>
<dimen name="x167">225.4px</dimen>
<dimen name="x168">226.8px</dimen>
<dimen name="x169">228.1px</dimen>
<dimen name="x170">229.5px</dimen>
<dimen name="x171">230.8px</dimen>
<dimen name="x172">232.2px</dimen>
<dimen name="x173">233.5px</dimen>
<dimen name="x174">234.9px</dimen>
<dimen name="x175">236.2px</dimen>
<dimen name="x176">237.6px</dimen>
<dimen name="x177">238.9px</dimen>
<dimen name="x178">240.3px</dimen>
<dimen name="x179">241.6px</dimen>
<dimen name="x180">243.0px</dimen>
<dimen name="x181">244.3px</dimen>
<dimen name="x182">245.7px</dimen>
<dimen name="x183">247.0px</dimen>
<dimen name="x184">248.4px</dimen>
<dimen name="x185">249.7px</dimen>
<dimen name="x186">251.1px</dimen>
<dimen name="x187">252.4px</dimen>
<dimen name="x188">253.8px</dimen>
<dimen name="x189">255.1px</dimen>
<dimen name="x190">256.5px</dimen>
<dimen name="x191">257.8px</dimen>
<dimen name="x192">259.2px</dimen>
<dimen name="x193">260.5px</dimen>
<dimen name="x194">261.9px</dimen>
<dimen name="x195">263.2px</dimen>
<dimen name="x196">264.6px</dimen>
<dimen name="x197">265.9px</dimen>
<dimen name="x198">267.3px</dimen>
<dimen name="x199">268.6px</dimen>
<dimen name="x200">270.0px</dimen>
<dimen name="x201">271.3px</dimen>
<dimen name="x202">272.7px</dimen>
<dimen name="x203">274.0px</dimen>
<dimen name="x204">275.4px</dimen>
<dimen name="x205">276.7px</dimen>
<dimen name="x206">278.1px</dimen>
<dimen name="x207">279.4px</dimen>
<dimen name="x208">280.8px</dimen>
<dimen name="x209">282.1px</dimen>
<dimen name="x210">283.5px</dimen>
<dimen name="x211">284.8px</dimen>
<dimen name="x212">286.2px</dimen>
<dimen name="x213">287.5px</dimen>
<dimen name="x214">288.9px</dimen>
<dimen name="x215">290.2px</dimen>
<dimen name="x216">291.6px</dimen>
<dimen name="x217">292.9px</dimen>
<dimen name="x218">294.3px</dimen>
<dimen name="x219">295.6px</dimen>
<dimen name="x220">297.0px</dimen>
<dimen name="x221">298.3px</dimen>
<dimen name="x222">299.7px</dimen>
<dimen name="x223">301.0px</dimen>
<dimen name="x224">302.4px</dimen>
<dimen name="x225">303.7px</dimen>
<dimen name="x226">305.1px</dimen>
<dimen name="x227">306.4px</dimen>
<dimen name="x228">307.8px</dimen>
<dimen name="x229">309.1px</dimen>
<dimen name="x230">310.5px</dimen>
<dimen name="x231">311.8px</dimen>
<dimen name="x232">313.2px</dimen>
<dimen name="x233">314.5px</dimen>
<dimen name="x234">315.9px</dimen>
<dimen name="x235">317.2px</dimen>
<dimen name="x236">318.6px</dimen>
<dimen name="x237">319.9px</dimen>
<dimen name="x238">321.3px</dimen>
<dimen name="x239">322.6px</dimen>
<dimen name="x240">324.0px</dimen>
<dimen name="x241">325.3px</dimen>
<dimen name="x242">326.7px</dimen>
<dimen name="x243">328.0px</dimen>
<dimen name="x244">329.4px</dimen>
<dimen name="x245">330.7px</dimen>
<dimen name="x246">332.1px</dimen>
<dimen name="x247">333.4px</dimen>
<dimen name="x248">334.8px</dimen>
<dimen name="x249">336.1px</dimen>
<dimen name="x250">337.5px</dimen>
<dimen name="x251">338.8px</dimen>
<dimen name="x252">340.2px</dimen>
<dimen name="x253">341.5px</dimen>
<dimen name="x254">342.9px</dimen>
<dimen name="x255">344.2px</dimen>
<dimen name="x256">345.6px</dimen>
<dimen name="x257">346.9px</dimen>
<dimen name="x258">348.3px</dimen>
<dimen name="x259">349.6px</dimen>
<dimen name="x260">351.0px</dimen>
<dimen name="x261">352.3px</dimen>
<dimen name="x262">353.7px</dimen>
<dimen name="x263">355.0px</dimen>
<dimen name="x264">356.4px</dimen>
<dimen name="x265">357.7px</dimen>
<dimen name="x266">359.1px</dimen>
<dimen name="x267">360.4px</dimen>
<dimen name="x268">361.8px</dimen>
<dimen name="x269">363.1px</dimen>
<dimen name="x270">364.5px</dimen>
<dimen name="x271">365.8px</dimen>
<dimen name="x272">367.2px</dimen>
<dimen name="x273">368.5px</dimen>
<dimen name="x274">369.9px</dimen>
<dimen name="x275">371.2px</dimen>
<dimen name="x276">372.6px</dimen>
<dimen name="x277">373.9px</dimen>
<dimen name="x278">375.3px</dimen>
<dimen name="x279">376.6px</dimen>
<dimen name="x280">378.0px</dimen>
<dimen name="x281">379.3px</dimen>
<dimen name="x282">380.7px</dimen>
<dimen name="x283">382.0px</dimen>
<dimen name="x284">383.4px</dimen>
<dimen name="x285">384.7px</dimen>
<dimen name="x286">386.1px</dimen>
<dimen name="x287">387.4px</dimen>
<dimen name="x288">388.8px</dimen>
<dimen name="x289">390.1px</dimen>
<dimen name="x290">391.5px</dimen>
<dimen name="x291">392.8px</dimen>
<dimen name="x292">394.2px</dimen>
<dimen name="x293">395.5px</dimen>
<dimen name="x294">396.9px</dimen>
<dimen name="x295">398.2px</dimen>
<dimen name="x296">399.6px</dimen>
<dimen name="x297">400.9px</dimen>
<dimen name="x298">402.3px</dimen>
<dimen name="x299">403.6px</dimen>
<dimen name="x300">405.0px</dimen>
<dimen name="x301">406.3px</dimen>
<dimen name="x302">407.7px</dimen>
<dimen name="x303">409.0px</dimen>
<dimen name="x304">410.4px</dimen>
<dimen name="x305">411.7px</dimen>
<dimen name="x306">413.1px</dimen>
<dimen name="x307">414.4px</dimen>
<dimen name="x308">415.8px</dimen>
<dimen name="x309">417.1px</dimen>
<dimen name="x310">418.5px</dimen>
<dimen name="x311">419.8px</dimen>
<dimen name="x312">421.2px</dimen>
<dimen name="x313">422.5px</dimen>
<dimen name="x314">423.9px</dimen>
<dimen name="x315">425.2px</dimen>
<dimen name="x316">426.6px</dimen>
<dimen name="x317">427.9px</dimen>
<dimen name="x318">429.3px</dimen>
<dimen name="x319">430.6px</dimen>
<dimen name="x320">432.0px</dimen>
</resources>