<resources>
<dimen name="y1">2.6px</dimen>
<dimen name="y2">5.3px</dimen>
<dimen name="y3">8.0px</dimen>
<dimen name="y4">10.6px</dimen>
<dimen name="y5">13.3px</dimen>
<dimen name="y6">16.0px</dimen>
<dimen name="y7">18.6px</dimen>
<dimen name="y8">21.3px</dimen>
<dimen name="y9">24.0px</dimen>
<dimen name="y10">26.6px</dimen>
<dimen name="y11">29.3px</dimen>
<dimen name="y12">32.0px</dimen>
<dimen name="y13">34.6px</dimen>
<dimen name="y14">37.3px</dimen>
<dimen name="y15">40.0px</dimen>
<dimen name="y16">42.6px</dimen>
<dimen name="y17">45.3px</dimen>
<dimen name="y18">48.0px</dimen>
<dimen name="y19">50.6px</dimen>
<dimen name="y20">53.3px</dimen>
<dimen name="y21">56.0px</dimen>
<dimen name="y22">58.6px</dimen>
<dimen name="y23">61.3px</dimen>
<dimen name="y24">64.0px</dimen>
<dimen name="y25">66.6px</dimen>
<dimen name="y26">69.3px</dimen>
<dimen name="y27">72.0px</dimen>
<dimen name="y28">74.6px</dimen>
<dimen name="y29">77.3px</dimen>
<dimen name="y30">80.0px</dimen>
<dimen name="y31">82.6px</dimen>
<dimen name="y32">85.3px</dimen>
<dimen name="y33">88.0px</dimen>
<dimen name="y34">90.6px</dimen>
<dimen name="y35">93.3px</dimen>
<dimen name="y36">96.0px</dimen>
<dimen name="y37">98.6px</dimen>
<dimen name="y38">101.3px</dimen>
<dimen name="y39">104.0px</dimen>
<dimen name="y40">106.6px</dimen>
<dimen name="y41">109.3px</dimen>
<dimen name="y42">112.0px</dimen>
<dimen name="y43">114.6px</dimen>
<dimen name="y44">117.3px</dimen>
<dimen name="y45">120.0px</dimen>
<dimen name="y46">122.6px</dimen>
<dimen name="y47">125.3px</dimen>
<dimen name="y48">128.0px</dimen>
<dimen name="y49">130.6px</dimen>
<dimen name="y50">133.3px</dimen>
<dimen name="y51">136.0px</dimen>
<dimen name="y52">138.6px</dimen>
<dimen name="y53">141.3px</dimen>
<dimen name="y54">144.0px</dimen>
<dimen name="y55">146.6px</dimen>
<dimen name="y56">149.3px</dimen>
<dimen name="y57">152.0px</dimen>
<dimen name="y58">154.6px</dimen>
<dimen name="y59">157.3px</dimen>
<dimen name="y60">160.0px</dimen>
<dimen name="y61">162.6px</dimen>
<dimen name="y62">165.3px</dimen>
<dimen name="y63">168.0px</dimen>
<dimen name="y64">170.6px</dimen>
<dimen name="y65">173.3px</dimen>
<dimen name="y66">176.0px</dimen>
<dimen name="y67">178.6px</dimen>
<dimen name="y68">181.3px</dimen>
<dimen name="y69">184.0px</dimen>
<dimen name="y70">186.6px</dimen>
<dimen name="y71">189.3px</dimen>
<dimen name="y72">192.0px</dimen>
<dimen name="y73">194.6px</dimen>
<dimen name="y74">197.3px</dimen>
<dimen name="y75">200.0px</dimen>
<dimen name="y76">202.6px</dimen>
<dimen name="y77">205.3px</dimen>
<dimen name="y78">208.0px</dimen>
<dimen name="y79">210.6px</dimen>
<dimen name="y80">213.3px</dimen>
<dimen name="y81">216.0px</dimen>
<dimen name="y82">218.6px</dimen>
<dimen name="y83">221.3px</dimen>
<dimen name="y84">224.0px</dimen>
<dimen name="y85">226.6px</dimen>
<dimen name="y86">229.3px</dimen>
<dimen name="y87">232.0px</dimen>
<dimen name="y88">234.6px</dimen>
<dimen name="y89">237.3px</dimen>
<dimen name="y90">240.0px</dimen>
<dimen name="y91">242.6px</dimen>
<dimen name="y92">245.3px</dimen>
<dimen name="y93">248.0px</dimen>
<dimen name="y94">250.6px</dimen>
<dimen name="y95">253.3px</dimen>
<dimen name="y96">256.0px</dimen>
<dimen name="y97">258.6px</dimen>
<dimen name="y98">261.3px</dimen>
<dimen name="y99">264.0px</dimen>
<dimen name="y100">266.6px</dimen>
<dimen name="y101">269.3px</dimen>
<dimen name="y102">272.0px</dimen>
<dimen name="y103">274.6px</dimen>
<dimen name="y104">277.3px</dimen>
<dimen name="y105">280.0px</dimen>
<dimen name="y106">282.6px</dimen>
<dimen name="y107">285.3px</dimen>
<dimen name="y108">288.0px</dimen>
<dimen name="y109">290.6px</dimen>
<dimen name="y110">293.3px</dimen>
<dimen name="y111">296.0px</dimen>
<dimen name="y112">298.6px</dimen>
<dimen name="y113">301.3px</dimen>
<dimen name="y114">304.0px</dimen>
<dimen name="y115">306.6px</dimen>
<dimen name="y116">309.3px</dimen>
<dimen name="y117">312.0px</dimen>
<dimen name="y118">314.6px</dimen>
<dimen name="y119">317.3px</dimen>
<dimen name="y120">320.0px</dimen>
<dimen name="y121">322.6px</dimen>
<dimen name="y122">325.3px</dimen>
<dimen name="y123">328.0px</dimen>
<dimen name="y124">330.6px</dimen>
<dimen name="y125">333.3px</dimen>
<dimen name="y126">336.0px</dimen>
<dimen name="y127">338.6px</dimen>
<dimen name="y128">341.3px</dimen>
<dimen name="y129">344.0px</dimen>
<dimen name="y130">346.6px</dimen>
<dimen name="y131">349.3px</dimen>
<dimen name="y132">352.0px</dimen>
<dimen name="y133">354.6px</dimen>
<dimen name="y134">357.3px</dimen>
<dimen name="y135">360.0px</dimen>
<dimen name="y136">362.6px</dimen>
<dimen name="y137">365.3px</dimen>
<dimen name="y138">368.0px</dimen>
<dimen name="y139">370.6px</dimen>
<dimen name="y140">373.3px</dimen>
<dimen name="y141">376.0px</dimen>
<dimen name="y142">378.6px</dimen>
<dimen name="y143">381.3px</dimen>
<dimen name="y144">384.0px</dimen>
<dimen name="y145">386.6px</dimen>
<dimen name="y146">389.3px</dimen>
<dimen name="y147">392.0px</dimen>
<dimen name="y148">394.6px</dimen>
<dimen name="y149">397.3px</dimen>
<dimen name="y150">400.0px</dimen>
<dimen name="y151">402.6px</dimen>
<dimen name="y152">405.3px</dimen>
<dimen name="y153">408.0px</dimen>
<dimen name="y154">410.6px</dimen>
<dimen name="y155">413.3px</dimen>
<dimen name="y156">416.0px</dimen>
<dimen name="y157">418.6px</dimen>
<dimen name="y158">421.3px</dimen>
<dimen name="y159">424.0px</dimen>
<dimen name="y160">426.6px</dimen>
<dimen name="y161">429.3px</dimen>
<dimen name="y162">432.0px</dimen>
<dimen name="y163">434.6px</dimen>
<dimen name="y164">437.3px</dimen>
<dimen name="y165">440.0px</dimen>
<dimen name="y166">442.6px</dimen>
<dimen name="y167">445.3px</dimen>
<dimen name="y168">448.0px</dimen>
<dimen name="y169">450.6px</dimen>
<dimen name="y170">453.3px</dimen>
<dimen name="y171">456.0px</dimen>
<dimen name="y172">458.6px</dimen>
<dimen name="y173">461.3px</dimen>
<dimen name="y174">464.0px</dimen>
<dimen name="y175">466.6px</dimen>
<dimen name="y176">469.3px</dimen>
<dimen name="y177">472.0px</dimen>
<dimen name="y178">474.6px</dimen>
<dimen name="y179">477.3px</dimen>
<dimen name="y180">480.0px</dimen>
<dimen name="y181">482.6px</dimen>
<dimen name="y182">485.3px</dimen>
<dimen name="y183">488.0px</dimen>
<dimen name="y184">490.6px</dimen>
<dimen name="y185">493.3px</dimen>
<dimen name="y186">496.0px</dimen>
<dimen name="y187">498.6px</dimen>
<dimen name="y188">501.3px</dimen>
<dimen name="y189">504.0px</dimen>
<dimen name="y190">506.6px</dimen>
<dimen name="y191">509.3px</dimen>
<dimen name="y192">512.0px</dimen>
<dimen name="y193">514.6px</dimen>
<dimen name="y194">517.3px</dimen>
<dimen name="y195">520.0px</dimen>
<dimen name="y196">522.6px</dimen>
<dimen name="y197">525.3px</dimen>
<dimen name="y198">528.0px</dimen>
<dimen name="y199">530.6px</dimen>
<dimen name="y200">533.3px</dimen>
<dimen name="y201">536.0px</dimen>
<dimen name="y202">538.6px</dimen>
<dimen name="y203">541.3px</dimen>
<dimen name="y204">544.0px</dimen>
<dimen name="y205">546.6px</dimen>
<dimen name="y206">549.3px</dimen>
<dimen name="y207">552.0px</dimen>
<dimen name="y208">554.6px</dimen>
<dimen name="y209">557.3px</dimen>
<dimen name="y210">560.0px</dimen>
<dimen name="y211">562.6px</dimen>
<dimen name="y212">565.3px</dimen>
<dimen name="y213">568.0px</dimen>
<dimen name="y214">570.6px</dimen>
<dimen name="y215">573.3px</dimen>
<dimen name="y216">576.0px</dimen>
<dimen name="y217">578.6px</dimen>
<dimen name="y218">581.3px</dimen>
<dimen name="y219">584.0px</dimen>
<dimen name="y220">586.6px</dimen>
<dimen name="y221">589.3px</dimen>
<dimen name="y222">592.0px</dimen>
<dimen name="y223">594.6px</dimen>
<dimen name="y224">597.3px</dimen>
<dimen name="y225">600.0px</dimen>
<dimen name="y226">602.6px</dimen>
<dimen name="y227">605.3px</dimen>
<dimen name="y228">608.0px</dimen>
<dimen name="y229">610.6px</dimen>
<dimen name="y230">613.3px</dimen>
<dimen name="y231">616.0px</dimen>
<dimen name="y232">618.6px</dimen>
<dimen name="y233">621.3px</dimen>
<dimen name="y234">624.0px</dimen>
<dimen name="y235">626.6px</dimen>
<dimen name="y236">629.3px</dimen>
<dimen name="y237">632.0px</dimen>
<dimen name="y238">634.6px</dimen>
<dimen name="y239">637.3px</dimen>
<dimen name="y240">640.0px</dimen>
<dimen name="y241">642.6px</dimen>
<dimen name="y242">645.3px</dimen>
<dimen name="y243">648.0px</dimen>
<dimen name="y244">650.6px</dimen>
<dimen name="y245">653.3px</dimen>
<dimen name="y246">656.0px</dimen>
<dimen name="y247">658.6px</dimen>
<dimen name="y248">661.3px</dimen>
<dimen name="y249">664.0px</dimen>
<dimen name="y250">666.6px</dimen>
<dimen name="y251">669.3px</dimen>
<dimen name="y252">672.0px</dimen>
<dimen name="y253">674.6px</dimen>
<dimen name="y254">677.3px</dimen>
<dimen name="y255">680.0px</dimen>
<dimen name="y256">682.6px</dimen>
<dimen name="y257">685.3px</dimen>
<dimen name="y258">688.0px</dimen>
<dimen name="y259">690.6px</dimen>
<dimen name="y260">693.3px</dimen>
<dimen name="y261">696.0px</dimen>
<dimen name="y262">698.6px</dimen>
<dimen name="y263">701.3px</dimen>
<dimen name="y264">704.0px</dimen>
<dimen name="y265">706.6px</dimen>
<dimen name="y266">709.3px</dimen>
<dimen name="y267">712.0px</dimen>
<dimen name="y268">714.6px</dimen>
<dimen name="y269">717.3px</dimen>
<dimen name="y270">720.0px</dimen>
<dimen name="y271">722.6px</dimen>
<dimen name="y272">725.3px</dimen>
<dimen name="y273">728.0px</dimen>
<dimen name="y274">730.6px</dimen>
<dimen name="y275">733.3px</dimen>
<dimen name="y276">736.0px</dimen>
<dimen name="y277">738.6px</dimen>
<dimen name="y278">741.3px</dimen>
<dimen name="y279">744.0px</dimen>
<dimen name="y280">746.6px</dimen>
<dimen name="y281">749.3px</dimen>
<dimen name="y282">752.0px</dimen>
<dimen name="y283">754.6px</dimen>
<dimen name="y284">757.3px</dimen>
<dimen name="y285">760.0px</dimen>
<dimen name="y286">762.6px</dimen>
<dimen name="y287">765.3px</dimen>
<dimen name="y288">768.0px</dimen>
<dimen name="y289">770.6px</dimen>
<dimen name="y290">773.3px</dimen>
<dimen name="y291">776.0px</dimen>
<dimen name="y292">778.6px</dimen>
<dimen name="y293">781.3px</dimen>
<dimen name="y294">784.0px</dimen>
<dimen name="y295">786.6px</dimen>
<dimen name="y296">789.3px</dimen>
<dimen name="y297">792.0px</dimen>
<dimen name="y298">794.6px</dimen>
<dimen name="y299">797.3px</dimen>
<dimen name="y300">800.0px</dimen>
<dimen name="y301">802.6px</dimen>
<dimen name="y302">805.3px</dimen>
<dimen name="y303">808.0px</dimen>
<dimen name="y304">810.6px</dimen>
<dimen name="y305">813.3px</dimen>
<dimen name="y306">816.0px</dimen>
<dimen name="y307">818.6px</dimen>
<dimen name="y308">821.3px</dimen>
<dimen name="y309">824.0px</dimen>
<dimen name="y310">826.6px</dimen>
<dimen name="y311">829.3px</dimen>
<dimen name="y312">832.0px</dimen>
<dimen name="y313">834.6px</dimen>
<dimen name="y314">837.3px</dimen>
<dimen name="y315">840.0px</dimen>
<dimen name="y316">842.6px</dimen>
<dimen name="y317">845.3px</dimen>
<dimen name="y318">848.0px</dimen>
<dimen name="y319">850.6px</dimen>
<dimen name="y320">853.3px</dimen>
<dimen name="y321">856.0px</dimen>
<dimen name="y322">858.6px</dimen>
<dimen name="y323">861.3px</dimen>
<dimen name="y324">864.0px</dimen>
<dimen name="y325">866.6px</dimen>
<dimen name="y326">869.3px</dimen>
<dimen name="y327">872.0px</dimen>
<dimen name="y328">874.6px</dimen>
<dimen name="y329">877.3px</dimen>
<dimen name="y330">880.0px</dimen>
<dimen name="y331">882.6px</dimen>
<dimen name="y332">885.3px</dimen>
<dimen name="y333">888.0px</dimen>
<dimen name="y334">890.6px</dimen>
<dimen name="y335">893.3px</dimen>
<dimen name="y336">896.0px</dimen>
<dimen name="y337">898.6px</dimen>
<dimen name="y338">901.3px</dimen>
<dimen name="y339">904.0px</dimen>
<dimen name="y340">906.6px</dimen>
<dimen name="y341">909.3px</dimen>
<dimen name="y342">912.0px</dimen>
<dimen name="y343">914.6px</dimen>
<dimen name="y344">917.3px</dimen>
<dimen name="y345">920.0px</dimen>
<dimen name="y346">922.6px</dimen>
<dimen name="y347">925.3px</dimen>
<dimen name="y348">928.0px</dimen>
<dimen name="y349">930.6px</dimen>
<dimen name="y350">933.3px</dimen>
<dimen name="y351">936.0px</dimen>
<dimen name="y352">938.6px</dimen>
<dimen name="y353">941.3px</dimen>
<dimen name="y354">944.0px</dimen>
<dimen name="y355">946.6px</dimen>
<dimen name="y356">949.3px</dimen>
<dimen name="y357">952.0px</dimen>
<dimen name="y358">954.6px</dimen>
<dimen name="y359">957.3px</dimen>
<dimen name="y360">960.0px</dimen>
<dimen name="y361">962.6px</dimen>
<dimen name="y362">965.3px</dimen>
<dimen name="y363">968.0px</dimen>
<dimen name="y364">970.6px</dimen>
<dimen name="y365">973.3px</dimen>
<dimen name="y366">976.0px</dimen>
<dimen name="y367">978.6px</dimen>
<dimen name="y368">981.3px</dimen>
<dimen name="y369">984.0px</dimen>
<dimen name="y370">986.6px</dimen>
<dimen name="y371">989.3px</dimen>
<dimen name="y372">992.0px</dimen>
<dimen name="y373">994.6px</dimen>
<dimen name="y374">997.3px</dimen>
<dimen name="y375">1000.0px</dimen>
<dimen name="y376">1002.6px</dimen>
<dimen name="y377">1005.3px</dimen>
<dimen name="y378">1008.0px</dimen>
<dimen name="y379">1010.6px</dimen>
<dimen name="y380">1013.3px</dimen>
<dimen name="y381">1016.0px</dimen>
<dimen name="y382">1018.6px</dimen>
<dimen name="y383">1021.3px</dimen>
<dimen name="y384">1024.0px</dimen>
<dimen name="y385">1026.6px</dimen>
<dimen name="y386">1029.3px</dimen>
<dimen name="y387">1032.0px</dimen>
<dimen name="y388">1034.6px</dimen>
<dimen name="y389">1037.3px</dimen>
<dimen name="y390">1040.0px</dimen>
<dimen name="y391">1042.6px</dimen>
<dimen name="y392">1045.3px</dimen>
<dimen name="y393">1048.0px</dimen>
<dimen name="y394">1050.6px</dimen>
<dimen name="y395">1053.3px</dimen>
<dimen name="y396">1056.0px</dimen>
<dimen name="y397">1058.6px</dimen>
<dimen name="y398">1061.3px</dimen>
<dimen name="y399">1064.0px</dimen>
<dimen name="y400">1066.6px</dimen>
<dimen name="y401">1069.3px</dimen>
<dimen name="y402">1072.0px</dimen>
<dimen name="y403">1074.6px</dimen>
<dimen name="y404">1077.3px</dimen>
<dimen name="y405">1080.0px</dimen>
<dimen name="y406">1082.6px</dimen>
<dimen name="y407">1085.3px</dimen>
<dimen name="y408">1088.0px</dimen>
<dimen name="y409">1090.6px</dimen>
<dimen name="y410">1093.3px</dimen>
<dimen name="y411">1096.0px</dimen>
<dimen name="y412">1098.6px</dimen>
<dimen name="y413">1101.3px</dimen>
<dimen name="y414">1104.0px</dimen>
<dimen name="y415">1106.6px</dimen>
<dimen name="y416">1109.3px</dimen>
<dimen name="y417">1112.0px</dimen>
<dimen name="y418">1114.6px</dimen>
<dimen name="y419">1117.3px</dimen>
<dimen name="y420">1120.0px</dimen>
<dimen name="y421">1122.6px</dimen>
<dimen name="y422">1125.3px</dimen>
<dimen name="y423">1128.0px</dimen>
<dimen name="y424">1130.6px</dimen>
<dimen name="y425">1133.3px</dimen>
<dimen name="y426">1136.0px</dimen>
<dimen name="y427">1138.6px</dimen>
<dimen name="y428">1141.3px</dimen>
<dimen name="y429">1144.0px</dimen>
<dimen name="y430">1146.6px</dimen>
<dimen name="y431">1149.3px</dimen>
<dimen name="y432">1152.0px</dimen>
<dimen name="y433">1154.6px</dimen>
<dimen name="y434">1157.3px</dimen>
<dimen name="y435">1160.0px</dimen>
<dimen name="y436">1162.6px</dimen>
<dimen name="y437">1165.3px</dimen>
<dimen name="y438">1168.0px</dimen>
<dimen name="y439">1170.6px</dimen>
<dimen name="y440">1173.3px</dimen>
<dimen name="y441">1176.0px</dimen>
<dimen name="y442">1178.6px</dimen>
<dimen name="y443">1181.3px</dimen>
<dimen name="y444">1184.0px</dimen>
<dimen name="y445">1186.6px</dimen>
<dimen name="y446">1189.3px</dimen>
<dimen name="y447">1192.0px</dimen>
<dimen name="y448">1194.6px</dimen>
<dimen name="y449">1197.3px</dimen>
<dimen name="y450">1200.0px</dimen>
<dimen name="y451">1202.6px</dimen>
<dimen name="y452">1205.3px</dimen>
<dimen name="y453">1208.0px</dimen>
<dimen name="y454">1210.6px</dimen>
<dimen name="y455">1213.3px</dimen>
<dimen name="y456">1216.0px</dimen>
<dimen name="y457">1218.6px</dimen>
<dimen name="y458">1221.3px</dimen>
<dimen name="y459">1224.0px</dimen>
<dimen name="y460">1226.6px</dimen>
<dimen name="y461">1229.3px</dimen>
<dimen name="y462">1232.0px</dimen>
<dimen name="y463">1234.6px</dimen>
<dimen name="y464">1237.3px</dimen>
<dimen name="y465">1240.0px</dimen>
<dimen name="y466">1242.6px</dimen>
<dimen name="y467">1245.3px</dimen>
<dimen name="y468">1248.0px</dimen>
<dimen name="y469">1250.6px</dimen>
<dimen name="y470">1253.3px</dimen>
<dimen name="y471">1256.0px</dimen>
<dimen name="y472">1258.6px</dimen>
<dimen name="y473">1261.3px</dimen>
<dimen name="y474">1264.0px</dimen>
<dimen name="y475">1266.6px</dimen>
<dimen name="y476">1269.3px</dimen>
<dimen name="y477">1272.0px</dimen>
<dimen name="y478">1274.6px</dimen>
<dimen name="y479">1277.3px</dimen>
<dimen name="y480">1280.0px</dimen>
</resources>