<resources>
<dimen name="y1">1.0px</dimen>
<dimen name="y2">2.0px</dimen>
<dimen name="y3">3.0px</dimen>
<dimen name="y4">4.0px</dimen>
<dimen name="y5">5.0px</dimen>
<dimen name="y6">6.0px</dimen>
<dimen name="y7">7.0px</dimen>
<dimen name="y8">8.0px</dimen>
<dimen name="y9">9.0px</dimen>
<dimen name="y10">10.0px</dimen>
<dimen name="y11">11.0px</dimen>
<dimen name="y12">12.0px</dimen>
<dimen name="y13">13.0px</dimen>
<dimen name="y14">14.0px</dimen>
<dimen name="y15">15.0px</dimen>
<dimen name="y16">16.0px</dimen>
<dimen name="y17">17.0px</dimen>
<dimen name="y18">18.0px</dimen>
<dimen name="y19">19.0px</dimen>
<dimen name="y20">20.0px</dimen>
<dimen name="y21">21.0px</dimen>
<dimen name="y22">22.0px</dimen>
<dimen name="y23">23.0px</dimen>
<dimen name="y24">24.0px</dimen>
<dimen name="y25">25.0px</dimen>
<dimen name="y26">26.0px</dimen>
<dimen name="y27">27.0px</dimen>
<dimen name="y28">28.0px</dimen>
<dimen name="y29">29.0px</dimen>
<dimen name="y30">30.0px</dimen>
<dimen name="y31">31.0px</dimen>
<dimen name="y32">32.0px</dimen>
<dimen name="y33">33.0px</dimen>
<dimen name="y34">34.0px</dimen>
<dimen name="y35">35.0px</dimen>
<dimen name="y36">36.0px</dimen>
<dimen name="y37">37.0px</dimen>
<dimen name="y38">38.0px</dimen>
<dimen name="y39">39.0px</dimen>
<dimen name="y40">40.0px</dimen>
<dimen name="y41">41.0px</dimen>
<dimen name="y42">42.0px</dimen>
<dimen name="y43">43.0px</dimen>
<dimen name="y44">44.0px</dimen>
<dimen name="y45">45.0px</dimen>
<dimen name="y46">46.0px</dimen>
<dimen name="y47">47.0px</dimen>
<dimen name="y48">48.0px</dimen>
<dimen name="y49">49.0px</dimen>
<dimen name="y50">50.0px</dimen>
<dimen name="y51">51.0px</dimen>
<dimen name="y52">52.0px</dimen>
<dimen name="y53">53.0px</dimen>
<dimen name="y54">54.0px</dimen>
<dimen name="y55">55.0px</dimen>
<dimen name="y56">56.0px</dimen>
<dimen name="y57">57.0px</dimen>
<dimen name="y58">58.0px</dimen>
<dimen name="y59">59.0px</dimen>
<dimen name="y60">60.0px</dimen>
<dimen name="y61">61.0px</dimen>
<dimen name="y62">62.0px</dimen>
<dimen name="y63">63.0px</dimen>
<dimen name="y64">64.0px</dimen>
<dimen name="y65">65.0px</dimen>
<dimen name="y66">66.0px</dimen>
<dimen name="y67">67.0px</dimen>
<dimen name="y68">68.0px</dimen>
<dimen name="y69">69.0px</dimen>
<dimen name="y70">70.0px</dimen>
<dimen name="y71">71.0px</dimen>
<dimen name="y72">72.0px</dimen>
<dimen name="y73">73.0px</dimen>
<dimen name="y74">74.0px</dimen>
<dimen name="y75">75.0px</dimen>
<dimen name="y76">76.0px</dimen>
<dimen name="y77">77.0px</dimen>
<dimen name="y78">78.0px</dimen>
<dimen name="y79">79.0px</dimen>
<dimen name="y80">80.0px</dimen>
<dimen name="y81">81.0px</dimen>
<dimen name="y82">82.0px</dimen>
<dimen name="y83">83.0px</dimen>
<dimen name="y84">84.0px</dimen>
<dimen name="y85">85.0px</dimen>
<dimen name="y86">86.0px</dimen>
<dimen name="y87">87.0px</dimen>
<dimen name="y88">88.0px</dimen>
<dimen name="y89">89.0px</dimen>
<dimen name="y90">90.0px</dimen>
<dimen name="y91">91.0px</dimen>
<dimen name="y92">92.0px</dimen>
<dimen name="y93">93.0px</dimen>
<dimen name="y94">94.0px</dimen>
<dimen name="y95">95.0px</dimen>
<dimen name="y96">96.0px</dimen>
<dimen name="y97">97.0px</dimen>
<dimen name="y98">98.0px</dimen>
<dimen name="y99">99.0px</dimen>
<dimen name="y100">100.0px</dimen>
<dimen name="y101">101.0px</dimen>
<dimen name="y102">102.0px</dimen>
<dimen name="y103">103.0px</dimen>
<dimen name="y104">104.0px</dimen>
<dimen name="y105">105.0px</dimen>
<dimen name="y106">106.0px</dimen>
<dimen name="y107">107.0px</dimen>
<dimen name="y108">108.0px</dimen>
<dimen name="y109">109.0px</dimen>
<dimen name="y110">110.0px</dimen>
<dimen name="y111">111.0px</dimen>
<dimen name="y112">112.0px</dimen>
<dimen name="y113">113.0px</dimen>
<dimen name="y114">114.0px</dimen>
<dimen name="y115">115.0px</dimen>
<dimen name="y116">116.0px</dimen>
<dimen name="y117">117.0px</dimen>
<dimen name="y118">118.0px</dimen>
<dimen name="y119">119.0px</dimen>
<dimen name="y120">120.0px</dimen>
<dimen name="y121">121.0px</dimen>
<dimen name="y122">122.0px</dimen>
<dimen name="y123">123.0px</dimen>
<dimen name="y124">124.0px</dimen>
<dimen name="y125">125.0px</dimen>
<dimen name="y126">126.0px</dimen>
<dimen name="y127">127.0px</dimen>
<dimen name="y128">128.0px</dimen>
<dimen name="y129">129.0px</dimen>
<dimen name="y130">130.0px</dimen>
<dimen name="y131">131.0px</dimen>
<dimen name="y132">132.0px</dimen>
<dimen name="y133">133.0px</dimen>
<dimen name="y134">134.0px</dimen>
<dimen name="y135">135.0px</dimen>
<dimen name="y136">136.0px</dimen>
<dimen name="y137">137.0px</dimen>
<dimen name="y138">138.0px</dimen>
<dimen name="y139">139.0px</dimen>
<dimen name="y140">140.0px</dimen>
<dimen name="y141">141.0px</dimen>
<dimen name="y142">142.0px</dimen>
<dimen name="y143">143.0px</dimen>
<dimen name="y144">144.0px</dimen>
<dimen name="y145">145.0px</dimen>
<dimen name="y146">146.0px</dimen>
<dimen name="y147">147.0px</dimen>
<dimen name="y148">148.0px</dimen>
<dimen name="y149">149.0px</dimen>
<dimen name="y150">150.0px</dimen>
<dimen name="y151">151.0px</dimen>
<dimen name="y152">152.0px</dimen>
<dimen name="y153">153.0px</dimen>
<dimen name="y154">154.0px</dimen>
<dimen name="y155">155.0px</dimen>
<dimen name="y156">156.0px</dimen>
<dimen name="y157">157.0px</dimen>
<dimen name="y158">158.0px</dimen>
<dimen name="y159">159.0px</dimen>
<dimen name="y160">160.0px</dimen>
<dimen name="y161">161.0px</dimen>
<dimen name="y162">162.0px</dimen>
<dimen name="y163">163.0px</dimen>
<dimen name="y164">164.0px</dimen>
<dimen name="y165">165.0px</dimen>
<dimen name="y166">166.0px</dimen>
<dimen name="y167">167.0px</dimen>
<dimen name="y168">168.0px</dimen>
<dimen name="y169">169.0px</dimen>
<dimen name="y170">170.0px</dimen>
<dimen name="y171">171.0px</dimen>
<dimen name="y172">172.0px</dimen>
<dimen name="y173">173.0px</dimen>
<dimen name="y174">174.0px</dimen>
<dimen name="y175">175.0px</dimen>
<dimen name="y176">176.0px</dimen>
<dimen name="y177">177.0px</dimen>
<dimen name="y178">178.0px</dimen>
<dimen name="y179">179.0px</dimen>
<dimen name="y180">180.0px</dimen>
<dimen name="y181">181.0px</dimen>
<dimen name="y182">182.0px</dimen>
<dimen name="y183">183.0px</dimen>
<dimen name="y184">184.0px</dimen>
<dimen name="y185">185.0px</dimen>
<dimen name="y186">186.0px</dimen>
<dimen name="y187">187.0px</dimen>
<dimen name="y188">188.0px</dimen>
<dimen name="y189">189.0px</dimen>
<dimen name="y190">190.0px</dimen>
<dimen name="y191">191.0px</dimen>
<dimen name="y192">192.0px</dimen>
<dimen name="y193">193.0px</dimen>
<dimen name="y194">194.0px</dimen>
<dimen name="y195">195.0px</dimen>
<dimen name="y196">196.0px</dimen>
<dimen name="y197">197.0px</dimen>
<dimen name="y198">198.0px</dimen>
<dimen name="y199">199.0px</dimen>
<dimen name="y200">200.0px</dimen>
<dimen name="y201">201.0px</dimen>
<dimen name="y202">202.0px</dimen>
<dimen name="y203">203.0px</dimen>
<dimen name="y204">204.0px</dimen>
<dimen name="y205">205.0px</dimen>
<dimen name="y206">206.0px</dimen>
<dimen name="y207">207.0px</dimen>
<dimen name="y208">208.0px</dimen>
<dimen name="y209">209.0px</dimen>
<dimen name="y210">210.0px</dimen>
<dimen name="y211">211.0px</dimen>
<dimen name="y212">212.0px</dimen>
<dimen name="y213">213.0px</dimen>
<dimen name="y214">214.0px</dimen>
<dimen name="y215">215.0px</dimen>
<dimen name="y216">216.0px</dimen>
<dimen name="y217">217.0px</dimen>
<dimen name="y218">218.0px</dimen>
<dimen name="y219">219.0px</dimen>
<dimen name="y220">220.0px</dimen>
<dimen name="y221">221.0px</dimen>
<dimen name="y222">222.0px</dimen>
<dimen name="y223">223.0px</dimen>
<dimen name="y224">224.0px</dimen>
<dimen name="y225">225.0px</dimen>
<dimen name="y226">226.0px</dimen>
<dimen name="y227">227.0px</dimen>
<dimen name="y228">228.0px</dimen>
<dimen name="y229">229.0px</dimen>
<dimen name="y230">230.0px</dimen>
<dimen name="y231">231.0px</dimen>
<dimen name="y232">232.0px</dimen>
<dimen name="y233">233.0px</dimen>
<dimen name="y234">234.0px</dimen>
<dimen name="y235">235.0px</dimen>
<dimen name="y236">236.0px</dimen>
<dimen name="y237">237.0px</dimen>
<dimen name="y238">238.0px</dimen>
<dimen name="y239">239.0px</dimen>
<dimen name="y240">240.0px</dimen>
<dimen name="y241">241.0px</dimen>
<dimen name="y242">242.0px</dimen>
<dimen name="y243">243.0px</dimen>
<dimen name="y244">244.0px</dimen>
<dimen name="y245">245.0px</dimen>
<dimen name="y246">246.0px</dimen>
<dimen name="y247">247.0px</dimen>
<dimen name="y248">248.0px</dimen>
<dimen name="y249">249.0px</dimen>
<dimen name="y250">250.0px</dimen>
<dimen name="y251">251.0px</dimen>
<dimen name="y252">252.0px</dimen>
<dimen name="y253">253.0px</dimen>
<dimen name="y254">254.0px</dimen>
<dimen name="y255">255.0px</dimen>
<dimen name="y256">256.0px</dimen>
<dimen name="y257">257.0px</dimen>
<dimen name="y258">258.0px</dimen>
<dimen name="y259">259.0px</dimen>
<dimen name="y260">260.0px</dimen>
<dimen name="y261">261.0px</dimen>
<dimen name="y262">262.0px</dimen>
<dimen name="y263">263.0px</dimen>
<dimen name="y264">264.0px</dimen>
<dimen name="y265">265.0px</dimen>
<dimen name="y266">266.0px</dimen>
<dimen name="y267">267.0px</dimen>
<dimen name="y268">268.0px</dimen>
<dimen name="y269">269.0px</dimen>
<dimen name="y270">270.0px</dimen>
<dimen name="y271">271.0px</dimen>
<dimen name="y272">272.0px</dimen>
<dimen name="y273">273.0px</dimen>
<dimen name="y274">274.0px</dimen>
<dimen name="y275">275.0px</dimen>
<dimen name="y276">276.0px</dimen>
<dimen name="y277">277.0px</dimen>
<dimen name="y278">278.0px</dimen>
<dimen name="y279">279.0px</dimen>
<dimen name="y280">280.0px</dimen>
<dimen name="y281">281.0px</dimen>
<dimen name="y282">282.0px</dimen>
<dimen name="y283">283.0px</dimen>
<dimen name="y284">284.0px</dimen>
<dimen name="y285">285.0px</dimen>
<dimen name="y286">286.0px</dimen>
<dimen name="y287">287.0px</dimen>
<dimen name="y288">288.0px</dimen>
<dimen name="y289">289.0px</dimen>
<dimen name="y290">290.0px</dimen>
<dimen name="y291">291.0px</dimen>
<dimen name="y292">292.0px</dimen>
<dimen name="y293">293.0px</dimen>
<dimen name="y294">294.0px</dimen>
<dimen name="y295">295.0px</dimen>
<dimen name="y296">296.0px</dimen>
<dimen name="y297">297.0px</dimen>
<dimen name="y298">298.0px</dimen>
<dimen name="y299">299.0px</dimen>
<dimen name="y300">300.0px</dimen>
<dimen name="y301">301.0px</dimen>
<dimen name="y302">302.0px</dimen>
<dimen name="y303">303.0px</dimen>
<dimen name="y304">304.0px</dimen>
<dimen name="y305">305.0px</dimen>
<dimen name="y306">306.0px</dimen>
<dimen name="y307">307.0px</dimen>
<dimen name="y308">308.0px</dimen>
<dimen name="y309">309.0px</dimen>
<dimen name="y310">310.0px</dimen>
<dimen name="y311">311.0px</dimen>
<dimen name="y312">312.0px</dimen>
<dimen name="y313">313.0px</dimen>
<dimen name="y314">314.0px</dimen>
<dimen name="y315">315.0px</dimen>
<dimen name="y316">316.0px</dimen>
<dimen name="y317">317.0px</dimen>
<dimen name="y318">318.0px</dimen>
<dimen name="y319">319.0px</dimen>
<dimen name="y320">320.0px</dimen>
<dimen name="y321">321.0px</dimen>
<dimen name="y322">322.0px</dimen>
<dimen name="y323">323.0px</dimen>
<dimen name="y324">324.0px</dimen>
<dimen name="y325">325.0px</dimen>
<dimen name="y326">326.0px</dimen>
<dimen name="y327">327.0px</dimen>
<dimen name="y328">328.0px</dimen>
<dimen name="y329">329.0px</dimen>
<dimen name="y330">330.0px</dimen>
<dimen name="y331">331.0px</dimen>
<dimen name="y332">332.0px</dimen>
<dimen name="y333">333.0px</dimen>
<dimen name="y334">334.0px</dimen>
<dimen name="y335">335.0px</dimen>
<dimen name="y336">336.0px</dimen>
<dimen name="y337">337.0px</dimen>
<dimen name="y338">338.0px</dimen>
<dimen name="y339">339.0px</dimen>
<dimen name="y340">340.0px</dimen>
<dimen name="y341">341.0px</dimen>
<dimen name="y342">342.0px</dimen>
<dimen name="y343">343.0px</dimen>
<dimen name="y344">344.0px</dimen>
<dimen name="y345">345.0px</dimen>
<dimen name="y346">346.0px</dimen>
<dimen name="y347">347.0px</dimen>
<dimen name="y348">348.0px</dimen>
<dimen name="y349">349.0px</dimen>
<dimen name="y350">350.0px</dimen>
<dimen name="y351">351.0px</dimen>
<dimen name="y352">352.0px</dimen>
<dimen name="y353">353.0px</dimen>
<dimen name="y354">354.0px</dimen>
<dimen name="y355">355.0px</dimen>
<dimen name="y356">356.0px</dimen>
<dimen name="y357">357.0px</dimen>
<dimen name="y358">358.0px</dimen>
<dimen name="y359">359.0px</dimen>
<dimen name="y360">360.0px</dimen>
<dimen name="y361">361.0px</dimen>
<dimen name="y362">362.0px</dimen>
<dimen name="y363">363.0px</dimen>
<dimen name="y364">364.0px</dimen>
<dimen name="y365">365.0px</dimen>
<dimen name="y366">366.0px</dimen>
<dimen name="y367">367.0px</dimen>
<dimen name="y368">368.0px</dimen>
<dimen name="y369">369.0px</dimen>
<dimen name="y370">370.0px</dimen>
<dimen name="y371">371.0px</dimen>
<dimen name="y372">372.0px</dimen>
<dimen name="y373">373.0px</dimen>
<dimen name="y374">374.0px</dimen>
<dimen name="y375">375.0px</dimen>
<dimen name="y376">376.0px</dimen>
<dimen name="y377">377.0px</dimen>
<dimen name="y378">378.0px</dimen>
<dimen name="y379">379.0px</dimen>
<dimen name="y380">380.0px</dimen>
<dimen name="y381">381.0px</dimen>
<dimen name="y382">382.0px</dimen>
<dimen name="y383">383.0px</dimen>
<dimen name="y384">384.0px</dimen>
<dimen name="y385">385.0px</dimen>
<dimen name="y386">386.0px</dimen>
<dimen name="y387">387.0px</dimen>
<dimen name="y388">388.0px</dimen>
<dimen name="y389">389.0px</dimen>
<dimen name="y390">390.0px</dimen>
<dimen name="y391">391.0px</dimen>
<dimen name="y392">392.0px</dimen>
<dimen name="y393">393.0px</dimen>
<dimen name="y394">394.0px</dimen>
<dimen name="y395">395.0px</dimen>
<dimen name="y396">396.0px</dimen>
<dimen name="y397">397.0px</dimen>
<dimen name="y398">398.0px</dimen>
<dimen name="y399">399.0px</dimen>
<dimen name="y400">400.0px</dimen>
<dimen name="y401">401.0px</dimen>
<dimen name="y402">402.0px</dimen>
<dimen name="y403">403.0px</dimen>
<dimen name="y404">404.0px</dimen>
<dimen name="y405">405.0px</dimen>
<dimen name="y406">406.0px</dimen>
<dimen name="y407">407.0px</dimen>
<dimen name="y408">408.0px</dimen>
<dimen name="y409">409.0px</dimen>
<dimen name="y410">410.0px</dimen>
<dimen name="y411">411.0px</dimen>
<dimen name="y412">412.0px</dimen>
<dimen name="y413">413.0px</dimen>
<dimen name="y414">414.0px</dimen>
<dimen name="y415">415.0px</dimen>
<dimen name="y416">416.0px</dimen>
<dimen name="y417">417.0px</dimen>
<dimen name="y418">418.0px</dimen>
<dimen name="y419">419.0px</dimen>
<dimen name="y420">420.0px</dimen>
<dimen name="y421">421.0px</dimen>
<dimen name="y422">422.0px</dimen>
<dimen name="y423">423.0px</dimen>
<dimen name="y424">424.0px</dimen>
<dimen name="y425">425.0px</dimen>
<dimen name="y426">426.0px</dimen>
<dimen name="y427">427.0px</dimen>
<dimen name="y428">428.0px</dimen>
<dimen name="y429">429.0px</dimen>
<dimen name="y430">430.0px</dimen>
<dimen name="y431">431.0px</dimen>
<dimen name="y432">432.0px</dimen>
<dimen name="y433">433.0px</dimen>
<dimen name="y434">434.0px</dimen>
<dimen name="y435">435.0px</dimen>
<dimen name="y436">436.0px</dimen>
<dimen name="y437">437.0px</dimen>
<dimen name="y438">438.0px</dimen>
<dimen name="y439">439.0px</dimen>
<dimen name="y440">440.0px</dimen>
<dimen name="y441">441.0px</dimen>
<dimen name="y442">442.0px</dimen>
<dimen name="y443">443.0px</dimen>
<dimen name="y444">444.0px</dimen>
<dimen name="y445">445.0px</dimen>
<dimen name="y446">446.0px</dimen>
<dimen name="y447">447.0px</dimen>
<dimen name="y448">448.0px</dimen>
<dimen name="y449">449.0px</dimen>
<dimen name="y450">450.0px</dimen>
<dimen name="y451">451.0px</dimen>
<dimen name="y452">452.0px</dimen>
<dimen name="y453">453.0px</dimen>
<dimen name="y454">454.0px</dimen>
<dimen name="y455">455.0px</dimen>
<dimen name="y456">456.0px</dimen>
<dimen name="y457">457.0px</dimen>
<dimen name="y458">458.0px</dimen>
<dimen name="y459">459.0px</dimen>
<dimen name="y460">460.0px</dimen>
<dimen name="y461">461.0px</dimen>
<dimen name="y462">462.0px</dimen>
<dimen name="y463">463.0px</dimen>
<dimen name="y464">464.0px</dimen>
<dimen name="y465">465.0px</dimen>
<dimen name="y466">466.0px</dimen>
<dimen name="y467">467.0px</dimen>
<dimen name="y468">468.0px</dimen>
<dimen name="y469">469.0px</dimen>
<dimen name="y470">470.0px</dimen>
<dimen name="y471">471.0px</dimen>
<dimen name="y472">472.0px</dimen>
<dimen name="y473">473.0px</dimen>
<dimen name="y474">474.0px</dimen>
<dimen name="y475">475.0px</dimen>
<dimen name="y476">476.0px</dimen>
<dimen name="y477">477.0px</dimen>
<dimen name="y478">478.0px</dimen>
<dimen name="y479">479.0px</dimen>
<dimen name="y480">480.0px</dimen>
</resources>