<resources>
<dimen name="x1">1.0px</dimen>
<dimen name="x2">2.0px</dimen>
<dimen name="x3">3.0px</dimen>
<dimen name="x4">4.0px</dimen>
<dimen name="x5">5.0px</dimen>
<dimen name="x6">6.0px</dimen>
<dimen name="x7">7.0px</dimen>
<dimen name="x8">8.0px</dimen>
<dimen name="x9">9.0px</dimen>
<dimen name="x10">10.0px</dimen>
<dimen name="x11">11.0px</dimen>
<dimen name="x12">12.0px</dimen>
<dimen name="x13">13.0px</dimen>
<dimen name="x14">14.0px</dimen>
<dimen name="x15">15.0px</dimen>
<dimen name="x16">16.0px</dimen>
<dimen name="x17">17.0px</dimen>
<dimen name="x18">18.0px</dimen>
<dimen name="x19">19.0px</dimen>
<dimen name="x20">20.0px</dimen>
<dimen name="x21">21.0px</dimen>
<dimen name="x22">22.0px</dimen>
<dimen name="x23">23.0px</dimen>
<dimen name="x24">24.0px</dimen>
<dimen name="x25">25.0px</dimen>
<dimen name="x26">26.0px</dimen>
<dimen name="x27">27.0px</dimen>
<dimen name="x28">28.0px</dimen>
<dimen name="x29">29.0px</dimen>
<dimen name="x30">30.0px</dimen>
<dimen name="x31">31.0px</dimen>
<dimen name="x32">32.0px</dimen>
<dimen name="x33">33.0px</dimen>
<dimen name="x34">34.0px</dimen>
<dimen name="x35">35.0px</dimen>
<dimen name="x36">36.0px</dimen>
<dimen name="x37">37.0px</dimen>
<dimen name="x38">38.0px</dimen>
<dimen name="x39">39.0px</dimen>
<dimen name="x40">40.0px</dimen>
<dimen name="x41">41.0px</dimen>
<dimen name="x42">42.0px</dimen>
<dimen name="x43">43.0px</dimen>
<dimen name="x44">44.0px</dimen>
<dimen name="x45">45.0px</dimen>
<dimen name="x46">46.0px</dimen>
<dimen name="x47">47.0px</dimen>
<dimen name="x48">48.0px</dimen>
<dimen name="x49">49.0px</dimen>
<dimen name="x50">50.0px</dimen>
<dimen name="x51">51.0px</dimen>
<dimen name="x52">52.0px</dimen>
<dimen name="x53">53.0px</dimen>
<dimen name="x54">54.0px</dimen>
<dimen name="x55">55.0px</dimen>
<dimen name="x56">56.0px</dimen>
<dimen name="x57">57.0px</dimen>
<dimen name="x58">58.0px</dimen>
<dimen name="x59">59.0px</dimen>
<dimen name="x60">60.0px</dimen>
<dimen name="x61">61.0px</dimen>
<dimen name="x62">62.0px</dimen>
<dimen name="x63">63.0px</dimen>
<dimen name="x64">64.0px</dimen>
<dimen name="x65">65.0px</dimen>
<dimen name="x66">66.0px</dimen>
<dimen name="x67">67.0px</dimen>
<dimen name="x68">68.0px</dimen>
<dimen name="x69">69.0px</dimen>
<dimen name="x70">70.0px</dimen>
<dimen name="x71">71.0px</dimen>
<dimen name="x72">72.0px</dimen>
<dimen name="x73">73.0px</dimen>
<dimen name="x74">74.0px</dimen>
<dimen name="x75">75.0px</dimen>
<dimen name="x76">76.0px</dimen>
<dimen name="x77">77.0px</dimen>
<dimen name="x78">78.0px</dimen>
<dimen name="x79">79.0px</dimen>
<dimen name="x80">80.0px</dimen>
<dimen name="x81">81.0px</dimen>
<dimen name="x82">82.0px</dimen>
<dimen name="x83">83.0px</dimen>
<dimen name="x84">84.0px</dimen>
<dimen name="x85">85.0px</dimen>
<dimen name="x86">86.0px</dimen>
<dimen name="x87">87.0px</dimen>
<dimen name="x88">88.0px</dimen>
<dimen name="x89">89.0px</dimen>
<dimen name="x90">90.0px</dimen>
<dimen name="x91">91.0px</dimen>
<dimen name="x92">92.0px</dimen>
<dimen name="x93">93.0px</dimen>
<dimen name="x94">94.0px</dimen>
<dimen name="x95">95.0px</dimen>
<dimen name="x96">96.0px</dimen>
<dimen name="x97">97.0px</dimen>
<dimen name="x98">98.0px</dimen>
<dimen name="x99">99.0px</dimen>
<dimen name="x100">100.0px</dimen>
<dimen name="x101">101.0px</dimen>
<dimen name="x102">102.0px</dimen>
<dimen name="x103">103.0px</dimen>
<dimen name="x104">104.0px</dimen>
<dimen name="x105">105.0px</dimen>
<dimen name="x106">106.0px</dimen>
<dimen name="x107">107.0px</dimen>
<dimen name="x108">108.0px</dimen>
<dimen name="x109">109.0px</dimen>
<dimen name="x110">110.0px</dimen>
<dimen name="x111">111.0px</dimen>
<dimen name="x112">112.0px</dimen>
<dimen name="x113">113.0px</dimen>
<dimen name="x114">114.0px</dimen>
<dimen name="x115">115.0px</dimen>
<dimen name="x116">116.0px</dimen>
<dimen name="x117">117.0px</dimen>
<dimen name="x118">118.0px</dimen>
<dimen name="x119">119.0px</dimen>
<dimen name="x120">120.0px</dimen>
<dimen name="x121">121.0px</dimen>
<dimen name="x122">122.0px</dimen>
<dimen name="x123">123.0px</dimen>
<dimen name="x124">124.0px</dimen>
<dimen name="x125">125.0px</dimen>
<dimen name="x126">126.0px</dimen>
<dimen name="x127">127.0px</dimen>
<dimen name="x128">128.0px</dimen>
<dimen name="x129">129.0px</dimen>
<dimen name="x130">130.0px</dimen>
<dimen name="x131">131.0px</dimen>
<dimen name="x132">132.0px</dimen>
<dimen name="x133">133.0px</dimen>
<dimen name="x134">134.0px</dimen>
<dimen name="x135">135.0px</dimen>
<dimen name="x136">136.0px</dimen>
<dimen name="x137">137.0px</dimen>
<dimen name="x138">138.0px</dimen>
<dimen name="x139">139.0px</dimen>
<dimen name="x140">140.0px</dimen>
<dimen name="x141">141.0px</dimen>
<dimen name="x142">142.0px</dimen>
<dimen name="x143">143.0px</dimen>
<dimen name="x144">144.0px</dimen>
<dimen name="x145">145.0px</dimen>
<dimen name="x146">146.0px</dimen>
<dimen name="x147">147.0px</dimen>
<dimen name="x148">148.0px</dimen>
<dimen name="x149">149.0px</dimen>
<dimen name="x150">150.0px</dimen>
<dimen name="x151">151.0px</dimen>
<dimen name="x152">152.0px</dimen>
<dimen name="x153">153.0px</dimen>
<dimen name="x154">154.0px</dimen>
<dimen name="x155">155.0px</dimen>
<dimen name="x156">156.0px</dimen>
<dimen name="x157">157.0px</dimen>
<dimen name="x158">158.0px</dimen>
<dimen name="x159">159.0px</dimen>
<dimen name="x160">160.0px</dimen>
<dimen name="x161">161.0px</dimen>
<dimen name="x162">162.0px</dimen>
<dimen name="x163">163.0px</dimen>
<dimen name="x164">164.0px</dimen>
<dimen name="x165">165.0px</dimen>
<dimen name="x166">166.0px</dimen>
<dimen name="x167">167.0px</dimen>
<dimen name="x168">168.0px</dimen>
<dimen name="x169">169.0px</dimen>
<dimen name="x170">170.0px</dimen>
<dimen name="x171">171.0px</dimen>
<dimen name="x172">172.0px</dimen>
<dimen name="x173">173.0px</dimen>
<dimen name="x174">174.0px</dimen>
<dimen name="x175">175.0px</dimen>
<dimen name="x176">176.0px</dimen>
<dimen name="x177">177.0px</dimen>
<dimen name="x178">178.0px</dimen>
<dimen name="x179">179.0px</dimen>
<dimen name="x180">180.0px</dimen>
<dimen name="x181">181.0px</dimen>
<dimen name="x182">182.0px</dimen>
<dimen name="x183">183.0px</dimen>
<dimen name="x184">184.0px</dimen>
<dimen name="x185">185.0px</dimen>
<dimen name="x186">186.0px</dimen>
<dimen name="x187">187.0px</dimen>
<dimen name="x188">188.0px</dimen>
<dimen name="x189">189.0px</dimen>
<dimen name="x190">190.0px</dimen>
<dimen name="x191">191.0px</dimen>
<dimen name="x192">192.0px</dimen>
<dimen name="x193">193.0px</dimen>
<dimen name="x194">194.0px</dimen>
<dimen name="x195">195.0px</dimen>
<dimen name="x196">196.0px</dimen>
<dimen name="x197">197.0px</dimen>
<dimen name="x198">198.0px</dimen>
<dimen name="x199">199.0px</dimen>
<dimen name="x200">200.0px</dimen>
<dimen name="x201">201.0px</dimen>
<dimen name="x202">202.0px</dimen>
<dimen name="x203">203.0px</dimen>
<dimen name="x204">204.0px</dimen>
<dimen name="x205">205.0px</dimen>
<dimen name="x206">206.0px</dimen>
<dimen name="x207">207.0px</dimen>
<dimen name="x208">208.0px</dimen>
<dimen name="x209">209.0px</dimen>
<dimen name="x210">210.0px</dimen>
<dimen name="x211">211.0px</dimen>
<dimen name="x212">212.0px</dimen>
<dimen name="x213">213.0px</dimen>
<dimen name="x214">214.0px</dimen>
<dimen name="x215">215.0px</dimen>
<dimen name="x216">216.0px</dimen>
<dimen name="x217">217.0px</dimen>
<dimen name="x218">218.0px</dimen>
<dimen name="x219">219.0px</dimen>
<dimen name="x220">220.0px</dimen>
<dimen name="x221">221.0px</dimen>
<dimen name="x222">222.0px</dimen>
<dimen name="x223">223.0px</dimen>
<dimen name="x224">224.0px</dimen>
<dimen name="x225">225.0px</dimen>
<dimen name="x226">226.0px</dimen>
<dimen name="x227">227.0px</dimen>
<dimen name="x228">228.0px</dimen>
<dimen name="x229">229.0px</dimen>
<dimen name="x230">230.0px</dimen>
<dimen name="x231">231.0px</dimen>
<dimen name="x232">232.0px</dimen>
<dimen name="x233">233.0px</dimen>
<dimen name="x234">234.0px</dimen>
<dimen name="x235">235.0px</dimen>
<dimen name="x236">236.0px</dimen>
<dimen name="x237">237.0px</dimen>
<dimen name="x238">238.0px</dimen>
<dimen name="x239">239.0px</dimen>
<dimen name="x240">240.0px</dimen>
<dimen name="x241">241.0px</dimen>
<dimen name="x242">242.0px</dimen>
<dimen name="x243">243.0px</dimen>
<dimen name="x244">244.0px</dimen>
<dimen name="x245">245.0px</dimen>
<dimen name="x246">246.0px</dimen>
<dimen name="x247">247.0px</dimen>
<dimen name="x248">248.0px</dimen>
<dimen name="x249">249.0px</dimen>
<dimen name="x250">250.0px</dimen>
<dimen name="x251">251.0px</dimen>
<dimen name="x252">252.0px</dimen>
<dimen name="x253">253.0px</dimen>
<dimen name="x254">254.0px</dimen>
<dimen name="x255">255.0px</dimen>
<dimen name="x256">256.0px</dimen>
<dimen name="x257">257.0px</dimen>
<dimen name="x258">258.0px</dimen>
<dimen name="x259">259.0px</dimen>
<dimen name="x260">260.0px</dimen>
<dimen name="x261">261.0px</dimen>
<dimen name="x262">262.0px</dimen>
<dimen name="x263">263.0px</dimen>
<dimen name="x264">264.0px</dimen>
<dimen name="x265">265.0px</dimen>
<dimen name="x266">266.0px</dimen>
<dimen name="x267">267.0px</dimen>
<dimen name="x268">268.0px</dimen>
<dimen name="x269">269.0px</dimen>
<dimen name="x270">270.0px</dimen>
<dimen name="x271">271.0px</dimen>
<dimen name="x272">272.0px</dimen>
<dimen name="x273">273.0px</dimen>
<dimen name="x274">274.0px</dimen>
<dimen name="x275">275.0px</dimen>
<dimen name="x276">276.0px</dimen>
<dimen name="x277">277.0px</dimen>
<dimen name="x278">278.0px</dimen>
<dimen name="x279">279.0px</dimen>
<dimen name="x280">280.0px</dimen>
<dimen name="x281">281.0px</dimen>
<dimen name="x282">282.0px</dimen>
<dimen name="x283">283.0px</dimen>
<dimen name="x284">284.0px</dimen>
<dimen name="x285">285.0px</dimen>
<dimen name="x286">286.0px</dimen>
<dimen name="x287">287.0px</dimen>
<dimen name="x288">288.0px</dimen>
<dimen name="x289">289.0px</dimen>
<dimen name="x290">290.0px</dimen>
<dimen name="x291">291.0px</dimen>
<dimen name="x292">292.0px</dimen>
<dimen name="x293">293.0px</dimen>
<dimen name="x294">294.0px</dimen>
<dimen name="x295">295.0px</dimen>
<dimen name="x296">296.0px</dimen>
<dimen name="x297">297.0px</dimen>
<dimen name="x298">298.0px</dimen>
<dimen name="x299">299.0px</dimen>
<dimen name="x300">300.0px</dimen>
<dimen name="x301">301.0px</dimen>
<dimen name="x302">302.0px</dimen>
<dimen name="x303">303.0px</dimen>
<dimen name="x304">304.0px</dimen>
<dimen name="x305">305.0px</dimen>
<dimen name="x306">306.0px</dimen>
<dimen name="x307">307.0px</dimen>
<dimen name="x308">308.0px</dimen>
<dimen name="x309">309.0px</dimen>
<dimen name="x310">310.0px</dimen>
<dimen name="x311">311.0px</dimen>
<dimen name="x312">312.0px</dimen>
<dimen name="x313">313.0px</dimen>
<dimen name="x314">314.0px</dimen>
<dimen name="x315">315.0px</dimen>
<dimen name="x316">316.0px</dimen>
<dimen name="x317">317.0px</dimen>
<dimen name="x318">318.0px</dimen>
<dimen name="x319">319.0px</dimen>
<dimen name="x320">320.0px</dimen>
</resources>