<resources>
<dimen name="x1">2.2px</dimen>
<dimen name="x2">4.5px</dimen>
<dimen name="x3">6.7px</dimen>
<dimen name="x4">9.0px</dimen>
<dimen name="x5">11.2px</dimen>
<dimen name="x6">13.5px</dimen>
<dimen name="x7">15.7px</dimen>
<dimen name="x8">18.0px</dimen>
<dimen name="x9">20.2px</dimen>
<dimen name="x10">22.5px</dimen>
<dimen name="x11">24.7px</dimen>
<dimen name="x12">27.0px</dimen>
<dimen name="x13">29.2px</dimen>
<dimen name="x14">31.5px</dimen>
<dimen name="x15">33.7px</dimen>
<dimen name="x16">36.0px</dimen>
<dimen name="x17">38.2px</dimen>
<dimen name="x18">40.5px</dimen>
<dimen name="x19">42.7px</dimen>
<dimen name="x20">45.0px</dimen>
<dimen name="x21">47.2px</dimen>
<dimen name="x22">49.5px</dimen>
<dimen name="x23">51.7px</dimen>
<dimen name="x24">54.0px</dimen>
<dimen name="x25">56.2px</dimen>
<dimen name="x26">58.5px</dimen>
<dimen name="x27">60.7px</dimen>
<dimen name="x28">63.0px</dimen>
<dimen name="x29">65.2px</dimen>
<dimen name="x30">67.5px</dimen>
<dimen name="x31">69.7px</dimen>
<dimen name="x32">72.0px</dimen>
<dimen name="x33">74.2px</dimen>
<dimen name="x34">76.5px</dimen>
<dimen name="x35">78.7px</dimen>
<dimen name="x36">81.0px</dimen>
<dimen name="x37">83.2px</dimen>
<dimen name="x38">85.5px</dimen>
<dimen name="x39">87.7px</dimen>
<dimen name="x40">90.0px</dimen>
<dimen name="x41">92.2px</dimen>
<dimen name="x42">94.5px</dimen>
<dimen name="x43">96.7px</dimen>
<dimen name="x44">99.0px</dimen>
<dimen name="x45">101.2px</dimen>
<dimen name="x46">103.5px</dimen>
<dimen name="x47">105.7px</dimen>
<dimen name="x48">108.0px</dimen>
<dimen name="x49">110.2px</dimen>
<dimen name="x50">112.5px</dimen>
<dimen name="x51">114.7px</dimen>
<dimen name="x52">117.0px</dimen>
<dimen name="x53">119.2px</dimen>
<dimen name="x54">121.5px</dimen>
<dimen name="x55">123.7px</dimen>
<dimen name="x56">126.0px</dimen>
<dimen name="x57">128.2px</dimen>
<dimen name="x58">130.5px</dimen>
<dimen name="x59">132.7px</dimen>
<dimen name="x60">135.0px</dimen>
<dimen name="x61">137.2px</dimen>
<dimen name="x62">139.5px</dimen>
<dimen name="x63">141.7px</dimen>
<dimen name="x64">144.0px</dimen>
<dimen name="x65">146.2px</dimen>
<dimen name="x66">148.5px</dimen>
<dimen name="x67">150.7px</dimen>
<dimen name="x68">153.0px</dimen>
<dimen name="x69">155.2px</dimen>
<dimen name="x70">157.5px</dimen>
<dimen name="x71">159.7px</dimen>
<dimen name="x72">162.0px</dimen>
<dimen name="x73">164.2px</dimen>
<dimen name="x74">166.5px</dimen>
<dimen name="x75">168.7px</dimen>
<dimen name="x76">171.0px</dimen>
<dimen name="x77">173.2px</dimen>
<dimen name="x78">175.5px</dimen>
<dimen name="x79">177.7px</dimen>
<dimen name="x80">180.0px</dimen>
<dimen name="x81">182.2px</dimen>
<dimen name="x82">184.5px</dimen>
<dimen name="x83">186.7px</dimen>
<dimen name="x84">189.0px</dimen>
<dimen name="x85">191.2px</dimen>
<dimen name="x86">193.5px</dimen>
<dimen name="x87">195.7px</dimen>
<dimen name="x88">198.0px</dimen>
<dimen name="x89">200.2px</dimen>
<dimen name="x90">202.5px</dimen>
<dimen name="x91">204.7px</dimen>
<dimen name="x92">207.0px</dimen>
<dimen name="x93">209.2px</dimen>
<dimen name="x94">211.5px</dimen>
<dimen name="x95">213.7px</dimen>
<dimen name="x96">216.0px</dimen>
<dimen name="x97">218.2px</dimen>
<dimen name="x98">220.5px</dimen>
<dimen name="x99">222.7px</dimen>
<dimen name="x100">225.0px</dimen>
<dimen name="x101">227.2px</dimen>
<dimen name="x102">229.5px</dimen>
<dimen name="x103">231.7px</dimen>
<dimen name="x104">234.0px</dimen>
<dimen name="x105">236.2px</dimen>
<dimen name="x106">238.5px</dimen>
<dimen name="x107">240.7px</dimen>
<dimen name="x108">243.0px</dimen>
<dimen name="x109">245.2px</dimen>
<dimen name="x110">247.5px</dimen>
<dimen name="x111">249.7px</dimen>
<dimen name="x112">252.0px</dimen>
<dimen name="x113">254.2px</dimen>
<dimen name="x114">256.5px</dimen>
<dimen name="x115">258.7px</dimen>
<dimen name="x116">261.0px</dimen>
<dimen name="x117">263.2px</dimen>
<dimen name="x118">265.5px</dimen>
<dimen name="x119">267.7px</dimen>
<dimen name="x120">270.0px</dimen>
<dimen name="x121">272.2px</dimen>
<dimen name="x122">274.5px</dimen>
<dimen name="x123">276.7px</dimen>
<dimen name="x124">279.0px</dimen>
<dimen name="x125">281.2px</dimen>
<dimen name="x126">283.5px</dimen>
<dimen name="x127">285.7px</dimen>
<dimen name="x128">288.0px</dimen>
<dimen name="x129">290.2px</dimen>
<dimen name="x130">292.5px</dimen>
<dimen name="x131">294.7px</dimen>
<dimen name="x132">297.0px</dimen>
<dimen name="x133">299.2px</dimen>
<dimen name="x134">301.5px</dimen>
<dimen name="x135">303.7px</dimen>
<dimen name="x136">306.0px</dimen>
<dimen name="x137">308.2px</dimen>
<dimen name="x138">310.5px</dimen>
<dimen name="x139">312.7px</dimen>
<dimen name="x140">315.0px</dimen>
<dimen name="x141">317.2px</dimen>
<dimen name="x142">319.5px</dimen>
<dimen name="x143">321.7px</dimen>
<dimen name="x144">324.0px</dimen>
<dimen name="x145">326.2px</dimen>
<dimen name="x146">328.5px</dimen>
<dimen name="x147">330.7px</dimen>
<dimen name="x148">333.0px</dimen>
<dimen name="x149">335.2px</dimen>
<dimen name="x150">337.5px</dimen>
<dimen name="x151">339.7px</dimen>
<dimen name="x152">342.0px</dimen>
<dimen name="x153">344.2px</dimen>
<dimen name="x154">346.5px</dimen>
<dimen name="x155">348.7px</dimen>
<dimen name="x156">351.0px</dimen>
<dimen name="x157">353.2px</dimen>
<dimen name="x158">355.5px</dimen>
<dimen name="x159">357.7px</dimen>
<dimen name="x160">360.0px</dimen>
<dimen name="x161">362.2px</dimen>
<dimen name="x162">364.5px</dimen>
<dimen name="x163">366.7px</dimen>
<dimen name="x164">369.0px</dimen>
<dimen name="x165">371.2px</dimen>
<dimen name="x166">373.5px</dimen>
<dimen name="x167">375.7px</dimen>
<dimen name="x168">378.0px</dimen>
<dimen name="x169">380.2px</dimen>
<dimen name="x170">382.5px</dimen>
<dimen name="x171">384.7px</dimen>
<dimen name="x172">387.0px</dimen>
<dimen name="x173">389.2px</dimen>
<dimen name="x174">391.5px</dimen>
<dimen name="x175">393.7px</dimen>
<dimen name="x176">396.0px</dimen>
<dimen name="x177">398.2px</dimen>
<dimen name="x178">400.5px</dimen>
<dimen name="x179">402.7px</dimen>
<dimen name="x180">405.0px</dimen>
<dimen name="x181">407.2px</dimen>
<dimen name="x182">409.5px</dimen>
<dimen name="x183">411.7px</dimen>
<dimen name="x184">414.0px</dimen>
<dimen name="x185">416.2px</dimen>
<dimen name="x186">418.5px</dimen>
<dimen name="x187">420.7px</dimen>
<dimen name="x188">423.0px</dimen>
<dimen name="x189">425.2px</dimen>
<dimen name="x190">427.5px</dimen>
<dimen name="x191">429.7px</dimen>
<dimen name="x192">432.0px</dimen>
<dimen name="x193">434.2px</dimen>
<dimen name="x194">436.5px</dimen>
<dimen name="x195">438.7px</dimen>
<dimen name="x196">441.0px</dimen>
<dimen name="x197">443.2px</dimen>
<dimen name="x198">445.5px</dimen>
<dimen name="x199">447.7px</dimen>
<dimen name="x200">450.0px</dimen>
<dimen name="x201">452.2px</dimen>
<dimen name="x202">454.5px</dimen>
<dimen name="x203">456.7px</dimen>
<dimen name="x204">459.0px</dimen>
<dimen name="x205">461.2px</dimen>
<dimen name="x206">463.5px</dimen>
<dimen name="x207">465.7px</dimen>
<dimen name="x208">468.0px</dimen>
<dimen name="x209">470.2px</dimen>
<dimen name="x210">472.5px</dimen>
<dimen name="x211">474.7px</dimen>
<dimen name="x212">477.0px</dimen>
<dimen name="x213">479.2px</dimen>
<dimen name="x214">481.5px</dimen>
<dimen name="x215">483.7px</dimen>
<dimen name="x216">486.0px</dimen>
<dimen name="x217">488.2px</dimen>
<dimen name="x218">490.5px</dimen>
<dimen name="x219">492.7px</dimen>
<dimen name="x220">495.0px</dimen>
<dimen name="x221">497.2px</dimen>
<dimen name="x222">499.5px</dimen>
<dimen name="x223">501.7px</dimen>
<dimen name="x224">504.0px</dimen>
<dimen name="x225">506.2px</dimen>
<dimen name="x226">508.5px</dimen>
<dimen name="x227">510.7px</dimen>
<dimen name="x228">513.0px</dimen>
<dimen name="x229">515.2px</dimen>
<dimen name="x230">517.5px</dimen>
<dimen name="x231">519.7px</dimen>
<dimen name="x232">522.0px</dimen>
<dimen name="x233">524.2px</dimen>
<dimen name="x234">526.5px</dimen>
<dimen name="x235">528.7px</dimen>
<dimen name="x236">531.0px</dimen>
<dimen name="x237">533.2px</dimen>
<dimen name="x238">535.5px</dimen>
<dimen name="x239">537.7px</dimen>
<dimen name="x240">540.0px</dimen>
<dimen name="x241">542.2px</dimen>
<dimen name="x242">544.5px</dimen>
<dimen name="x243">546.7px</dimen>
<dimen name="x244">549.0px</dimen>
<dimen name="x245">551.2px</dimen>
<dimen name="x246">553.5px</dimen>
<dimen name="x247">555.7px</dimen>
<dimen name="x248">558.0px</dimen>
<dimen name="x249">560.2px</dimen>
<dimen name="x250">562.5px</dimen>
<dimen name="x251">564.7px</dimen>
<dimen name="x252">567.0px</dimen>
<dimen name="x253">569.2px</dimen>
<dimen name="x254">571.5px</dimen>
<dimen name="x255">573.7px</dimen>
<dimen name="x256">576.0px</dimen>
<dimen name="x257">578.2px</dimen>
<dimen name="x258">580.5px</dimen>
<dimen name="x259">582.7px</dimen>
<dimen name="x260">585.0px</dimen>
<dimen name="x261">587.2px</dimen>
<dimen name="x262">589.5px</dimen>
<dimen name="x263">591.7px</dimen>
<dimen name="x264">594.0px</dimen>
<dimen name="x265">596.2px</dimen>
<dimen name="x266">598.5px</dimen>
<dimen name="x267">600.7px</dimen>
<dimen name="x268">603.0px</dimen>
<dimen name="x269">605.2px</dimen>
<dimen name="x270">607.5px</dimen>
<dimen name="x271">609.7px</dimen>
<dimen name="x272">612.0px</dimen>
<dimen name="x273">614.2px</dimen>
<dimen name="x274">616.5px</dimen>
<dimen name="x275">618.7px</dimen>
<dimen name="x276">621.0px</dimen>
<dimen name="x277">623.2px</dimen>
<dimen name="x278">625.5px</dimen>
<dimen name="x279">627.7px</dimen>
<dimen name="x280">630.0px</dimen>
<dimen name="x281">632.2px</dimen>
<dimen name="x282">634.5px</dimen>
<dimen name="x283">636.7px</dimen>
<dimen name="x284">639.0px</dimen>
<dimen name="x285">641.2px</dimen>
<dimen name="x286">643.5px</dimen>
<dimen name="x287">645.7px</dimen>
<dimen name="x288">648.0px</dimen>
<dimen name="x289">650.2px</dimen>
<dimen name="x290">652.5px</dimen>
<dimen name="x291">654.7px</dimen>
<dimen name="x292">657.0px</dimen>
<dimen name="x293">659.2px</dimen>
<dimen name="x294">661.5px</dimen>
<dimen name="x295">663.7px</dimen>
<dimen name="x296">666.0px</dimen>
<dimen name="x297">668.2px</dimen>
<dimen name="x298">670.5px</dimen>
<dimen name="x299">672.7px</dimen>
<dimen name="x300">675.0px</dimen>
<dimen name="x301">677.2px</dimen>
<dimen name="x302">679.5px</dimen>
<dimen name="x303">681.7px</dimen>
<dimen name="x304">684.0px</dimen>
<dimen name="x305">686.2px</dimen>
<dimen name="x306">688.5px</dimen>
<dimen name="x307">690.7px</dimen>
<dimen name="x308">693.0px</dimen>
<dimen name="x309">695.2px</dimen>
<dimen name="x310">697.5px</dimen>
<dimen name="x311">699.7px</dimen>
<dimen name="x312">702.0px</dimen>
<dimen name="x313">704.2px</dimen>
<dimen name="x314">706.5px</dimen>
<dimen name="x315">708.7px</dimen>
<dimen name="x316">711.0px</dimen>
<dimen name="x317">713.2px</dimen>
<dimen name="x318">715.5px</dimen>
<dimen name="x319">717.7px</dimen>
<dimen name="x320">720.0px</dimen>
</resources>