<resources>
<dimen name="y1">2.5px</dimen>
<dimen name="y2">5.0px</dimen>
<dimen name="y3">7.6px</dimen>
<dimen name="y4">10.1px</dimen>
<dimen name="y5">12.6px</dimen>
<dimen name="y6">15.2px</dimen>
<dimen name="y7">17.7px</dimen>
<dimen name="y8">20.2px</dimen>
<dimen name="y9">22.8px</dimen>
<dimen name="y10">25.3px</dimen>
<dimen name="y11">27.8px</dimen>
<dimen name="y12">30.4px</dimen>
<dimen name="y13">32.9px</dimen>
<dimen name="y14">35.4px</dimen>
<dimen name="y15">38.0px</dimen>
<dimen name="y16">40.5px</dimen>
<dimen name="y17">43.0px</dimen>
<dimen name="y18">45.6px</dimen>
<dimen name="y19">48.1px</dimen>
<dimen name="y20">50.6px</dimen>
<dimen name="y21">53.2px</dimen>
<dimen name="y22">55.7px</dimen>
<dimen name="y23">58.2px</dimen>
<dimen name="y24">60.8px</dimen>
<dimen name="y25">63.3px</dimen>
<dimen name="y26">65.8px</dimen>
<dimen name="y27">68.4px</dimen>
<dimen name="y28">70.9px</dimen>
<dimen name="y29">73.4px</dimen>
<dimen name="y30">76.0px</dimen>
<dimen name="y31">78.5px</dimen>
<dimen name="y32">81.0px</dimen>
<dimen name="y33">83.6px</dimen>
<dimen name="y34">86.1px</dimen>
<dimen name="y35">88.6px</dimen>
<dimen name="y36">91.2px</dimen>
<dimen name="y37">93.7px</dimen>
<dimen name="y38">96.2px</dimen>
<dimen name="y39">98.7px</dimen>
<dimen name="y40">101.3px</dimen>
<dimen name="y41">103.8px</dimen>
<dimen name="y42">106.4px</dimen>
<dimen name="y43">108.9px</dimen>
<dimen name="y44">111.4px</dimen>
<dimen name="y45">114.0px</dimen>
<dimen name="y46">116.5px</dimen>
<dimen name="y47">119.0px</dimen>
<dimen name="y48">121.6px</dimen>
<dimen name="y49">124.1px</dimen>
<dimen name="y50">126.6px</dimen>
<dimen name="y51">129.2px</dimen>
<dimen name="y52">131.7px</dimen>
<dimen name="y53">134.2px</dimen>
<dimen name="y54">136.8px</dimen>
<dimen name="y55">139.3px</dimen>
<dimen name="y56">141.8px</dimen>
<dimen name="y57">144.4px</dimen>
<dimen name="y58">146.9px</dimen>
<dimen name="y59">149.4px</dimen>
<dimen name="y60">152.0px</dimen>
<dimen name="y61">154.5px</dimen>
<dimen name="y62">157.0px</dimen>
<dimen name="y63">159.5px</dimen>
<dimen name="y64">162.1px</dimen>
<dimen name="y65">164.6px</dimen>
<dimen name="y66">167.2px</dimen>
<dimen name="y67">169.7px</dimen>
<dimen name="y68">172.2px</dimen>
<dimen name="y69">174.8px</dimen>
<dimen name="y70">177.3px</dimen>
<dimen name="y71">179.8px</dimen>
<dimen name="y72">182.4px</dimen>
<dimen name="y73">184.9px</dimen>
<dimen name="y74">187.4px</dimen>
<dimen name="y75">190.0px</dimen>
<dimen name="y76">192.5px</dimen>
<dimen name="y77">195.0px</dimen>
<dimen name="y78">197.5px</dimen>
<dimen name="y79">200.1px</dimen>
<dimen name="y80">202.6px</dimen>
<dimen name="y81">205.2px</dimen>
<dimen name="y82">207.7px</dimen>
<dimen name="y83">210.2px</dimen>
<dimen name="y84">212.8px</dimen>
<dimen name="y85">215.3px</dimen>
<dimen name="y86">217.8px</dimen>
<dimen name="y87">220.4px</dimen>
<dimen name="y88">222.9px</dimen>
<dimen name="y89">225.4px</dimen>
<dimen name="y90">228.0px</dimen>
<dimen name="y91">230.5px</dimen>
<dimen name="y92">233.0px</dimen>
<dimen name="y93">235.6px</dimen>
<dimen name="y94">238.1px</dimen>
<dimen name="y95">240.6px</dimen>
<dimen name="y96">243.2px</dimen>
<dimen name="y97">245.7px</dimen>
<dimen name="y98">248.2px</dimen>
<dimen name="y99">250.8px</dimen>
<dimen name="y100">253.3px</dimen>
<dimen name="y101">255.8px</dimen>
<dimen name="y102">258.4px</dimen>
<dimen name="y103">260.9px</dimen>
<dimen name="y104">263.4px</dimen>
<dimen name="y105">266.0px</dimen>
<dimen name="y106">268.5px</dimen>
<dimen name="y107">271.0px</dimen>
<dimen name="y108">273.6px</dimen>
<dimen name="y109">276.1px</dimen>
<dimen name="y110">278.6px</dimen>
<dimen name="y111">281.1px</dimen>
<dimen name="y112">283.7px</dimen>
<dimen name="y113">286.2px</dimen>
<dimen name="y114">288.8px</dimen>
<dimen name="y115">291.3px</dimen>
<dimen name="y116">293.8px</dimen>
<dimen name="y117">296.4px</dimen>
<dimen name="y118">298.9px</dimen>
<dimen name="y119">301.4px</dimen>
<dimen name="y120">304.0px</dimen>
<dimen name="y121">306.5px</dimen>
<dimen name="y122">309.0px</dimen>
<dimen name="y123">311.6px</dimen>
<dimen name="y124">314.1px</dimen>
<dimen name="y125">316.6px</dimen>
<dimen name="y126">319.1px</dimen>
<dimen name="y127">321.7px</dimen>
<dimen name="y128">324.2px</dimen>
<dimen name="y129">326.8px</dimen>
<dimen name="y130">329.3px</dimen>
<dimen name="y131">331.8px</dimen>
<dimen name="y132">334.4px</dimen>
<dimen name="y133">336.9px</dimen>
<dimen name="y134">339.4px</dimen>
<dimen name="y135">342.0px</dimen>
<dimen name="y136">344.5px</dimen>
<dimen name="y137">347.0px</dimen>
<dimen name="y138">349.6px</dimen>
<dimen name="y139">352.1px</dimen>
<dimen name="y140">354.6px</dimen>
<dimen name="y141">357.1px</dimen>
<dimen name="y142">359.7px</dimen>
<dimen name="y143">362.2px</dimen>
<dimen name="y144">364.8px</dimen>
<dimen name="y145">367.3px</dimen>
<dimen name="y146">369.8px</dimen>
<dimen name="y147">372.4px</dimen>
<dimen name="y148">374.9px</dimen>
<dimen name="y149">377.4px</dimen>
<dimen name="y150">380.0px</dimen>
<dimen name="y151">382.5px</dimen>
<dimen name="y152">385.0px</dimen>
<dimen name="y153">387.6px</dimen>
<dimen name="y154">390.1px</dimen>
<dimen name="y155">392.6px</dimen>
<dimen name="y156">395.1px</dimen>
<dimen name="y157">397.7px</dimen>
<dimen name="y158">400.2px</dimen>
<dimen name="y159">402.8px</dimen>
<dimen name="y160">405.3px</dimen>
<dimen name="y161">407.8px</dimen>
<dimen name="y162">410.4px</dimen>
<dimen name="y163">412.9px</dimen>
<dimen name="y164">415.4px</dimen>
<dimen name="y165">418.0px</dimen>
<dimen name="y166">420.5px</dimen>
<dimen name="y167">423.0px</dimen>
<dimen name="y168">425.6px</dimen>
<dimen name="y169">428.1px</dimen>
<dimen name="y170">430.6px</dimen>
<dimen name="y171">433.2px</dimen>
<dimen name="y172">435.7px</dimen>
<dimen name="y173">438.2px</dimen>
<dimen name="y174">440.8px</dimen>
<dimen name="y175">443.3px</dimen>
<dimen name="y176">445.8px</dimen>
<dimen name="y177">448.4px</dimen>
<dimen name="y178">450.9px</dimen>
<dimen name="y179">453.4px</dimen>
<dimen name="y180">456.0px</dimen>
<dimen name="y181">458.5px</dimen>
<dimen name="y182">461.0px</dimen>
<dimen name="y183">463.6px</dimen>
<dimen name="y184">466.1px</dimen>
<dimen name="y185">468.6px</dimen>
<dimen name="y186">471.2px</dimen>
<dimen name="y187">473.7px</dimen>
<dimen name="y188">476.2px</dimen>
<dimen name="y189">478.8px</dimen>
<dimen name="y190">481.3px</dimen>
<dimen name="y191">483.8px</dimen>
<dimen name="y192">486.4px</dimen>
<dimen name="y193">488.9px</dimen>
<dimen name="y194">491.4px</dimen>
<dimen name="y195">494.0px</dimen>
<dimen name="y196">496.5px</dimen>
<dimen name="y197">499.0px</dimen>
<dimen name="y198">501.6px</dimen>
<dimen name="y199">504.1px</dimen>
<dimen name="y200">506.6px</dimen>
<dimen name="y201">509.2px</dimen>
<dimen name="y202">511.7px</dimen>
<dimen name="y203">514.2px</dimen>
<dimen name="y204">516.8px</dimen>
<dimen name="y205">519.3px</dimen>
<dimen name="y206">521.8px</dimen>
<dimen name="y207">524.3px</dimen>
<dimen name="y208">526.9px</dimen>
<dimen name="y209">529.4px</dimen>
<dimen name="y210">532.0px</dimen>
<dimen name="y211">534.5px</dimen>
<dimen name="y212">537.0px</dimen>
<dimen name="y213">539.6px</dimen>
<dimen name="y214">542.1px</dimen>
<dimen name="y215">544.6px</dimen>
<dimen name="y216">547.2px</dimen>
<dimen name="y217">549.7px</dimen>
<dimen name="y218">552.2px</dimen>
<dimen name="y219">554.8px</dimen>
<dimen name="y220">557.3px</dimen>
<dimen name="y221">559.8px</dimen>
<dimen name="y222">562.3px</dimen>
<dimen name="y223">564.9px</dimen>
<dimen name="y224">567.4px</dimen>
<dimen name="y225">570.0px</dimen>
<dimen name="y226">572.5px</dimen>
<dimen name="y227">575.0px</dimen>
<dimen name="y228">577.6px</dimen>
<dimen name="y229">580.1px</dimen>
<dimen name="y230">582.6px</dimen>
<dimen name="y231">585.2px</dimen>
<dimen name="y232">587.7px</dimen>
<dimen name="y233">590.2px</dimen>
<dimen name="y234">592.8px</dimen>
<dimen name="y235">595.3px</dimen>
<dimen name="y236">597.8px</dimen>
<dimen name="y237">600.3px</dimen>
<dimen name="y238">602.9px</dimen>
<dimen name="y239">605.4px</dimen>
<dimen name="y240">608.0px</dimen>
<dimen name="y241">610.5px</dimen>
<dimen name="y242">613.0px</dimen>
<dimen name="y243">615.6px</dimen>
<dimen name="y244">618.1px</dimen>
<dimen name="y245">620.6px</dimen>
<dimen name="y246">623.2px</dimen>
<dimen name="y247">625.7px</dimen>
<dimen name="y248">628.2px</dimen>
<dimen name="y249">630.8px</dimen>
<dimen name="y250">633.3px</dimen>
<dimen name="y251">635.8px</dimen>
<dimen name="y252">638.3px</dimen>
<dimen name="y253">640.9px</dimen>
<dimen name="y254">643.4px</dimen>
<dimen name="y255">646.0px</dimen>
<dimen name="y256">648.5px</dimen>
<dimen name="y257">651.0px</dimen>
<dimen name="y258">653.6px</dimen>
<dimen name="y259">656.1px</dimen>
<dimen name="y260">658.6px</dimen>
<dimen name="y261">661.2px</dimen>
<dimen name="y262">663.7px</dimen>
<dimen name="y263">666.2px</dimen>
<dimen name="y264">668.8px</dimen>
<dimen name="y265">671.3px</dimen>
<dimen name="y266">673.8px</dimen>
<dimen name="y267">676.3px</dimen>
<dimen name="y268">678.9px</dimen>
<dimen name="y269">681.4px</dimen>
<dimen name="y270">684.0px</dimen>
<dimen name="y271">686.5px</dimen>
<dimen name="y272">689.0px</dimen>
<dimen name="y273">691.6px</dimen>
<dimen name="y274">694.1px</dimen>
<dimen name="y275">696.6px</dimen>
<dimen name="y276">699.2px</dimen>
<dimen name="y277">701.7px</dimen>
<dimen name="y278">704.2px</dimen>
<dimen name="y279">706.8px</dimen>
<dimen name="y280">709.3px</dimen>
<dimen name="y281">711.8px</dimen>
<dimen name="y282">714.3px</dimen>
<dimen name="y283">716.9px</dimen>
<dimen name="y284">719.4px</dimen>
<dimen name="y285">722.0px</dimen>
<dimen name="y286">724.5px</dimen>
<dimen name="y287">727.0px</dimen>
<dimen name="y288">729.6px</dimen>
<dimen name="y289">732.1px</dimen>
<dimen name="y290">734.6px</dimen>
<dimen name="y291">737.2px</dimen>
<dimen name="y292">739.7px</dimen>
<dimen name="y293">742.2px</dimen>
<dimen name="y294">744.8px</dimen>
<dimen name="y295">747.3px</dimen>
<dimen name="y296">749.8px</dimen>
<dimen name="y297">752.3px</dimen>
<dimen name="y298">754.9px</dimen>
<dimen name="y299">757.4px</dimen>
<dimen name="y300">760.0px</dimen>
<dimen name="y301">762.5px</dimen>
<dimen name="y302">765.0px</dimen>
<dimen name="y303">767.6px</dimen>
<dimen name="y304">770.1px</dimen>
<dimen name="y305">772.6px</dimen>
<dimen name="y306">775.2px</dimen>
<dimen name="y307">777.7px</dimen>
<dimen name="y308">780.2px</dimen>
<dimen name="y309">782.8px</dimen>
<dimen name="y310">785.3px</dimen>
<dimen name="y311">787.8px</dimen>
<dimen name="y312">790.3px</dimen>
<dimen name="y313">792.9px</dimen>
<dimen name="y314">795.4px</dimen>
<dimen name="y315">798.0px</dimen>
<dimen name="y316">800.5px</dimen>
<dimen name="y317">803.0px</dimen>
<dimen name="y318">805.6px</dimen>
<dimen name="y319">808.1px</dimen>
<dimen name="y320">810.6px</dimen>
<dimen name="y321">813.2px</dimen>
<dimen name="y322">815.7px</dimen>
<dimen name="y323">818.2px</dimen>
<dimen name="y324">820.8px</dimen>
<dimen name="y325">823.3px</dimen>
<dimen name="y326">825.8px</dimen>
<dimen name="y327">828.4px</dimen>
<dimen name="y328">830.9px</dimen>
<dimen name="y329">833.4px</dimen>
<dimen name="y330">836.0px</dimen>
<dimen name="y331">838.5px</dimen>
<dimen name="y332">841.0px</dimen>
<dimen name="y333">843.6px</dimen>
<dimen name="y334">846.1px</dimen>
<dimen name="y335">848.6px</dimen>
<dimen name="y336">851.2px</dimen>
<dimen name="y337">853.7px</dimen>
<dimen name="y338">856.2px</dimen>
<dimen name="y339">858.8px</dimen>
<dimen name="y340">861.3px</dimen>
<dimen name="y341">863.8px</dimen>
<dimen name="y342">866.4px</dimen>
<dimen name="y343">868.9px</dimen>
<dimen name="y344">871.4px</dimen>
<dimen name="y345">874.0px</dimen>
<dimen name="y346">876.5px</dimen>
<dimen name="y347">879.0px</dimen>
<dimen name="y348">881.6px</dimen>
<dimen name="y349">884.1px</dimen>
<dimen name="y350">886.6px</dimen>
<dimen name="y351">889.2px</dimen>
<dimen name="y352">891.7px</dimen>
<dimen name="y353">894.2px</dimen>
<dimen name="y354">896.8px</dimen>
<dimen name="y355">899.3px</dimen>
<dimen name="y356">901.8px</dimen>
<dimen name="y357">904.4px</dimen>
<dimen name="y358">906.9px</dimen>
<dimen name="y359">909.4px</dimen>
<dimen name="y360">912.0px</dimen>
<dimen name="y361">914.5px</dimen>
<dimen name="y362">917.0px</dimen>
<dimen name="y363">919.6px</dimen>
<dimen name="y364">922.1px</dimen>
<dimen name="y365">924.6px</dimen>
<dimen name="y366">927.2px</dimen>
<dimen name="y367">929.7px</dimen>
<dimen name="y368">932.2px</dimen>
<dimen name="y369">934.8px</dimen>
<dimen name="y370">937.3px</dimen>
<dimen name="y371">939.8px</dimen>
<dimen name="y372">942.4px</dimen>
<dimen name="y373">944.9px</dimen>
<dimen name="y374">947.4px</dimen>
<dimen name="y375">950.0px</dimen>
<dimen name="y376">952.5px</dimen>
<dimen name="y377">955.0px</dimen>
<dimen name="y378">957.6px</dimen>
<dimen name="y379">960.1px</dimen>
<dimen name="y380">962.6px</dimen>
<dimen name="y381">965.2px</dimen>
<dimen name="y382">967.7px</dimen>
<dimen name="y383">970.2px</dimen>
<dimen name="y384">972.8px</dimen>
<dimen name="y385">975.3px</dimen>
<dimen name="y386">977.8px</dimen>
<dimen name="y387">980.4px</dimen>
<dimen name="y388">982.9px</dimen>
<dimen name="y389">985.4px</dimen>
<dimen name="y390">988.0px</dimen>
<dimen name="y391">990.5px</dimen>
<dimen name="y392">993.0px</dimen>
<dimen name="y393">995.6px</dimen>
<dimen name="y394">998.1px</dimen>
<dimen name="y395">1000.6px</dimen>
<dimen name="y396">1003.2px</dimen>
<dimen name="y397">1005.7px</dimen>
<dimen name="y398">1008.2px</dimen>
<dimen name="y399">1010.8px</dimen>
<dimen name="y400">1013.3px</dimen>
<dimen name="y401">1015.8px</dimen>
<dimen name="y402">1018.4px</dimen>
<dimen name="y403">1020.9px</dimen>
<dimen name="y404">1023.4px</dimen>
<dimen name="y405">1026.0px</dimen>
<dimen name="y406">1028.5px</dimen>
<dimen name="y407">1031.0px</dimen>
<dimen name="y408">1033.6px</dimen>
<dimen name="y409">1036.1px</dimen>
<dimen name="y410">1038.6px</dimen>
<dimen name="y411">1041.2px</dimen>
<dimen name="y412">1043.7px</dimen>
<dimen name="y413">1046.2px</dimen>
<dimen name="y414">1048.7px</dimen>
<dimen name="y415">1051.3px</dimen>
<dimen name="y416">1053.8px</dimen>
<dimen name="y417">1056.4px</dimen>
<dimen name="y418">1058.9px</dimen>
<dimen name="y419">1061.4px</dimen>
<dimen name="y420">1064.0px</dimen>
<dimen name="y421">1066.5px</dimen>
<dimen name="y422">1069.0px</dimen>
<dimen name="y423">1071.6px</dimen>
<dimen name="y424">1074.1px</dimen>
<dimen name="y425">1076.6px</dimen>
<dimen name="y426">1079.2px</dimen>
<dimen name="y427">1081.7px</dimen>
<dimen name="y428">1084.2px</dimen>
<dimen name="y429">1086.7px</dimen>
<dimen name="y430">1089.3px</dimen>
<dimen name="y431">1091.8px</dimen>
<dimen name="y432">1094.4px</dimen>
<dimen name="y433">1096.9px</dimen>
<dimen name="y434">1099.4px</dimen>
<dimen name="y435">1102.0px</dimen>
<dimen name="y436">1104.5px</dimen>
<dimen name="y437">1107.0px</dimen>
<dimen name="y438">1109.6px</dimen>
<dimen name="y439">1112.1px</dimen>
<dimen name="y440">1114.6px</dimen>
<dimen name="y441">1117.2px</dimen>
<dimen name="y442">1119.7px</dimen>
<dimen name="y443">1122.2px</dimen>
<dimen name="y444">1124.7px</dimen>
<dimen name="y445">1127.3px</dimen>
<dimen name="y446">1129.8px</dimen>
<dimen name="y447">1132.4px</dimen>
<dimen name="y448">1134.9px</dimen>
<dimen name="y449">1137.4px</dimen>
<dimen name="y450">1140.0px</dimen>
<dimen name="y451">1142.5px</dimen>
<dimen name="y452">1145.0px</dimen>
<dimen name="y453">1147.6px</dimen>
<dimen name="y454">1150.1px</dimen>
<dimen name="y455">1152.6px</dimen>
<dimen name="y456">1155.2px</dimen>
<dimen name="y457">1157.7px</dimen>
<dimen name="y458">1160.2px</dimen>
<dimen name="y459">1162.7px</dimen>
<dimen name="y460">1165.3px</dimen>
<dimen name="y461">1167.8px</dimen>
<dimen name="y462">1170.4px</dimen>
<dimen name="y463">1172.9px</dimen>
<dimen name="y464">1175.4px</dimen>
<dimen name="y465">1178.0px</dimen>
<dimen name="y466">1180.5px</dimen>
<dimen name="y467">1183.0px</dimen>
<dimen name="y468">1185.6px</dimen>
<dimen name="y469">1188.1px</dimen>
<dimen name="y470">1190.6px</dimen>
<dimen name="y471">1193.2px</dimen>
<dimen name="y472">1195.7px</dimen>
<dimen name="y473">1198.2px</dimen>
<dimen name="y474">1200.7px</dimen>
<dimen name="y475">1203.3px</dimen>
<dimen name="y476">1205.8px</dimen>
<dimen name="y477">1208.4px</dimen>
<dimen name="y478">1210.9px</dimen>
<dimen name="y479">1213.4px</dimen>
<dimen name="y480">1216.0px</dimen>
</resources>