<resources>
<dimen name="y1">4.2px</dimen>
<dimen name="y2">8.5px</dimen>
<dimen name="y3">12.8px</dimen>
<dimen name="y4">17.0px</dimen>
<dimen name="y5">21.3px</dimen>
<dimen name="y6">25.6px</dimen>
<dimen name="y7">29.8px</dimen>
<dimen name="y8">34.1px</dimen>
<dimen name="y9">38.4px</dimen>
<dimen name="y10">42.6px</dimen>
<dimen name="y11">46.9px</dimen>
<dimen name="y12">51.2px</dimen>
<dimen name="y13">55.4px</dimen>
<dimen name="y14">59.7px</dimen>
<dimen name="y15">64.0px</dimen>
<dimen name="y16">68.2px</dimen>
<dimen name="y17">72.5px</dimen>
<dimen name="y18">76.8px</dimen>
<dimen name="y19">81.0px</dimen>
<dimen name="y20">85.3px</dimen>
<dimen name="y21">89.6px</dimen>
<dimen name="y22">93.8px</dimen>
<dimen name="y23">98.1px</dimen>
<dimen name="y24">102.4px</dimen>
<dimen name="y25">106.6px</dimen>
<dimen name="y26">110.9px</dimen>
<dimen name="y27">115.2px</dimen>
<dimen name="y28">119.4px</dimen>
<dimen name="y29">123.7px</dimen>
<dimen name="y30">128.0px</dimen>
<dimen name="y31">132.2px</dimen>
<dimen name="y32">136.5px</dimen>
<dimen name="y33">140.8px</dimen>
<dimen name="y34">145.0px</dimen>
<dimen name="y35">149.3px</dimen>
<dimen name="y36">153.6px</dimen>
<dimen name="y37">157.8px</dimen>
<dimen name="y38">162.1px</dimen>
<dimen name="y39">166.4px</dimen>
<dimen name="y40">170.6px</dimen>
<dimen name="y41">174.9px</dimen>
<dimen name="y42">179.2px</dimen>
<dimen name="y43">183.4px</dimen>
<dimen name="y44">187.7px</dimen>
<dimen name="y45">192.0px</dimen>
<dimen name="y46">196.2px</dimen>
<dimen name="y47">200.5px</dimen>
<dimen name="y48">204.8px</dimen>
<dimen name="y49">209.0px</dimen>
<dimen name="y50">213.3px</dimen>
<dimen name="y51">217.6px</dimen>
<dimen name="y52">221.8px</dimen>
<dimen name="y53">226.1px</dimen>
<dimen name="y54">230.4px</dimen>
<dimen name="y55">234.6px</dimen>
<dimen name="y56">238.9px</dimen>
<dimen name="y57">243.2px</dimen>
<dimen name="y58">247.4px</dimen>
<dimen name="y59">251.7px</dimen>
<dimen name="y60">256.0px</dimen>
<dimen name="y61">260.2px</dimen>
<dimen name="y62">264.5px</dimen>
<dimen name="y63">268.8px</dimen>
<dimen name="y64">273.0px</dimen>
<dimen name="y65">277.3px</dimen>
<dimen name="y66">281.6px</dimen>
<dimen name="y67">285.8px</dimen>
<dimen name="y68">290.1px</dimen>
<dimen name="y69">294.4px</dimen>
<dimen name="y70">298.6px</dimen>
<dimen name="y71">302.9px</dimen>
<dimen name="y72">307.2px</dimen>
<dimen name="y73">311.4px</dimen>
<dimen name="y74">315.7px</dimen>
<dimen name="y75">320.0px</dimen>
<dimen name="y76">324.2px</dimen>
<dimen name="y77">328.5px</dimen>
<dimen name="y78">332.8px</dimen>
<dimen name="y79">337.0px</dimen>
<dimen name="y80">341.3px</dimen>
<dimen name="y81">345.6px</dimen>
<dimen name="y82">349.8px</dimen>
<dimen name="y83">354.1px</dimen>
<dimen name="y84">358.4px</dimen>
<dimen name="y85">362.6px</dimen>
<dimen name="y86">366.9px</dimen>
<dimen name="y87">371.2px</dimen>
<dimen name="y88">375.4px</dimen>
<dimen name="y89">379.7px</dimen>
<dimen name="y90">384.0px</dimen>
<dimen name="y91">388.2px</dimen>
<dimen name="y92">392.5px</dimen>
<dimen name="y93">396.8px</dimen>
<dimen name="y94">401.0px</dimen>
<dimen name="y95">405.3px</dimen>
<dimen name="y96">409.6px</dimen>
<dimen name="y97">413.8px</dimen>
<dimen name="y98">418.1px</dimen>
<dimen name="y99">422.4px</dimen>
<dimen name="y100">426.6px</dimen>
<dimen name="y101">430.9px</dimen>
<dimen name="y102">435.2px</dimen>
<dimen name="y103">439.4px</dimen>
<dimen name="y104">443.7px</dimen>
<dimen name="y105">448.0px</dimen>
<dimen name="y106">452.2px</dimen>
<dimen name="y107">456.5px</dimen>
<dimen name="y108">460.8px</dimen>
<dimen name="y109">465.0px</dimen>
<dimen name="y110">469.3px</dimen>
<dimen name="y111">473.6px</dimen>
<dimen name="y112">477.8px</dimen>
<dimen name="y113">482.1px</dimen>
<dimen name="y114">486.4px</dimen>
<dimen name="y115">490.6px</dimen>
<dimen name="y116">494.9px</dimen>
<dimen name="y117">499.2px</dimen>
<dimen name="y118">503.4px</dimen>
<dimen name="y119">507.7px</dimen>
<dimen name="y120">512.0px</dimen>
<dimen name="y121">516.2px</dimen>
<dimen name="y122">520.5px</dimen>
<dimen name="y123">524.8px</dimen>
<dimen name="y124">529.0px</dimen>
<dimen name="y125">533.3px</dimen>
<dimen name="y126">537.6px</dimen>
<dimen name="y127">541.8px</dimen>
<dimen name="y128">546.1px</dimen>
<dimen name="y129">550.4px</dimen>
<dimen name="y130">554.6px</dimen>
<dimen name="y131">558.9px</dimen>
<dimen name="y132">563.2px</dimen>
<dimen name="y133">567.4px</dimen>
<dimen name="y134">571.7px</dimen>
<dimen name="y135">576.0px</dimen>
<dimen name="y136">580.2px</dimen>
<dimen name="y137">584.5px</dimen>
<dimen name="y138">588.8px</dimen>
<dimen name="y139">593.0px</dimen>
<dimen name="y140">597.3px</dimen>
<dimen name="y141">601.6px</dimen>
<dimen name="y142">605.8px</dimen>
<dimen name="y143">610.1px</dimen>
<dimen name="y144">614.4px</dimen>
<dimen name="y145">618.6px</dimen>
<dimen name="y146">622.9px</dimen>
<dimen name="y147">627.2px</dimen>
<dimen name="y148">631.4px</dimen>
<dimen name="y149">635.7px</dimen>
<dimen name="y150">640.0px</dimen>
<dimen name="y151">644.2px</dimen>
<dimen name="y152">648.5px</dimen>
<dimen name="y153">652.8px</dimen>
<dimen name="y154">657.0px</dimen>
<dimen name="y155">661.3px</dimen>
<dimen name="y156">665.6px</dimen>
<dimen name="y157">669.8px</dimen>
<dimen name="y158">674.1px</dimen>
<dimen name="y159">678.4px</dimen>
<dimen name="y160">682.6px</dimen>
<dimen name="y161">686.9px</dimen>
<dimen name="y162">691.2px</dimen>
<dimen name="y163">695.4px</dimen>
<dimen name="y164">699.7px</dimen>
<dimen name="y165">704.0px</dimen>
<dimen name="y166">708.2px</dimen>
<dimen name="y167">712.5px</dimen>
<dimen name="y168">716.8px</dimen>
<dimen name="y169">721.0px</dimen>
<dimen name="y170">725.3px</dimen>
<dimen name="y171">729.6px</dimen>
<dimen name="y172">733.8px</dimen>
<dimen name="y173">738.1px</dimen>
<dimen name="y174">742.4px</dimen>
<dimen name="y175">746.6px</dimen>
<dimen name="y176">750.9px</dimen>
<dimen name="y177">755.2px</dimen>
<dimen name="y178">759.4px</dimen>
<dimen name="y179">763.7px</dimen>
<dimen name="y180">768.0px</dimen>
<dimen name="y181">772.2px</dimen>
<dimen name="y182">776.5px</dimen>
<dimen name="y183">780.8px</dimen>
<dimen name="y184">785.0px</dimen>
<dimen name="y185">789.3px</dimen>
<dimen name="y186">793.6px</dimen>
<dimen name="y187">797.8px</dimen>
<dimen name="y188">802.1px</dimen>
<dimen name="y189">806.4px</dimen>
<dimen name="y190">810.6px</dimen>
<dimen name="y191">814.9px</dimen>
<dimen name="y192">819.2px</dimen>
<dimen name="y193">823.4px</dimen>
<dimen name="y194">827.7px</dimen>
<dimen name="y195">832.0px</dimen>
<dimen name="y196">836.2px</dimen>
<dimen name="y197">840.5px</dimen>
<dimen name="y198">844.8px</dimen>
<dimen name="y199">849.0px</dimen>
<dimen name="y200">853.3px</dimen>
<dimen name="y201">857.6px</dimen>
<dimen name="y202">861.8px</dimen>
<dimen name="y203">866.1px</dimen>
<dimen name="y204">870.4px</dimen>
<dimen name="y205">874.6px</dimen>
<dimen name="y206">878.9px</dimen>
<dimen name="y207">883.2px</dimen>
<dimen name="y208">887.4px</dimen>
<dimen name="y209">891.7px</dimen>
<dimen name="y210">896.0px</dimen>
<dimen name="y211">900.2px</dimen>
<dimen name="y212">904.5px</dimen>
<dimen name="y213">908.8px</dimen>
<dimen name="y214">913.0px</dimen>
<dimen name="y215">917.3px</dimen>
<dimen name="y216">921.6px</dimen>
<dimen name="y217">925.8px</dimen>
<dimen name="y218">930.1px</dimen>
<dimen name="y219">934.4px</dimen>
<dimen name="y220">938.6px</dimen>
<dimen name="y221">942.9px</dimen>
<dimen name="y222">947.2px</dimen>
<dimen name="y223">951.4px</dimen>
<dimen name="y224">955.7px</dimen>
<dimen name="y225">960.0px</dimen>
<dimen name="y226">964.2px</dimen>
<dimen name="y227">968.5px</dimen>
<dimen name="y228">972.8px</dimen>
<dimen name="y229">977.0px</dimen>
<dimen name="y230">981.3px</dimen>
<dimen name="y231">985.6px</dimen>
<dimen name="y232">989.8px</dimen>
<dimen name="y233">994.1px</dimen>
<dimen name="y234">998.4px</dimen>
<dimen name="y235">1002.6px</dimen>
<dimen name="y236">1006.9px</dimen>
<dimen name="y237">1011.2px</dimen>
<dimen name="y238">1015.4px</dimen>
<dimen name="y239">1019.7px</dimen>
<dimen name="y240">1024.0px</dimen>
<dimen name="y241">1028.2px</dimen>
<dimen name="y242">1032.5px</dimen>
<dimen name="y243">1036.8px</dimen>
<dimen name="y244">1041.0px</dimen>
<dimen name="y245">1045.3px</dimen>
<dimen name="y246">1049.6px</dimen>
<dimen name="y247">1053.8px</dimen>
<dimen name="y248">1058.1px</dimen>
<dimen name="y249">1062.4px</dimen>
<dimen name="y250">1066.6px</dimen>
<dimen name="y251">1070.9px</dimen>
<dimen name="y252">1075.2px</dimen>
<dimen name="y253">1079.4px</dimen>
<dimen name="y254">1083.7px</dimen>
<dimen name="y255">1088.0px</dimen>
<dimen name="y256">1092.2px</dimen>
<dimen name="y257">1096.5px</dimen>
<dimen name="y258">1100.8px</dimen>
<dimen name="y259">1105.0px</dimen>
<dimen name="y260">1109.3px</dimen>
<dimen name="y261">1113.6px</dimen>
<dimen name="y262">1117.8px</dimen>
<dimen name="y263">1122.1px</dimen>
<dimen name="y264">1126.4px</dimen>
<dimen name="y265">1130.6px</dimen>
<dimen name="y266">1134.9px</dimen>
<dimen name="y267">1139.2px</dimen>
<dimen name="y268">1143.4px</dimen>
<dimen name="y269">1147.7px</dimen>
<dimen name="y270">1152.0px</dimen>
<dimen name="y271">1156.2px</dimen>
<dimen name="y272">1160.5px</dimen>
<dimen name="y273">1164.8px</dimen>
<dimen name="y274">1169.0px</dimen>
<dimen name="y275">1173.3px</dimen>
<dimen name="y276">1177.6px</dimen>
<dimen name="y277">1181.8px</dimen>
<dimen name="y278">1186.1px</dimen>
<dimen name="y279">1190.4px</dimen>
<dimen name="y280">1194.6px</dimen>
<dimen name="y281">1198.9px</dimen>
<dimen name="y282">1203.2px</dimen>
<dimen name="y283">1207.4px</dimen>
<dimen name="y284">1211.7px</dimen>
<dimen name="y285">1216.0px</dimen>
<dimen name="y286">1220.2px</dimen>
<dimen name="y287">1224.5px</dimen>
<dimen name="y288">1228.8px</dimen>
<dimen name="y289">1233.0px</dimen>
<dimen name="y290">1237.3px</dimen>
<dimen name="y291">1241.6px</dimen>
<dimen name="y292">1245.8px</dimen>
<dimen name="y293">1250.1px</dimen>
<dimen name="y294">1254.4px</dimen>
<dimen name="y295">1258.6px</dimen>
<dimen name="y296">1262.9px</dimen>
<dimen name="y297">1267.2px</dimen>
<dimen name="y298">1271.4px</dimen>
<dimen name="y299">1275.7px</dimen>
<dimen name="y300">1280.0px</dimen>
<dimen name="y301">1284.2px</dimen>
<dimen name="y302">1288.5px</dimen>
<dimen name="y303">1292.8px</dimen>
<dimen name="y304">1297.0px</dimen>
<dimen name="y305">1301.3px</dimen>
<dimen name="y306">1305.6px</dimen>
<dimen name="y307">1309.8px</dimen>
<dimen name="y308">1314.1px</dimen>
<dimen name="y309">1318.4px</dimen>
<dimen name="y310">1322.6px</dimen>
<dimen name="y311">1326.9px</dimen>
<dimen name="y312">1331.2px</dimen>
<dimen name="y313">1335.4px</dimen>
<dimen name="y314">1339.7px</dimen>
<dimen name="y315">1344.0px</dimen>
<dimen name="y316">1348.2px</dimen>
<dimen name="y317">1352.5px</dimen>
<dimen name="y318">1356.8px</dimen>
<dimen name="y319">1361.0px</dimen>
<dimen name="y320">1365.3px</dimen>
<dimen name="y321">1369.6px</dimen>
<dimen name="y322">1373.8px</dimen>
<dimen name="y323">1378.1px</dimen>
<dimen name="y324">1382.4px</dimen>
<dimen name="y325">1386.6px</dimen>
<dimen name="y326">1390.9px</dimen>
<dimen name="y327">1395.2px</dimen>
<dimen name="y328">1399.4px</dimen>
<dimen name="y329">1403.7px</dimen>
<dimen name="y330">1408.0px</dimen>
<dimen name="y331">1412.2px</dimen>
<dimen name="y332">1416.5px</dimen>
<dimen name="y333">1420.8px</dimen>
<dimen name="y334">1425.0px</dimen>
<dimen name="y335">1429.3px</dimen>
<dimen name="y336">1433.6px</dimen>
<dimen name="y337">1437.8px</dimen>
<dimen name="y338">1442.1px</dimen>
<dimen name="y339">1446.4px</dimen>
<dimen name="y340">1450.6px</dimen>
<dimen name="y341">1454.9px</dimen>
<dimen name="y342">1459.2px</dimen>
<dimen name="y343">1463.4px</dimen>
<dimen name="y344">1467.7px</dimen>
<dimen name="y345">1472.0px</dimen>
<dimen name="y346">1476.2px</dimen>
<dimen name="y347">1480.5px</dimen>
<dimen name="y348">1484.8px</dimen>
<dimen name="y349">1489.0px</dimen>
<dimen name="y350">1493.3px</dimen>
<dimen name="y351">1497.6px</dimen>
<dimen name="y352">1501.8px</dimen>
<dimen name="y353">1506.1px</dimen>
<dimen name="y354">1510.4px</dimen>
<dimen name="y355">1514.6px</dimen>
<dimen name="y356">1518.9px</dimen>
<dimen name="y357">1523.2px</dimen>
<dimen name="y358">1527.4px</dimen>
<dimen name="y359">1531.7px</dimen>
<dimen name="y360">1536.0px</dimen>
<dimen name="y361">1540.2px</dimen>
<dimen name="y362">1544.5px</dimen>
<dimen name="y363">1548.8px</dimen>
<dimen name="y364">1553.0px</dimen>
<dimen name="y365">1557.3px</dimen>
<dimen name="y366">1561.6px</dimen>
<dimen name="y367">1565.8px</dimen>
<dimen name="y368">1570.1px</dimen>
<dimen name="y369">1574.4px</dimen>
<dimen name="y370">1578.6px</dimen>
<dimen name="y371">1582.9px</dimen>
<dimen name="y372">1587.2px</dimen>
<dimen name="y373">1591.4px</dimen>
<dimen name="y374">1595.7px</dimen>
<dimen name="y375">1600.0px</dimen>
<dimen name="y376">1604.2px</dimen>
<dimen name="y377">1608.5px</dimen>
<dimen name="y378">1612.8px</dimen>
<dimen name="y379">1617.0px</dimen>
<dimen name="y380">1621.3px</dimen>
<dimen name="y381">1625.6px</dimen>
<dimen name="y382">1629.8px</dimen>
<dimen name="y383">1634.1px</dimen>
<dimen name="y384">1638.4px</dimen>
<dimen name="y385">1642.6px</dimen>
<dimen name="y386">1646.9px</dimen>
<dimen name="y387">1651.2px</dimen>
<dimen name="y388">1655.4px</dimen>
<dimen name="y389">1659.7px</dimen>
<dimen name="y390">1664.0px</dimen>
<dimen name="y391">1668.2px</dimen>
<dimen name="y392">1672.5px</dimen>
<dimen name="y393">1676.8px</dimen>
<dimen name="y394">1681.0px</dimen>
<dimen name="y395">1685.3px</dimen>
<dimen name="y396">1689.6px</dimen>
<dimen name="y397">1693.8px</dimen>
<dimen name="y398">1698.1px</dimen>
<dimen name="y399">1702.4px</dimen>
<dimen name="y400">1706.6px</dimen>
<dimen name="y401">1710.9px</dimen>
<dimen name="y402">1715.2px</dimen>
<dimen name="y403">1719.4px</dimen>
<dimen name="y404">1723.7px</dimen>
<dimen name="y405">1728.0px</dimen>
<dimen name="y406">1732.2px</dimen>
<dimen name="y407">1736.5px</dimen>
<dimen name="y408">1740.8px</dimen>
<dimen name="y409">1745.0px</dimen>
<dimen name="y410">1749.3px</dimen>
<dimen name="y411">1753.6px</dimen>
<dimen name="y412">1757.8px</dimen>
<dimen name="y413">1762.1px</dimen>
<dimen name="y414">1766.4px</dimen>
<dimen name="y415">1770.6px</dimen>
<dimen name="y416">1774.9px</dimen>
<dimen name="y417">1779.2px</dimen>
<dimen name="y418">1783.4px</dimen>
<dimen name="y419">1787.7px</dimen>
<dimen name="y420">1792.0px</dimen>
<dimen name="y421">1796.2px</dimen>
<dimen name="y422">1800.5px</dimen>
<dimen name="y423">1804.8px</dimen>
<dimen name="y424">1809.0px</dimen>
<dimen name="y425">1813.3px</dimen>
<dimen name="y426">1817.6px</dimen>
<dimen name="y427">1821.8px</dimen>
<dimen name="y428">1826.1px</dimen>
<dimen name="y429">1830.4px</dimen>
<dimen name="y430">1834.6px</dimen>
<dimen name="y431">1838.9px</dimen>
<dimen name="y432">1843.2px</dimen>
<dimen name="y433">1847.4px</dimen>
<dimen name="y434">1851.7px</dimen>
<dimen name="y435">1856.0px</dimen>
<dimen name="y436">1860.2px</dimen>
<dimen name="y437">1864.5px</dimen>
<dimen name="y438">1868.8px</dimen>
<dimen name="y439">1873.0px</dimen>
<dimen name="y440">1877.3px</dimen>
<dimen name="y441">1881.6px</dimen>
<dimen name="y442">1885.8px</dimen>
<dimen name="y443">1890.1px</dimen>
<dimen name="y444">1894.4px</dimen>
<dimen name="y445">1898.6px</dimen>
<dimen name="y446">1902.9px</dimen>
<dimen name="y447">1907.2px</dimen>
<dimen name="y448">1911.4px</dimen>
<dimen name="y449">1915.7px</dimen>
<dimen name="y450">1920.0px</dimen>
<dimen name="y451">1924.2px</dimen>
<dimen name="y452">1928.5px</dimen>
<dimen name="y453">1932.8px</dimen>
<dimen name="y454">1937.0px</dimen>
<dimen name="y455">1941.3px</dimen>
<dimen name="y456">1945.6px</dimen>
<dimen name="y457">1949.8px</dimen>
<dimen name="y458">1954.1px</dimen>
<dimen name="y459">1958.4px</dimen>
<dimen name="y460">1962.6px</dimen>
<dimen name="y461">1966.9px</dimen>
<dimen name="y462">1971.2px</dimen>
<dimen name="y463">1975.4px</dimen>
<dimen name="y464">1979.7px</dimen>
<dimen name="y465">1984.0px</dimen>
<dimen name="y466">1988.2px</dimen>
<dimen name="y467">1992.5px</dimen>
<dimen name="y468">1996.8px</dimen>
<dimen name="y469">2001.0px</dimen>
<dimen name="y470">2005.3px</dimen>
<dimen name="y471">2009.6px</dimen>
<dimen name="y472">2013.8px</dimen>
<dimen name="y473">2018.1px</dimen>
<dimen name="y474">2022.4px</dimen>
<dimen name="y475">2026.6px</dimen>
<dimen name="y476">2030.9px</dimen>
<dimen name="y477">2035.2px</dimen>
<dimen name="y478">2039.4px</dimen>
<dimen name="y479">2043.7px</dimen>
<dimen name="y480">2048.0px</dimen>
</resources>