<resources>
<dimen name="x1">5.0px</dimen>
<dimen name="x2">10.0px</dimen>
<dimen name="x3">15.0px</dimen>
<dimen name="x4">20.0px</dimen>
<dimen name="x5">25.0px</dimen>
<dimen name="x6">30.0px</dimen>
<dimen name="x7">35.0px</dimen>
<dimen name="x8">40.0px</dimen>
<dimen name="x9">45.0px</dimen>
<dimen name="x10">50.0px</dimen>
<dimen name="x11">55.0px</dimen>
<dimen name="x12">60.0px</dimen>
<dimen name="x13">65.0px</dimen>
<dimen name="x14">70.0px</dimen>
<dimen name="x15">75.0px</dimen>
<dimen name="x16">80.0px</dimen>
<dimen name="x17">85.0px</dimen>
<dimen name="x18">90.0px</dimen>
<dimen name="x19">95.0px</dimen>
<dimen name="x20">100.0px</dimen>
<dimen name="x21">105.0px</dimen>
<dimen name="x22">110.0px</dimen>
<dimen name="x23">115.0px</dimen>
<dimen name="x24">120.0px</dimen>
<dimen name="x25">125.0px</dimen>
<dimen name="x26">130.0px</dimen>
<dimen name="x27">135.0px</dimen>
<dimen name="x28">140.0px</dimen>
<dimen name="x29">145.0px</dimen>
<dimen name="x30">150.0px</dimen>
<dimen name="x31">155.0px</dimen>
<dimen name="x32">160.0px</dimen>
<dimen name="x33">165.0px</dimen>
<dimen name="x34">170.0px</dimen>
<dimen name="x35">175.0px</dimen>
<dimen name="x36">180.0px</dimen>
<dimen name="x37">185.0px</dimen>
<dimen name="x38">190.0px</dimen>
<dimen name="x39">195.0px</dimen>
<dimen name="x40">200.0px</dimen>
<dimen name="x41">205.0px</dimen>
<dimen name="x42">210.0px</dimen>
<dimen name="x43">215.0px</dimen>
<dimen name="x44">220.0px</dimen>
<dimen name="x45">225.0px</dimen>
<dimen name="x46">230.0px</dimen>
<dimen name="x47">235.0px</dimen>
<dimen name="x48">240.0px</dimen>
<dimen name="x49">245.0px</dimen>
<dimen name="x50">250.0px</dimen>
<dimen name="x51">255.0px</dimen>
<dimen name="x52">260.0px</dimen>
<dimen name="x53">265.0px</dimen>
<dimen name="x54">270.0px</dimen>
<dimen name="x55">275.0px</dimen>
<dimen name="x56">280.0px</dimen>
<dimen name="x57">285.0px</dimen>
<dimen name="x58">290.0px</dimen>
<dimen name="x59">295.0px</dimen>
<dimen name="x60">300.0px</dimen>
<dimen name="x61">305.0px</dimen>
<dimen name="x62">310.0px</dimen>
<dimen name="x63">315.0px</dimen>
<dimen name="x64">320.0px</dimen>
<dimen name="x65">325.0px</dimen>
<dimen name="x66">330.0px</dimen>
<dimen name="x67">335.0px</dimen>
<dimen name="x68">340.0px</dimen>
<dimen name="x69">345.0px</dimen>
<dimen name="x70">350.0px</dimen>
<dimen name="x71">355.0px</dimen>
<dimen name="x72">360.0px</dimen>
<dimen name="x73">365.0px</dimen>
<dimen name="x74">370.0px</dimen>
<dimen name="x75">375.0px</dimen>
<dimen name="x76">380.0px</dimen>
<dimen name="x77">385.0px</dimen>
<dimen name="x78">390.0px</dimen>
<dimen name="x79">395.0px</dimen>
<dimen name="x80">400.0px</dimen>
<dimen name="x81">405.0px</dimen>
<dimen name="x82">410.0px</dimen>
<dimen name="x83">415.0px</dimen>
<dimen name="x84">420.0px</dimen>
<dimen name="x85">425.0px</dimen>
<dimen name="x86">430.0px</dimen>
<dimen name="x87">435.0px</dimen>
<dimen name="x88">440.0px</dimen>
<dimen name="x89">445.0px</dimen>
<dimen name="x90">450.0px</dimen>
<dimen name="x91">455.0px</dimen>
<dimen name="x92">460.0px</dimen>
<dimen name="x93">465.0px</dimen>
<dimen name="x94">470.0px</dimen>
<dimen name="x95">475.0px</dimen>
<dimen name="x96">480.0px</dimen>
<dimen name="x97">485.0px</dimen>
<dimen name="x98">490.0px</dimen>
<dimen name="x99">495.0px</dimen>
<dimen name="x100">500.0px</dimen>
<dimen name="x101">505.0px</dimen>
<dimen name="x102">510.0px</dimen>
<dimen name="x103">515.0px</dimen>
<dimen name="x104">520.0px</dimen>
<dimen name="x105">525.0px</dimen>
<dimen name="x106">530.0px</dimen>
<dimen name="x107">535.0px</dimen>
<dimen name="x108">540.0px</dimen>
<dimen name="x109">545.0px</dimen>
<dimen name="x110">550.0px</dimen>
<dimen name="x111">555.0px</dimen>
<dimen name="x112">560.0px</dimen>
<dimen name="x113">565.0px</dimen>
<dimen name="x114">570.0px</dimen>
<dimen name="x115">575.0px</dimen>
<dimen name="x116">580.0px</dimen>
<dimen name="x117">585.0px</dimen>
<dimen name="x118">590.0px</dimen>
<dimen name="x119">595.0px</dimen>
<dimen name="x120">600.0px</dimen>
<dimen name="x121">605.0px</dimen>
<dimen name="x122">610.0px</dimen>
<dimen name="x123">615.0px</dimen>
<dimen name="x124">620.0px</dimen>
<dimen name="x125">625.0px</dimen>
<dimen name="x126">630.0px</dimen>
<dimen name="x127">635.0px</dimen>
<dimen name="x128">640.0px</dimen>
<dimen name="x129">645.0px</dimen>
<dimen name="x130">650.0px</dimen>
<dimen name="x131">655.0px</dimen>
<dimen name="x132">660.0px</dimen>
<dimen name="x133">665.0px</dimen>
<dimen name="x134">670.0px</dimen>
<dimen name="x135">675.0px</dimen>
<dimen name="x136">680.0px</dimen>
<dimen name="x137">685.0px</dimen>
<dimen name="x138">690.0px</dimen>
<dimen name="x139">695.0px</dimen>
<dimen name="x140">700.0px</dimen>
<dimen name="x141">705.0px</dimen>
<dimen name="x142">710.0px</dimen>
<dimen name="x143">715.0px</dimen>
<dimen name="x144">720.0px</dimen>
<dimen name="x145">725.0px</dimen>
<dimen name="x146">730.0px</dimen>
<dimen name="x147">735.0px</dimen>
<dimen name="x148">740.0px</dimen>
<dimen name="x149">745.0px</dimen>
<dimen name="x150">750.0px</dimen>
<dimen name="x151">755.0px</dimen>
<dimen name="x152">760.0px</dimen>
<dimen name="x153">765.0px</dimen>
<dimen name="x154">770.0px</dimen>
<dimen name="x155">775.0px</dimen>
<dimen name="x156">780.0px</dimen>
<dimen name="x157">785.0px</dimen>
<dimen name="x158">790.0px</dimen>
<dimen name="x159">795.0px</dimen>
<dimen name="x160">800.0px</dimen>
<dimen name="x161">805.0px</dimen>
<dimen name="x162">810.0px</dimen>
<dimen name="x163">815.0px</dimen>
<dimen name="x164">820.0px</dimen>
<dimen name="x165">825.0px</dimen>
<dimen name="x166">830.0px</dimen>
<dimen name="x167">835.0px</dimen>
<dimen name="x168">840.0px</dimen>
<dimen name="x169">845.0px</dimen>
<dimen name="x170">850.0px</dimen>
<dimen name="x171">855.0px</dimen>
<dimen name="x172">860.0px</dimen>
<dimen name="x173">865.0px</dimen>
<dimen name="x174">870.0px</dimen>
<dimen name="x175">875.0px</dimen>
<dimen name="x176">880.0px</dimen>
<dimen name="x177">885.0px</dimen>
<dimen name="x178">890.0px</dimen>
<dimen name="x179">895.0px</dimen>
<dimen name="x180">900.0px</dimen>
<dimen name="x181">905.0px</dimen>
<dimen name="x182">910.0px</dimen>
<dimen name="x183">915.0px</dimen>
<dimen name="x184">920.0px</dimen>
<dimen name="x185">925.0px</dimen>
<dimen name="x186">930.0px</dimen>
<dimen name="x187">935.0px</dimen>
<dimen name="x188">940.0px</dimen>
<dimen name="x189">945.0px</dimen>
<dimen name="x190">950.0px</dimen>
<dimen name="x191">955.0px</dimen>
<dimen name="x192">960.0px</dimen>
<dimen name="x193">965.0px</dimen>
<dimen name="x194">970.0px</dimen>
<dimen name="x195">975.0px</dimen>
<dimen name="x196">980.0px</dimen>
<dimen name="x197">985.0px</dimen>
<dimen name="x198">990.0px</dimen>
<dimen name="x199">995.0px</dimen>
<dimen name="x200">1000.0px</dimen>
<dimen name="x201">1005.0px</dimen>
<dimen name="x202">1010.0px</dimen>
<dimen name="x203">1015.0px</dimen>
<dimen name="x204">1020.0px</dimen>
<dimen name="x205">1025.0px</dimen>
<dimen name="x206">1030.0px</dimen>
<dimen name="x207">1035.0px</dimen>
<dimen name="x208">1040.0px</dimen>
<dimen name="x209">1045.0px</dimen>
<dimen name="x210">1050.0px</dimen>
<dimen name="x211">1055.0px</dimen>
<dimen name="x212">1060.0px</dimen>
<dimen name="x213">1065.0px</dimen>
<dimen name="x214">1070.0px</dimen>
<dimen name="x215">1075.0px</dimen>
<dimen name="x216">1080.0px</dimen>
<dimen name="x217">1085.0px</dimen>
<dimen name="x218">1090.0px</dimen>
<dimen name="x219">1095.0px</dimen>
<dimen name="x220">1100.0px</dimen>
<dimen name="x221">1105.0px</dimen>
<dimen name="x222">1110.0px</dimen>
<dimen name="x223">1115.0px</dimen>
<dimen name="x224">1120.0px</dimen>
<dimen name="x225">1125.0px</dimen>
<dimen name="x226">1130.0px</dimen>
<dimen name="x227">1135.0px</dimen>
<dimen name="x228">1140.0px</dimen>
<dimen name="x229">1145.0px</dimen>
<dimen name="x230">1150.0px</dimen>
<dimen name="x231">1155.0px</dimen>
<dimen name="x232">1160.0px</dimen>
<dimen name="x233">1165.0px</dimen>
<dimen name="x234">1170.0px</dimen>
<dimen name="x235">1175.0px</dimen>
<dimen name="x236">1180.0px</dimen>
<dimen name="x237">1185.0px</dimen>
<dimen name="x238">1190.0px</dimen>
<dimen name="x239">1195.0px</dimen>
<dimen name="x240">1200.0px</dimen>
<dimen name="x241">1205.0px</dimen>
<dimen name="x242">1210.0px</dimen>
<dimen name="x243">1215.0px</dimen>
<dimen name="x244">1220.0px</dimen>
<dimen name="x245">1225.0px</dimen>
<dimen name="x246">1230.0px</dimen>
<dimen name="x247">1235.0px</dimen>
<dimen name="x248">1240.0px</dimen>
<dimen name="x249">1245.0px</dimen>
<dimen name="x250">1250.0px</dimen>
<dimen name="x251">1255.0px</dimen>
<dimen name="x252">1260.0px</dimen>
<dimen name="x253">1265.0px</dimen>
<dimen name="x254">1270.0px</dimen>
<dimen name="x255">1275.0px</dimen>
<dimen name="x256">1280.0px</dimen>
<dimen name="x257">1285.0px</dimen>
<dimen name="x258">1290.0px</dimen>
<dimen name="x259">1295.0px</dimen>
<dimen name="x260">1300.0px</dimen>
<dimen name="x261">1305.0px</dimen>
<dimen name="x262">1310.0px</dimen>
<dimen name="x263">1315.0px</dimen>
<dimen name="x264">1320.0px</dimen>
<dimen name="x265">1325.0px</dimen>
<dimen name="x266">1330.0px</dimen>
<dimen name="x267">1335.0px</dimen>
<dimen name="x268">1340.0px</dimen>
<dimen name="x269">1345.0px</dimen>
<dimen name="x270">1350.0px</dimen>
<dimen name="x271">1355.0px</dimen>
<dimen name="x272">1360.0px</dimen>
<dimen name="x273">1365.0px</dimen>
<dimen name="x274">1370.0px</dimen>
<dimen name="x275">1375.0px</dimen>
<dimen name="x276">1380.0px</dimen>
<dimen name="x277">1385.0px</dimen>
<dimen name="x278">1390.0px</dimen>
<dimen name="x279">1395.0px</dimen>
<dimen name="x280">1400.0px</dimen>
<dimen name="x281">1405.0px</dimen>
<dimen name="x282">1410.0px</dimen>
<dimen name="x283">1415.0px</dimen>
<dimen name="x284">1420.0px</dimen>
<dimen name="x285">1425.0px</dimen>
<dimen name="x286">1430.0px</dimen>
<dimen name="x287">1435.0px</dimen>
<dimen name="x288">1440.0px</dimen>
<dimen name="x289">1445.0px</dimen>
<dimen name="x290">1450.0px</dimen>
<dimen name="x291">1455.0px</dimen>
<dimen name="x292">1460.0px</dimen>
<dimen name="x293">1465.0px</dimen>
<dimen name="x294">1470.0px</dimen>
<dimen name="x295">1475.0px</dimen>
<dimen name="x296">1480.0px</dimen>
<dimen name="x297">1485.0px</dimen>
<dimen name="x298">1490.0px</dimen>
<dimen name="x299">1495.0px</dimen>
<dimen name="x300">1500.0px</dimen>
<dimen name="x301">1505.0px</dimen>
<dimen name="x302">1510.0px</dimen>
<dimen name="x303">1515.0px</dimen>
<dimen name="x304">1520.0px</dimen>
<dimen name="x305">1525.0px</dimen>
<dimen name="x306">1530.0px</dimen>
<dimen name="x307">1535.0px</dimen>
<dimen name="x308">1540.0px</dimen>
<dimen name="x309">1545.0px</dimen>
<dimen name="x310">1550.0px</dimen>
<dimen name="x311">1555.0px</dimen>
<dimen name="x312">1560.0px</dimen>
<dimen name="x313">1565.0px</dimen>
<dimen name="x314">1570.0px</dimen>
<dimen name="x315">1575.0px</dimen>
<dimen name="x316">1580.0px</dimen>
<dimen name="x317">1585.0px</dimen>
<dimen name="x318">1590.0px</dimen>
<dimen name="x319">1595.0px</dimen>
<dimen name="x320">1600.0px</dimen>
</resources>