<resources>
<dimen name="x1">2.8px</dimen>
<dimen name="x2">5.6px</dimen>
<dimen name="x3">8.4px</dimen>
<dimen name="x4">11.2px</dimen>
<dimen name="x5">14.0px</dimen>
<dimen name="x6">16.8px</dimen>
<dimen name="x7">19.6px</dimen>
<dimen name="x8">22.5px</dimen>
<dimen name="x9">25.3px</dimen>
<dimen name="x10">28.1px</dimen>
<dimen name="x11">30.9px</dimen>
<dimen name="x12">33.7px</dimen>
<dimen name="x13">36.5px</dimen>
<dimen name="x14">39.3px</dimen>
<dimen name="x15">42.1px</dimen>
<dimen name="x16">45.0px</dimen>
<dimen name="x17">47.8px</dimen>
<dimen name="x18">50.6px</dimen>
<dimen name="x19">53.4px</dimen>
<dimen name="x20">56.2px</dimen>
<dimen name="x21">59.0px</dimen>
<dimen name="x22">61.8px</dimen>
<dimen name="x23">64.6px</dimen>
<dimen name="x24">67.5px</dimen>
<dimen name="x25">70.3px</dimen>
<dimen name="x26">73.1px</dimen>
<dimen name="x27">75.9px</dimen>
<dimen name="x28">78.7px</dimen>
<dimen name="x29">81.5px</dimen>
<dimen name="x30">84.3px</dimen>
<dimen name="x31">87.1px</dimen>
<dimen name="x32">90.0px</dimen>
<dimen name="x33">92.8px</dimen>
<dimen name="x34">95.6px</dimen>
<dimen name="x35">98.4px</dimen>
<dimen name="x36">101.2px</dimen>
<dimen name="x37">104.0px</dimen>
<dimen name="x38">106.8px</dimen>
<dimen name="x39">109.6px</dimen>
<dimen name="x40">112.5px</dimen>
<dimen name="x41">115.3px</dimen>
<dimen name="x42">118.1px</dimen>
<dimen name="x43">120.9px</dimen>
<dimen name="x44">123.7px</dimen>
<dimen name="x45">126.5px</dimen>
<dimen name="x46">129.3px</dimen>
<dimen name="x47">132.1px</dimen>
<dimen name="x48">135.0px</dimen>
<dimen name="x49">137.8px</dimen>
<dimen name="x50">140.6px</dimen>
<dimen name="x51">143.4px</dimen>
<dimen name="x52">146.2px</dimen>
<dimen name="x53">149.0px</dimen>
<dimen name="x54">151.8px</dimen>
<dimen name="x55">154.6px</dimen>
<dimen name="x56">157.5px</dimen>
<dimen name="x57">160.3px</dimen>
<dimen name="x58">163.1px</dimen>
<dimen name="x59">165.9px</dimen>
<dimen name="x60">168.7px</dimen>
<dimen name="x61">171.5px</dimen>
<dimen name="x62">174.3px</dimen>
<dimen name="x63">177.1px</dimen>
<dimen name="x64">180.0px</dimen>
<dimen name="x65">182.8px</dimen>
<dimen name="x66">185.6px</dimen>
<dimen name="x67">188.4px</dimen>
<dimen name="x68">191.2px</dimen>
<dimen name="x69">194.0px</dimen>
<dimen name="x70">196.8px</dimen>
<dimen name="x71">199.6px</dimen>
<dimen name="x72">202.5px</dimen>
<dimen name="x73">205.3px</dimen>
<dimen name="x74">208.1px</dimen>
<dimen name="x75">210.9px</dimen>
<dimen name="x76">213.7px</dimen>
<dimen name="x77">216.5px</dimen>
<dimen name="x78">219.3px</dimen>
<dimen name="x79">222.1px</dimen>
<dimen name="x80">225.0px</dimen>
<dimen name="x81">227.8px</dimen>
<dimen name="x82">230.6px</dimen>
<dimen name="x83">233.4px</dimen>
<dimen name="x84">236.2px</dimen>
<dimen name="x85">239.0px</dimen>
<dimen name="x86">241.8px</dimen>
<dimen name="x87">244.6px</dimen>
<dimen name="x88">247.5px</dimen>
<dimen name="x89">250.3px</dimen>
<dimen name="x90">253.1px</dimen>
<dimen name="x91">255.9px</dimen>
<dimen name="x92">258.7px</dimen>
<dimen name="x93">261.5px</dimen>
<dimen name="x94">264.3px</dimen>
<dimen name="x95">267.1px</dimen>
<dimen name="x96">270.0px</dimen>
<dimen name="x97">272.8px</dimen>
<dimen name="x98">275.6px</dimen>
<dimen name="x99">278.4px</dimen>
<dimen name="x100">281.2px</dimen>
<dimen name="x101">284.0px</dimen>
<dimen name="x102">286.8px</dimen>
<dimen name="x103">289.6px</dimen>
<dimen name="x104">292.5px</dimen>
<dimen name="x105">295.3px</dimen>
<dimen name="x106">298.1px</dimen>
<dimen name="x107">300.9px</dimen>
<dimen name="x108">303.7px</dimen>
<dimen name="x109">306.5px</dimen>
<dimen name="x110">309.3px</dimen>
<dimen name="x111">312.1px</dimen>
<dimen name="x112">315.0px</dimen>
<dimen name="x113">317.8px</dimen>
<dimen name="x114">320.6px</dimen>
<dimen name="x115">323.4px</dimen>
<dimen name="x116">326.2px</dimen>
<dimen name="x117">329.0px</dimen>
<dimen name="x118">331.8px</dimen>
<dimen name="x119">334.6px</dimen>
<dimen name="x120">337.5px</dimen>
<dimen name="x121">340.3px</dimen>
<dimen name="x122">343.1px</dimen>
<dimen name="x123">345.9px</dimen>
<dimen name="x124">348.7px</dimen>
<dimen name="x125">351.5px</dimen>
<dimen name="x126">354.3px</dimen>
<dimen name="x127">357.1px</dimen>
<dimen name="x128">360.0px</dimen>
<dimen name="x129">362.8px</dimen>
<dimen name="x130">365.6px</dimen>
<dimen name="x131">368.4px</dimen>
<dimen name="x132">371.2px</dimen>
<dimen name="x133">374.0px</dimen>
<dimen name="x134">376.8px</dimen>
<dimen name="x135">379.6px</dimen>
<dimen name="x136">382.5px</dimen>
<dimen name="x137">385.3px</dimen>
<dimen name="x138">388.1px</dimen>
<dimen name="x139">390.9px</dimen>
<dimen name="x140">393.7px</dimen>
<dimen name="x141">396.5px</dimen>
<dimen name="x142">399.3px</dimen>
<dimen name="x143">402.1px</dimen>
<dimen name="x144">405.0px</dimen>
<dimen name="x145">407.8px</dimen>
<dimen name="x146">410.6px</dimen>
<dimen name="x147">413.4px</dimen>
<dimen name="x148">416.2px</dimen>
<dimen name="x149">419.0px</dimen>
<dimen name="x150">421.8px</dimen>
<dimen name="x151">424.6px</dimen>
<dimen name="x152">427.5px</dimen>
<dimen name="x153">430.3px</dimen>
<dimen name="x154">433.1px</dimen>
<dimen name="x155">435.9px</dimen>
<dimen name="x156">438.7px</dimen>
<dimen name="x157">441.5px</dimen>
<dimen name="x158">444.3px</dimen>
<dimen name="x159">447.1px</dimen>
<dimen name="x160">450.0px</dimen>
<dimen name="x161">452.8px</dimen>
<dimen name="x162">455.6px</dimen>
<dimen name="x163">458.4px</dimen>
<dimen name="x164">461.2px</dimen>
<dimen name="x165">464.0px</dimen>
<dimen name="x166">466.8px</dimen>
<dimen name="x167">469.6px</dimen>
<dimen name="x168">472.5px</dimen>
<dimen name="x169">475.3px</dimen>
<dimen name="x170">478.1px</dimen>
<dimen name="x171">480.9px</dimen>
<dimen name="x172">483.7px</dimen>
<dimen name="x173">486.5px</dimen>
<dimen name="x174">489.3px</dimen>
<dimen name="x175">492.1px</dimen>
<dimen name="x176">495.0px</dimen>
<dimen name="x177">497.8px</dimen>
<dimen name="x178">500.6px</dimen>
<dimen name="x179">503.4px</dimen>
<dimen name="x180">506.2px</dimen>
<dimen name="x181">509.0px</dimen>
<dimen name="x182">511.8px</dimen>
<dimen name="x183">514.6px</dimen>
<dimen name="x184">517.5px</dimen>
<dimen name="x185">520.3px</dimen>
<dimen name="x186">523.1px</dimen>
<dimen name="x187">525.9px</dimen>
<dimen name="x188">528.7px</dimen>
<dimen name="x189">531.5px</dimen>
<dimen name="x190">534.3px</dimen>
<dimen name="x191">537.1px</dimen>
<dimen name="x192">540.0px</dimen>
<dimen name="x193">542.8px</dimen>
<dimen name="x194">545.6px</dimen>
<dimen name="x195">548.4px</dimen>
<dimen name="x196">551.2px</dimen>
<dimen name="x197">554.0px</dimen>
<dimen name="x198">556.8px</dimen>
<dimen name="x199">559.6px</dimen>
<dimen name="x200">562.5px</dimen>
<dimen name="x201">565.3px</dimen>
<dimen name="x202">568.1px</dimen>
<dimen name="x203">570.9px</dimen>
<dimen name="x204">573.7px</dimen>
<dimen name="x205">576.5px</dimen>
<dimen name="x206">579.3px</dimen>
<dimen name="x207">582.1px</dimen>
<dimen name="x208">585.0px</dimen>
<dimen name="x209">587.8px</dimen>
<dimen name="x210">590.6px</dimen>
<dimen name="x211">593.4px</dimen>
<dimen name="x212">596.2px</dimen>
<dimen name="x213">599.0px</dimen>
<dimen name="x214">601.8px</dimen>
<dimen name="x215">604.6px</dimen>
<dimen name="x216">607.5px</dimen>
<dimen name="x217">610.3px</dimen>
<dimen name="x218">613.1px</dimen>
<dimen name="x219">615.9px</dimen>
<dimen name="x220">618.7px</dimen>
<dimen name="x221">621.5px</dimen>
<dimen name="x222">624.3px</dimen>
<dimen name="x223">627.1px</dimen>
<dimen name="x224">630.0px</dimen>
<dimen name="x225">632.8px</dimen>
<dimen name="x226">635.6px</dimen>
<dimen name="x227">638.4px</dimen>
<dimen name="x228">641.2px</dimen>
<dimen name="x229">644.0px</dimen>
<dimen name="x230">646.8px</dimen>
<dimen name="x231">649.6px</dimen>
<dimen name="x232">652.5px</dimen>
<dimen name="x233">655.3px</dimen>
<dimen name="x234">658.1px</dimen>
<dimen name="x235">660.9px</dimen>
<dimen name="x236">663.7px</dimen>
<dimen name="x237">666.5px</dimen>
<dimen name="x238">669.3px</dimen>
<dimen name="x239">672.1px</dimen>
<dimen name="x240">675.0px</dimen>
<dimen name="x241">677.8px</dimen>
<dimen name="x242">680.6px</dimen>
<dimen name="x243">683.4px</dimen>
<dimen name="x244">686.2px</dimen>
<dimen name="x245">689.0px</dimen>
<dimen name="x246">691.8px</dimen>
<dimen name="x247">694.6px</dimen>
<dimen name="x248">697.5px</dimen>
<dimen name="x249">700.3px</dimen>
<dimen name="x250">703.1px</dimen>
<dimen name="x251">705.9px</dimen>
<dimen name="x252">708.7px</dimen>
<dimen name="x253">711.5px</dimen>
<dimen name="x254">714.3px</dimen>
<dimen name="x255">717.1px</dimen>
<dimen name="x256">720.0px</dimen>
<dimen name="x257">722.8px</dimen>
<dimen name="x258">725.6px</dimen>
<dimen name="x259">728.4px</dimen>
<dimen name="x260">731.2px</dimen>
<dimen name="x261">734.0px</dimen>
<dimen name="x262">736.8px</dimen>
<dimen name="x263">739.6px</dimen>
<dimen name="x264">742.5px</dimen>
<dimen name="x265">745.3px</dimen>
<dimen name="x266">748.1px</dimen>
<dimen name="x267">750.9px</dimen>
<dimen name="x268">753.7px</dimen>
<dimen name="x269">756.5px</dimen>
<dimen name="x270">759.3px</dimen>
<dimen name="x271">762.1px</dimen>
<dimen name="x272">765.0px</dimen>
<dimen name="x273">767.8px</dimen>
<dimen name="x274">770.6px</dimen>
<dimen name="x275">773.4px</dimen>
<dimen name="x276">776.2px</dimen>
<dimen name="x277">779.0px</dimen>
<dimen name="x278">781.8px</dimen>
<dimen name="x279">784.6px</dimen>
<dimen name="x280">787.5px</dimen>
<dimen name="x281">790.3px</dimen>
<dimen name="x282">793.1px</dimen>
<dimen name="x283">795.9px</dimen>
<dimen name="x284">798.7px</dimen>
<dimen name="x285">801.5px</dimen>
<dimen name="x286">804.3px</dimen>
<dimen name="x287">807.1px</dimen>
<dimen name="x288">810.0px</dimen>
<dimen name="x289">812.8px</dimen>
<dimen name="x290">815.6px</dimen>
<dimen name="x291">818.4px</dimen>
<dimen name="x292">821.2px</dimen>
<dimen name="x293">824.0px</dimen>
<dimen name="x294">826.8px</dimen>
<dimen name="x295">829.6px</dimen>
<dimen name="x296">832.5px</dimen>
<dimen name="x297">835.3px</dimen>
<dimen name="x298">838.1px</dimen>
<dimen name="x299">840.9px</dimen>
<dimen name="x300">843.7px</dimen>
<dimen name="x301">846.5px</dimen>
<dimen name="x302">849.3px</dimen>
<dimen name="x303">852.1px</dimen>
<dimen name="x304">855.0px</dimen>
<dimen name="x305">857.8px</dimen>
<dimen name="x306">860.6px</dimen>
<dimen name="x307">863.4px</dimen>
<dimen name="x308">866.2px</dimen>
<dimen name="x309">869.0px</dimen>
<dimen name="x310">871.8px</dimen>
<dimen name="x311">874.6px</dimen>
<dimen name="x312">877.5px</dimen>
<dimen name="x313">880.3px</dimen>
<dimen name="x314">883.1px</dimen>
<dimen name="x315">885.9px</dimen>
<dimen name="x316">888.7px</dimen>
<dimen name="x317">891.5px</dimen>
<dimen name="x318">894.3px</dimen>
<dimen name="x319">897.1px</dimen>
<dimen name="x320">900.0px</dimen>
</resources>