<resources>
<dimen name="y1">3.0px</dimen>
<dimen name="y2">6.0px</dimen>
<dimen name="y3">9.0px</dimen>
<dimen name="y4">12.0px</dimen>
<dimen name="y5">15.0px</dimen>
<dimen name="y6">18.0px</dimen>
<dimen name="y7">21.0px</dimen>
<dimen name="y8">24.0px</dimen>
<dimen name="y9">27.0px</dimen>
<dimen name="y10">30.0px</dimen>
<dimen name="y11">33.0px</dimen>
<dimen name="y12">36.0px</dimen>
<dimen name="y13">39.0px</dimen>
<dimen name="y14">42.0px</dimen>
<dimen name="y15">45.0px</dimen>
<dimen name="y16">48.0px</dimen>
<dimen name="y17">51.0px</dimen>
<dimen name="y18">54.0px</dimen>
<dimen name="y19">57.0px</dimen>
<dimen name="y20">60.0px</dimen>
<dimen name="y21">63.0px</dimen>
<dimen name="y22">66.0px</dimen>
<dimen name="y23">69.0px</dimen>
<dimen name="y24">72.0px</dimen>
<dimen name="y25">75.0px</dimen>
<dimen name="y26">78.0px</dimen>
<dimen name="y27">81.0px</dimen>
<dimen name="y28">84.0px</dimen>
<dimen name="y29">87.0px</dimen>
<dimen name="y30">90.0px</dimen>
<dimen name="y31">93.0px</dimen>
<dimen name="y32">96.0px</dimen>
<dimen name="y33">99.0px</dimen>
<dimen name="y34">102.0px</dimen>
<dimen name="y35">105.0px</dimen>
<dimen name="y36">108.0px</dimen>
<dimen name="y37">111.0px</dimen>
<dimen name="y38">114.0px</dimen>
<dimen name="y39">117.0px</dimen>
<dimen name="y40">120.0px</dimen>
<dimen name="y41">123.0px</dimen>
<dimen name="y42">126.0px</dimen>
<dimen name="y43">129.0px</dimen>
<dimen name="y44">132.0px</dimen>
<dimen name="y45">135.0px</dimen>
<dimen name="y46">138.0px</dimen>
<dimen name="y47">141.0px</dimen>
<dimen name="y48">144.0px</dimen>
<dimen name="y49">147.0px</dimen>
<dimen name="y50">150.0px</dimen>
<dimen name="y51">153.0px</dimen>
<dimen name="y52">156.0px</dimen>
<dimen name="y53">159.0px</dimen>
<dimen name="y54">162.0px</dimen>
<dimen name="y55">165.0px</dimen>
<dimen name="y56">168.0px</dimen>
<dimen name="y57">171.0px</dimen>
<dimen name="y58">174.0px</dimen>
<dimen name="y59">177.0px</dimen>
<dimen name="y60">180.0px</dimen>
<dimen name="y61">183.0px</dimen>
<dimen name="y62">186.0px</dimen>
<dimen name="y63">189.0px</dimen>
<dimen name="y64">192.0px</dimen>
<dimen name="y65">195.0px</dimen>
<dimen name="y66">198.0px</dimen>
<dimen name="y67">201.0px</dimen>
<dimen name="y68">204.0px</dimen>
<dimen name="y69">207.0px</dimen>
<dimen name="y70">210.0px</dimen>
<dimen name="y71">213.0px</dimen>
<dimen name="y72">216.0px</dimen>
<dimen name="y73">219.0px</dimen>
<dimen name="y74">222.0px</dimen>
<dimen name="y75">225.0px</dimen>
<dimen name="y76">228.0px</dimen>
<dimen name="y77">231.0px</dimen>
<dimen name="y78">234.0px</dimen>
<dimen name="y79">237.0px</dimen>
<dimen name="y80">240.0px</dimen>
<dimen name="y81">243.0px</dimen>
<dimen name="y82">246.0px</dimen>
<dimen name="y83">249.0px</dimen>
<dimen name="y84">252.0px</dimen>
<dimen name="y85">255.0px</dimen>
<dimen name="y86">258.0px</dimen>
<dimen name="y87">261.0px</dimen>
<dimen name="y88">264.0px</dimen>
<dimen name="y89">267.0px</dimen>
<dimen name="y90">270.0px</dimen>
<dimen name="y91">273.0px</dimen>
<dimen name="y92">276.0px</dimen>
<dimen name="y93">279.0px</dimen>
<dimen name="y94">282.0px</dimen>
<dimen name="y95">285.0px</dimen>
<dimen name="y96">288.0px</dimen>
<dimen name="y97">291.0px</dimen>
<dimen name="y98">294.0px</dimen>
<dimen name="y99">297.0px</dimen>
<dimen name="y100">300.0px</dimen>
<dimen name="y101">303.0px</dimen>
<dimen name="y102">306.0px</dimen>
<dimen name="y103">309.0px</dimen>
<dimen name="y104">312.0px</dimen>
<dimen name="y105">315.0px</dimen>
<dimen name="y106">318.0px</dimen>
<dimen name="y107">321.0px</dimen>
<dimen name="y108">324.0px</dimen>
<dimen name="y109">327.0px</dimen>
<dimen name="y110">330.0px</dimen>
<dimen name="y111">333.0px</dimen>
<dimen name="y112">336.0px</dimen>
<dimen name="y113">339.0px</dimen>
<dimen name="y114">342.0px</dimen>
<dimen name="y115">345.0px</dimen>
<dimen name="y116">348.0px</dimen>
<dimen name="y117">351.0px</dimen>
<dimen name="y118">354.0px</dimen>
<dimen name="y119">357.0px</dimen>
<dimen name="y120">360.0px</dimen>
<dimen name="y121">363.0px</dimen>
<dimen name="y122">366.0px</dimen>
<dimen name="y123">369.0px</dimen>
<dimen name="y124">372.0px</dimen>
<dimen name="y125">375.0px</dimen>
<dimen name="y126">378.0px</dimen>
<dimen name="y127">381.0px</dimen>
<dimen name="y128">384.0px</dimen>
<dimen name="y129">387.0px</dimen>
<dimen name="y130">390.0px</dimen>
<dimen name="y131">393.0px</dimen>
<dimen name="y132">396.0px</dimen>
<dimen name="y133">399.0px</dimen>
<dimen name="y134">402.0px</dimen>
<dimen name="y135">405.0px</dimen>
<dimen name="y136">408.0px</dimen>
<dimen name="y137">411.0px</dimen>
<dimen name="y138">414.0px</dimen>
<dimen name="y139">417.0px</dimen>
<dimen name="y140">420.0px</dimen>
<dimen name="y141">423.0px</dimen>
<dimen name="y142">426.0px</dimen>
<dimen name="y143">429.0px</dimen>
<dimen name="y144">432.0px</dimen>
<dimen name="y145">435.0px</dimen>
<dimen name="y146">438.0px</dimen>
<dimen name="y147">441.0px</dimen>
<dimen name="y148">444.0px</dimen>
<dimen name="y149">447.0px</dimen>
<dimen name="y150">450.0px</dimen>
<dimen name="y151">453.0px</dimen>
<dimen name="y152">456.0px</dimen>
<dimen name="y153">459.0px</dimen>
<dimen name="y154">462.0px</dimen>
<dimen name="y155">465.0px</dimen>
<dimen name="y156">468.0px</dimen>
<dimen name="y157">471.0px</dimen>
<dimen name="y158">474.0px</dimen>
<dimen name="y159">477.0px</dimen>
<dimen name="y160">480.0px</dimen>
<dimen name="y161">483.0px</dimen>
<dimen name="y162">486.0px</dimen>
<dimen name="y163">489.0px</dimen>
<dimen name="y164">492.0px</dimen>
<dimen name="y165">495.0px</dimen>
<dimen name="y166">498.0px</dimen>
<dimen name="y167">501.0px</dimen>
<dimen name="y168">504.0px</dimen>
<dimen name="y169">507.0px</dimen>
<dimen name="y170">510.0px</dimen>
<dimen name="y171">513.0px</dimen>
<dimen name="y172">516.0px</dimen>
<dimen name="y173">519.0px</dimen>
<dimen name="y174">522.0px</dimen>
<dimen name="y175">525.0px</dimen>
<dimen name="y176">528.0px</dimen>
<dimen name="y177">531.0px</dimen>
<dimen name="y178">534.0px</dimen>
<dimen name="y179">537.0px</dimen>
<dimen name="y180">540.0px</dimen>
<dimen name="y181">543.0px</dimen>
<dimen name="y182">546.0px</dimen>
<dimen name="y183">549.0px</dimen>
<dimen name="y184">552.0px</dimen>
<dimen name="y185">555.0px</dimen>
<dimen name="y186">558.0px</dimen>
<dimen name="y187">561.0px</dimen>
<dimen name="y188">564.0px</dimen>
<dimen name="y189">567.0px</dimen>
<dimen name="y190">570.0px</dimen>
<dimen name="y191">573.0px</dimen>
<dimen name="y192">576.0px</dimen>
<dimen name="y193">579.0px</dimen>
<dimen name="y194">582.0px</dimen>
<dimen name="y195">585.0px</dimen>
<dimen name="y196">588.0px</dimen>
<dimen name="y197">591.0px</dimen>
<dimen name="y198">594.0px</dimen>
<dimen name="y199">597.0px</dimen>
<dimen name="y200">600.0px</dimen>
<dimen name="y201">603.0px</dimen>
<dimen name="y202">606.0px</dimen>
<dimen name="y203">609.0px</dimen>
<dimen name="y204">612.0px</dimen>
<dimen name="y205">615.0px</dimen>
<dimen name="y206">618.0px</dimen>
<dimen name="y207">621.0px</dimen>
<dimen name="y208">624.0px</dimen>
<dimen name="y209">627.0px</dimen>
<dimen name="y210">630.0px</dimen>
<dimen name="y211">633.0px</dimen>
<dimen name="y212">636.0px</dimen>
<dimen name="y213">639.0px</dimen>
<dimen name="y214">642.0px</dimen>
<dimen name="y215">645.0px</dimen>
<dimen name="y216">648.0px</dimen>
<dimen name="y217">651.0px</dimen>
<dimen name="y218">654.0px</dimen>
<dimen name="y219">657.0px</dimen>
<dimen name="y220">660.0px</dimen>
<dimen name="y221">663.0px</dimen>
<dimen name="y222">666.0px</dimen>
<dimen name="y223">669.0px</dimen>
<dimen name="y224">672.0px</dimen>
<dimen name="y225">675.0px</dimen>
<dimen name="y226">678.0px</dimen>
<dimen name="y227">681.0px</dimen>
<dimen name="y228">684.0px</dimen>
<dimen name="y229">687.0px</dimen>
<dimen name="y230">690.0px</dimen>
<dimen name="y231">693.0px</dimen>
<dimen name="y232">696.0px</dimen>
<dimen name="y233">699.0px</dimen>
<dimen name="y234">702.0px</dimen>
<dimen name="y235">705.0px</dimen>
<dimen name="y236">708.0px</dimen>
<dimen name="y237">711.0px</dimen>
<dimen name="y238">714.0px</dimen>
<dimen name="y239">717.0px</dimen>
<dimen name="y240">720.0px</dimen>
<dimen name="y241">723.0px</dimen>
<dimen name="y242">726.0px</dimen>
<dimen name="y243">729.0px</dimen>
<dimen name="y244">732.0px</dimen>
<dimen name="y245">735.0px</dimen>
<dimen name="y246">738.0px</dimen>
<dimen name="y247">741.0px</dimen>
<dimen name="y248">744.0px</dimen>
<dimen name="y249">747.0px</dimen>
<dimen name="y250">750.0px</dimen>
<dimen name="y251">753.0px</dimen>
<dimen name="y252">756.0px</dimen>
<dimen name="y253">759.0px</dimen>
<dimen name="y254">762.0px</dimen>
<dimen name="y255">765.0px</dimen>
<dimen name="y256">768.0px</dimen>
<dimen name="y257">771.0px</dimen>
<dimen name="y258">774.0px</dimen>
<dimen name="y259">777.0px</dimen>
<dimen name="y260">780.0px</dimen>
<dimen name="y261">783.0px</dimen>
<dimen name="y262">786.0px</dimen>
<dimen name="y263">789.0px</dimen>
<dimen name="y264">792.0px</dimen>
<dimen name="y265">795.0px</dimen>
<dimen name="y266">798.0px</dimen>
<dimen name="y267">801.0px</dimen>
<dimen name="y268">804.0px</dimen>
<dimen name="y269">807.0px</dimen>
<dimen name="y270">810.0px</dimen>
<dimen name="y271">813.0px</dimen>
<dimen name="y272">816.0px</dimen>
<dimen name="y273">819.0px</dimen>
<dimen name="y274">822.0px</dimen>
<dimen name="y275">825.0px</dimen>
<dimen name="y276">828.0px</dimen>
<dimen name="y277">831.0px</dimen>
<dimen name="y278">834.0px</dimen>
<dimen name="y279">837.0px</dimen>
<dimen name="y280">840.0px</dimen>
<dimen name="y281">843.0px</dimen>
<dimen name="y282">846.0px</dimen>
<dimen name="y283">849.0px</dimen>
<dimen name="y284">852.0px</dimen>
<dimen name="y285">855.0px</dimen>
<dimen name="y286">858.0px</dimen>
<dimen name="y287">861.0px</dimen>
<dimen name="y288">864.0px</dimen>
<dimen name="y289">867.0px</dimen>
<dimen name="y290">870.0px</dimen>
<dimen name="y291">873.0px</dimen>
<dimen name="y292">876.0px</dimen>
<dimen name="y293">879.0px</dimen>
<dimen name="y294">882.0px</dimen>
<dimen name="y295">885.0px</dimen>
<dimen name="y296">888.0px</dimen>
<dimen name="y297">891.0px</dimen>
<dimen name="y298">894.0px</dimen>
<dimen name="y299">897.0px</dimen>
<dimen name="y300">900.0px</dimen>
<dimen name="y301">903.0px</dimen>
<dimen name="y302">906.0px</dimen>
<dimen name="y303">909.0px</dimen>
<dimen name="y304">912.0px</dimen>
<dimen name="y305">915.0px</dimen>
<dimen name="y306">918.0px</dimen>
<dimen name="y307">921.0px</dimen>
<dimen name="y308">924.0px</dimen>
<dimen name="y309">927.0px</dimen>
<dimen name="y310">930.0px</dimen>
<dimen name="y311">933.0px</dimen>
<dimen name="y312">936.0px</dimen>
<dimen name="y313">939.0px</dimen>
<dimen name="y314">942.0px</dimen>
<dimen name="y315">945.0px</dimen>
<dimen name="y316">948.0px</dimen>
<dimen name="y317">951.0px</dimen>
<dimen name="y318">954.0px</dimen>
<dimen name="y319">957.0px</dimen>
<dimen name="y320">960.0px</dimen>
<dimen name="y321">963.0px</dimen>
<dimen name="y322">966.0px</dimen>
<dimen name="y323">969.0px</dimen>
<dimen name="y324">972.0px</dimen>
<dimen name="y325">975.0px</dimen>
<dimen name="y326">978.0px</dimen>
<dimen name="y327">981.0px</dimen>
<dimen name="y328">984.0px</dimen>
<dimen name="y329">987.0px</dimen>
<dimen name="y330">990.0px</dimen>
<dimen name="y331">993.0px</dimen>
<dimen name="y332">996.0px</dimen>
<dimen name="y333">999.0px</dimen>
<dimen name="y334">1002.0px</dimen>
<dimen name="y335">1005.0px</dimen>
<dimen name="y336">1008.0px</dimen>
<dimen name="y337">1011.0px</dimen>
<dimen name="y338">1014.0px</dimen>
<dimen name="y339">1017.0px</dimen>
<dimen name="y340">1020.0px</dimen>
<dimen name="y341">1023.0px</dimen>
<dimen name="y342">1026.0px</dimen>
<dimen name="y343">1029.0px</dimen>
<dimen name="y344">1032.0px</dimen>
<dimen name="y345">1035.0px</dimen>
<dimen name="y346">1038.0px</dimen>
<dimen name="y347">1041.0px</dimen>
<dimen name="y348">1044.0px</dimen>
<dimen name="y349">1047.0px</dimen>
<dimen name="y350">1050.0px</dimen>
<dimen name="y351">1053.0px</dimen>
<dimen name="y352">1056.0px</dimen>
<dimen name="y353">1059.0px</dimen>
<dimen name="y354">1062.0px</dimen>
<dimen name="y355">1065.0px</dimen>
<dimen name="y356">1068.0px</dimen>
<dimen name="y357">1071.0px</dimen>
<dimen name="y358">1074.0px</dimen>
<dimen name="y359">1077.0px</dimen>
<dimen name="y360">1080.0px</dimen>
<dimen name="y361">1083.0px</dimen>
<dimen name="y362">1086.0px</dimen>
<dimen name="y363">1089.0px</dimen>
<dimen name="y364">1092.0px</dimen>
<dimen name="y365">1095.0px</dimen>
<dimen name="y366">1098.0px</dimen>
<dimen name="y367">1101.0px</dimen>
<dimen name="y368">1104.0px</dimen>
<dimen name="y369">1107.0px</dimen>
<dimen name="y370">1110.0px</dimen>
<dimen name="y371">1113.0px</dimen>
<dimen name="y372">1116.0px</dimen>
<dimen name="y373">1119.0px</dimen>
<dimen name="y374">1122.0px</dimen>
<dimen name="y375">1125.0px</dimen>
<dimen name="y376">1128.0px</dimen>
<dimen name="y377">1131.0px</dimen>
<dimen name="y378">1134.0px</dimen>
<dimen name="y379">1137.0px</dimen>
<dimen name="y380">1140.0px</dimen>
<dimen name="y381">1143.0px</dimen>
<dimen name="y382">1146.0px</dimen>
<dimen name="y383">1149.0px</dimen>
<dimen name="y384">1152.0px</dimen>
<dimen name="y385">1155.0px</dimen>
<dimen name="y386">1158.0px</dimen>
<dimen name="y387">1161.0px</dimen>
<dimen name="y388">1164.0px</dimen>
<dimen name="y389">1167.0px</dimen>
<dimen name="y390">1170.0px</dimen>
<dimen name="y391">1173.0px</dimen>
<dimen name="y392">1176.0px</dimen>
<dimen name="y393">1179.0px</dimen>
<dimen name="y394">1182.0px</dimen>
<dimen name="y395">1185.0px</dimen>
<dimen name="y396">1188.0px</dimen>
<dimen name="y397">1191.0px</dimen>
<dimen name="y398">1194.0px</dimen>
<dimen name="y399">1197.0px</dimen>
<dimen name="y400">1200.0px</dimen>
<dimen name="y401">1203.0px</dimen>
<dimen name="y402">1206.0px</dimen>
<dimen name="y403">1209.0px</dimen>
<dimen name="y404">1212.0px</dimen>
<dimen name="y405">1215.0px</dimen>
<dimen name="y406">1218.0px</dimen>
<dimen name="y407">1221.0px</dimen>
<dimen name="y408">1224.0px</dimen>
<dimen name="y409">1227.0px</dimen>
<dimen name="y410">1230.0px</dimen>
<dimen name="y411">1233.0px</dimen>
<dimen name="y412">1236.0px</dimen>
<dimen name="y413">1239.0px</dimen>
<dimen name="y414">1242.0px</dimen>
<dimen name="y415">1245.0px</dimen>
<dimen name="y416">1248.0px</dimen>
<dimen name="y417">1251.0px</dimen>
<dimen name="y418">1254.0px</dimen>
<dimen name="y419">1257.0px</dimen>
<dimen name="y420">1260.0px</dimen>
<dimen name="y421">1263.0px</dimen>
<dimen name="y422">1266.0px</dimen>
<dimen name="y423">1269.0px</dimen>
<dimen name="y424">1272.0px</dimen>
<dimen name="y425">1275.0px</dimen>
<dimen name="y426">1278.0px</dimen>
<dimen name="y427">1281.0px</dimen>
<dimen name="y428">1284.0px</dimen>
<dimen name="y429">1287.0px</dimen>
<dimen name="y430">1290.0px</dimen>
<dimen name="y431">1293.0px</dimen>
<dimen name="y432">1296.0px</dimen>
<dimen name="y433">1299.0px</dimen>
<dimen name="y434">1302.0px</dimen>
<dimen name="y435">1305.0px</dimen>
<dimen name="y436">1308.0px</dimen>
<dimen name="y437">1311.0px</dimen>
<dimen name="y438">1314.0px</dimen>
<dimen name="y439">1317.0px</dimen>
<dimen name="y440">1320.0px</dimen>
<dimen name="y441">1323.0px</dimen>
<dimen name="y442">1326.0px</dimen>
<dimen name="y443">1329.0px</dimen>
<dimen name="y444">1332.0px</dimen>
<dimen name="y445">1335.0px</dimen>
<dimen name="y446">1338.0px</dimen>
<dimen name="y447">1341.0px</dimen>
<dimen name="y448">1344.0px</dimen>
<dimen name="y449">1347.0px</dimen>
<dimen name="y450">1350.0px</dimen>
<dimen name="y451">1353.0px</dimen>
<dimen name="y452">1356.0px</dimen>
<dimen name="y453">1359.0px</dimen>
<dimen name="y454">1362.0px</dimen>
<dimen name="y455">1365.0px</dimen>
<dimen name="y456">1368.0px</dimen>
<dimen name="y457">1371.0px</dimen>
<dimen name="y458">1374.0px</dimen>
<dimen name="y459">1377.0px</dimen>
<dimen name="y460">1380.0px</dimen>
<dimen name="y461">1383.0px</dimen>
<dimen name="y462">1386.0px</dimen>
<dimen name="y463">1389.0px</dimen>
<dimen name="y464">1392.0px</dimen>
<dimen name="y465">1395.0px</dimen>
<dimen name="y466">1398.0px</dimen>
<dimen name="y467">1401.0px</dimen>
<dimen name="y468">1404.0px</dimen>
<dimen name="y469">1407.0px</dimen>
<dimen name="y470">1410.0px</dimen>
<dimen name="y471">1413.0px</dimen>
<dimen name="y472">1416.0px</dimen>
<dimen name="y473">1419.0px</dimen>
<dimen name="y474">1422.0px</dimen>
<dimen name="y475">1425.0px</dimen>
<dimen name="y476">1428.0px</dimen>
<dimen name="y477">1431.0px</dimen>
<dimen name="y478">1434.0px</dimen>
<dimen name="y479">1437.0px</dimen>
<dimen name="y480">1440.0px</dimen>
</resources>