<resources>
<dimen name="y1">5.3px</dimen>
<dimen name="y2">10.6px</dimen>
<dimen name="y3">16.0px</dimen>
<dimen name="y4">21.3px</dimen>
<dimen name="y5">26.6px</dimen>
<dimen name="y6">32.0px</dimen>
<dimen name="y7">37.3px</dimen>
<dimen name="y8">42.6px</dimen>
<dimen name="y9">48.0px</dimen>
<dimen name="y10">53.3px</dimen>
<dimen name="y11">58.6px</dimen>
<dimen name="y12">64.0px</dimen>
<dimen name="y13">69.3px</dimen>
<dimen name="y14">74.6px</dimen>
<dimen name="y15">80.0px</dimen>
<dimen name="y16">85.3px</dimen>
<dimen name="y17">90.6px</dimen>
<dimen name="y18">96.0px</dimen>
<dimen name="y19">101.3px</dimen>
<dimen name="y20">106.6px</dimen>
<dimen name="y21">112.0px</dimen>
<dimen name="y22">117.3px</dimen>
<dimen name="y23">122.6px</dimen>
<dimen name="y24">128.0px</dimen>
<dimen name="y25">133.3px</dimen>
<dimen name="y26">138.6px</dimen>
<dimen name="y27">144.0px</dimen>
<dimen name="y28">149.3px</dimen>
<dimen name="y29">154.6px</dimen>
<dimen name="y30">160.0px</dimen>
<dimen name="y31">165.3px</dimen>
<dimen name="y32">170.6px</dimen>
<dimen name="y33">176.0px</dimen>
<dimen name="y34">181.3px</dimen>
<dimen name="y35">186.6px</dimen>
<dimen name="y36">192.0px</dimen>
<dimen name="y37">197.3px</dimen>
<dimen name="y38">202.6px</dimen>
<dimen name="y39">208.0px</dimen>
<dimen name="y40">213.3px</dimen>
<dimen name="y41">218.6px</dimen>
<dimen name="y42">224.0px</dimen>
<dimen name="y43">229.3px</dimen>
<dimen name="y44">234.6px</dimen>
<dimen name="y45">240.0px</dimen>
<dimen name="y46">245.3px</dimen>
<dimen name="y47">250.6px</dimen>
<dimen name="y48">256.0px</dimen>
<dimen name="y49">261.3px</dimen>
<dimen name="y50">266.6px</dimen>
<dimen name="y51">272.0px</dimen>
<dimen name="y52">277.3px</dimen>
<dimen name="y53">282.6px</dimen>
<dimen name="y54">288.0px</dimen>
<dimen name="y55">293.3px</dimen>
<dimen name="y56">298.6px</dimen>
<dimen name="y57">304.0px</dimen>
<dimen name="y58">309.3px</dimen>
<dimen name="y59">314.6px</dimen>
<dimen name="y60">320.0px</dimen>
<dimen name="y61">325.3px</dimen>
<dimen name="y62">330.6px</dimen>
<dimen name="y63">336.0px</dimen>
<dimen name="y64">341.3px</dimen>
<dimen name="y65">346.6px</dimen>
<dimen name="y66">352.0px</dimen>
<dimen name="y67">357.3px</dimen>
<dimen name="y68">362.6px</dimen>
<dimen name="y69">368.0px</dimen>
<dimen name="y70">373.3px</dimen>
<dimen name="y71">378.6px</dimen>
<dimen name="y72">384.0px</dimen>
<dimen name="y73">389.3px</dimen>
<dimen name="y74">394.6px</dimen>
<dimen name="y75">400.0px</dimen>
<dimen name="y76">405.3px</dimen>
<dimen name="y77">410.6px</dimen>
<dimen name="y78">416.0px</dimen>
<dimen name="y79">421.3px</dimen>
<dimen name="y80">426.6px</dimen>
<dimen name="y81">432.0px</dimen>
<dimen name="y82">437.3px</dimen>
<dimen name="y83">442.6px</dimen>
<dimen name="y84">448.0px</dimen>
<dimen name="y85">453.3px</dimen>
<dimen name="y86">458.6px</dimen>
<dimen name="y87">464.0px</dimen>
<dimen name="y88">469.3px</dimen>
<dimen name="y89">474.6px</dimen>
<dimen name="y90">480.0px</dimen>
<dimen name="y91">485.3px</dimen>
<dimen name="y92">490.6px</dimen>
<dimen name="y93">496.0px</dimen>
<dimen name="y94">501.3px</dimen>
<dimen name="y95">506.6px</dimen>
<dimen name="y96">512.0px</dimen>
<dimen name="y97">517.3px</dimen>
<dimen name="y98">522.6px</dimen>
<dimen name="y99">528.0px</dimen>
<dimen name="y100">533.3px</dimen>
<dimen name="y101">538.6px</dimen>
<dimen name="y102">544.0px</dimen>
<dimen name="y103">549.3px</dimen>
<dimen name="y104">554.6px</dimen>
<dimen name="y105">560.0px</dimen>
<dimen name="y106">565.3px</dimen>
<dimen name="y107">570.6px</dimen>
<dimen name="y108">576.0px</dimen>
<dimen name="y109">581.3px</dimen>
<dimen name="y110">586.6px</dimen>
<dimen name="y111">592.0px</dimen>
<dimen name="y112">597.3px</dimen>
<dimen name="y113">602.6px</dimen>
<dimen name="y114">608.0px</dimen>
<dimen name="y115">613.3px</dimen>
<dimen name="y116">618.6px</dimen>
<dimen name="y117">624.0px</dimen>
<dimen name="y118">629.3px</dimen>
<dimen name="y119">634.6px</dimen>
<dimen name="y120">640.0px</dimen>
<dimen name="y121">645.3px</dimen>
<dimen name="y122">650.6px</dimen>
<dimen name="y123">656.0px</dimen>
<dimen name="y124">661.3px</dimen>
<dimen name="y125">666.6px</dimen>
<dimen name="y126">672.0px</dimen>
<dimen name="y127">677.3px</dimen>
<dimen name="y128">682.6px</dimen>
<dimen name="y129">688.0px</dimen>
<dimen name="y130">693.3px</dimen>
<dimen name="y131">698.6px</dimen>
<dimen name="y132">704.0px</dimen>
<dimen name="y133">709.3px</dimen>
<dimen name="y134">714.6px</dimen>
<dimen name="y135">720.0px</dimen>
<dimen name="y136">725.3px</dimen>
<dimen name="y137">730.6px</dimen>
<dimen name="y138">736.0px</dimen>
<dimen name="y139">741.3px</dimen>
<dimen name="y140">746.6px</dimen>
<dimen name="y141">752.0px</dimen>
<dimen name="y142">757.3px</dimen>
<dimen name="y143">762.6px</dimen>
<dimen name="y144">768.0px</dimen>
<dimen name="y145">773.3px</dimen>
<dimen name="y146">778.6px</dimen>
<dimen name="y147">784.0px</dimen>
<dimen name="y148">789.3px</dimen>
<dimen name="y149">794.6px</dimen>
<dimen name="y150">800.0px</dimen>
<dimen name="y151">805.3px</dimen>
<dimen name="y152">810.6px</dimen>
<dimen name="y153">816.0px</dimen>
<dimen name="y154">821.3px</dimen>
<dimen name="y155">826.6px</dimen>
<dimen name="y156">832.0px</dimen>
<dimen name="y157">837.3px</dimen>
<dimen name="y158">842.6px</dimen>
<dimen name="y159">848.0px</dimen>
<dimen name="y160">853.3px</dimen>
<dimen name="y161">858.6px</dimen>
<dimen name="y162">864.0px</dimen>
<dimen name="y163">869.3px</dimen>
<dimen name="y164">874.6px</dimen>
<dimen name="y165">880.0px</dimen>
<dimen name="y166">885.3px</dimen>
<dimen name="y167">890.6px</dimen>
<dimen name="y168">896.0px</dimen>
<dimen name="y169">901.3px</dimen>
<dimen name="y170">906.6px</dimen>
<dimen name="y171">912.0px</dimen>
<dimen name="y172">917.3px</dimen>
<dimen name="y173">922.6px</dimen>
<dimen name="y174">928.0px</dimen>
<dimen name="y175">933.3px</dimen>
<dimen name="y176">938.6px</dimen>
<dimen name="y177">944.0px</dimen>
<dimen name="y178">949.3px</dimen>
<dimen name="y179">954.6px</dimen>
<dimen name="y180">960.0px</dimen>
<dimen name="y181">965.3px</dimen>
<dimen name="y182">970.6px</dimen>
<dimen name="y183">976.0px</dimen>
<dimen name="y184">981.3px</dimen>
<dimen name="y185">986.6px</dimen>
<dimen name="y186">992.0px</dimen>
<dimen name="y187">997.3px</dimen>
<dimen name="y188">1002.6px</dimen>
<dimen name="y189">1008.0px</dimen>
<dimen name="y190">1013.3px</dimen>
<dimen name="y191">1018.6px</dimen>
<dimen name="y192">1024.0px</dimen>
<dimen name="y193">1029.3px</dimen>
<dimen name="y194">1034.6px</dimen>
<dimen name="y195">1040.0px</dimen>
<dimen name="y196">1045.3px</dimen>
<dimen name="y197">1050.6px</dimen>
<dimen name="y198">1056.0px</dimen>
<dimen name="y199">1061.3px</dimen>
<dimen name="y200">1066.6px</dimen>
<dimen name="y201">1072.0px</dimen>
<dimen name="y202">1077.3px</dimen>
<dimen name="y203">1082.6px</dimen>
<dimen name="y204">1088.0px</dimen>
<dimen name="y205">1093.3px</dimen>
<dimen name="y206">1098.6px</dimen>
<dimen name="y207">1104.0px</dimen>
<dimen name="y208">1109.3px</dimen>
<dimen name="y209">1114.6px</dimen>
<dimen name="y210">1120.0px</dimen>
<dimen name="y211">1125.3px</dimen>
<dimen name="y212">1130.6px</dimen>
<dimen name="y213">1136.0px</dimen>
<dimen name="y214">1141.3px</dimen>
<dimen name="y215">1146.6px</dimen>
<dimen name="y216">1152.0px</dimen>
<dimen name="y217">1157.3px</dimen>
<dimen name="y218">1162.6px</dimen>
<dimen name="y219">1168.0px</dimen>
<dimen name="y220">1173.3px</dimen>
<dimen name="y221">1178.6px</dimen>
<dimen name="y222">1184.0px</dimen>
<dimen name="y223">1189.3px</dimen>
<dimen name="y224">1194.6px</dimen>
<dimen name="y225">1200.0px</dimen>
<dimen name="y226">1205.3px</dimen>
<dimen name="y227">1210.6px</dimen>
<dimen name="y228">1216.0px</dimen>
<dimen name="y229">1221.3px</dimen>
<dimen name="y230">1226.6px</dimen>
<dimen name="y231">1232.0px</dimen>
<dimen name="y232">1237.3px</dimen>
<dimen name="y233">1242.6px</dimen>
<dimen name="y234">1248.0px</dimen>
<dimen name="y235">1253.3px</dimen>
<dimen name="y236">1258.6px</dimen>
<dimen name="y237">1264.0px</dimen>
<dimen name="y238">1269.3px</dimen>
<dimen name="y239">1274.6px</dimen>
<dimen name="y240">1280.0px</dimen>
<dimen name="y241">1285.3px</dimen>
<dimen name="y242">1290.6px</dimen>
<dimen name="y243">1296.0px</dimen>
<dimen name="y244">1301.3px</dimen>
<dimen name="y245">1306.6px</dimen>
<dimen name="y246">1312.0px</dimen>
<dimen name="y247">1317.3px</dimen>
<dimen name="y248">1322.6px</dimen>
<dimen name="y249">1328.0px</dimen>
<dimen name="y250">1333.3px</dimen>
<dimen name="y251">1338.6px</dimen>
<dimen name="y252">1344.0px</dimen>
<dimen name="y253">1349.3px</dimen>
<dimen name="y254">1354.6px</dimen>
<dimen name="y255">1360.0px</dimen>
<dimen name="y256">1365.3px</dimen>
<dimen name="y257">1370.6px</dimen>
<dimen name="y258">1376.0px</dimen>
<dimen name="y259">1381.3px</dimen>
<dimen name="y260">1386.6px</dimen>
<dimen name="y261">1392.0px</dimen>
<dimen name="y262">1397.3px</dimen>
<dimen name="y263">1402.6px</dimen>
<dimen name="y264">1408.0px</dimen>
<dimen name="y265">1413.3px</dimen>
<dimen name="y266">1418.6px</dimen>
<dimen name="y267">1424.0px</dimen>
<dimen name="y268">1429.3px</dimen>
<dimen name="y269">1434.6px</dimen>
<dimen name="y270">1440.0px</dimen>
<dimen name="y271">1445.3px</dimen>
<dimen name="y272">1450.6px</dimen>
<dimen name="y273">1456.0px</dimen>
<dimen name="y274">1461.3px</dimen>
<dimen name="y275">1466.6px</dimen>
<dimen name="y276">1472.0px</dimen>
<dimen name="y277">1477.3px</dimen>
<dimen name="y278">1482.6px</dimen>
<dimen name="y279">1488.0px</dimen>
<dimen name="y280">1493.3px</dimen>
<dimen name="y281">1498.6px</dimen>
<dimen name="y282">1504.0px</dimen>
<dimen name="y283">1509.3px</dimen>
<dimen name="y284">1514.6px</dimen>
<dimen name="y285">1520.0px</dimen>
<dimen name="y286">1525.3px</dimen>
<dimen name="y287">1530.6px</dimen>
<dimen name="y288">1536.0px</dimen>
<dimen name="y289">1541.3px</dimen>
<dimen name="y290">1546.6px</dimen>
<dimen name="y291">1552.0px</dimen>
<dimen name="y292">1557.3px</dimen>
<dimen name="y293">1562.6px</dimen>
<dimen name="y294">1568.0px</dimen>
<dimen name="y295">1573.3px</dimen>
<dimen name="y296">1578.6px</dimen>
<dimen name="y297">1584.0px</dimen>
<dimen name="y298">1589.3px</dimen>
<dimen name="y299">1594.6px</dimen>
<dimen name="y300">1600.0px</dimen>
<dimen name="y301">1605.3px</dimen>
<dimen name="y302">1610.6px</dimen>
<dimen name="y303">1616.0px</dimen>
<dimen name="y304">1621.3px</dimen>
<dimen name="y305">1626.6px</dimen>
<dimen name="y306">1632.0px</dimen>
<dimen name="y307">1637.3px</dimen>
<dimen name="y308">1642.6px</dimen>
<dimen name="y309">1648.0px</dimen>
<dimen name="y310">1653.3px</dimen>
<dimen name="y311">1658.6px</dimen>
<dimen name="y312">1664.0px</dimen>
<dimen name="y313">1669.3px</dimen>
<dimen name="y314">1674.6px</dimen>
<dimen name="y315">1680.0px</dimen>
<dimen name="y316">1685.3px</dimen>
<dimen name="y317">1690.6px</dimen>
<dimen name="y318">1696.0px</dimen>
<dimen name="y319">1701.3px</dimen>
<dimen name="y320">1706.6px</dimen>
<dimen name="y321">1712.0px</dimen>
<dimen name="y322">1717.3px</dimen>
<dimen name="y323">1722.6px</dimen>
<dimen name="y324">1728.0px</dimen>
<dimen name="y325">1733.3px</dimen>
<dimen name="y326">1738.6px</dimen>
<dimen name="y327">1744.0px</dimen>
<dimen name="y328">1749.3px</dimen>
<dimen name="y329">1754.6px</dimen>
<dimen name="y330">1760.0px</dimen>
<dimen name="y331">1765.3px</dimen>
<dimen name="y332">1770.6px</dimen>
<dimen name="y333">1776.0px</dimen>
<dimen name="y334">1781.3px</dimen>
<dimen name="y335">1786.6px</dimen>
<dimen name="y336">1792.0px</dimen>
<dimen name="y337">1797.3px</dimen>
<dimen name="y338">1802.6px</dimen>
<dimen name="y339">1808.0px</dimen>
<dimen name="y340">1813.3px</dimen>
<dimen name="y341">1818.6px</dimen>
<dimen name="y342">1824.0px</dimen>
<dimen name="y343">1829.3px</dimen>
<dimen name="y344">1834.6px</dimen>
<dimen name="y345">1840.0px</dimen>
<dimen name="y346">1845.3px</dimen>
<dimen name="y347">1850.6px</dimen>
<dimen name="y348">1856.0px</dimen>
<dimen name="y349">1861.3px</dimen>
<dimen name="y350">1866.6px</dimen>
<dimen name="y351">1872.0px</dimen>
<dimen name="y352">1877.3px</dimen>
<dimen name="y353">1882.6px</dimen>
<dimen name="y354">1888.0px</dimen>
<dimen name="y355">1893.3px</dimen>
<dimen name="y356">1898.6px</dimen>
<dimen name="y357">1904.0px</dimen>
<dimen name="y358">1909.3px</dimen>
<dimen name="y359">1914.6px</dimen>
<dimen name="y360">1920.0px</dimen>
<dimen name="y361">1925.3px</dimen>
<dimen name="y362">1930.6px</dimen>
<dimen name="y363">1936.0px</dimen>
<dimen name="y364">1941.3px</dimen>
<dimen name="y365">1946.6px</dimen>
<dimen name="y366">1952.0px</dimen>
<dimen name="y367">1957.3px</dimen>
<dimen name="y368">1962.6px</dimen>
<dimen name="y369">1968.0px</dimen>
<dimen name="y370">1973.3px</dimen>
<dimen name="y371">1978.6px</dimen>
<dimen name="y372">1984.0px</dimen>
<dimen name="y373">1989.3px</dimen>
<dimen name="y374">1994.6px</dimen>
<dimen name="y375">2000.0px</dimen>
<dimen name="y376">2005.3px</dimen>
<dimen name="y377">2010.6px</dimen>
<dimen name="y378">2016.0px</dimen>
<dimen name="y379">2021.3px</dimen>
<dimen name="y380">2026.6px</dimen>
<dimen name="y381">2032.0px</dimen>
<dimen name="y382">2037.3px</dimen>
<dimen name="y383">2042.6px</dimen>
<dimen name="y384">2048.0px</dimen>
<dimen name="y385">2053.3px</dimen>
<dimen name="y386">2058.6px</dimen>
<dimen name="y387">2064.0px</dimen>
<dimen name="y388">2069.3px</dimen>
<dimen name="y389">2074.6px</dimen>
<dimen name="y390">2080.0px</dimen>
<dimen name="y391">2085.3px</dimen>
<dimen name="y392">2090.6px</dimen>
<dimen name="y393">2096.0px</dimen>
<dimen name="y394">2101.3px</dimen>
<dimen name="y395">2106.6px</dimen>
<dimen name="y396">2112.0px</dimen>
<dimen name="y397">2117.3px</dimen>
<dimen name="y398">2122.6px</dimen>
<dimen name="y399">2128.0px</dimen>
<dimen name="y400">2133.3px</dimen>
<dimen name="y401">2138.6px</dimen>
<dimen name="y402">2144.0px</dimen>
<dimen name="y403">2149.3px</dimen>
<dimen name="y404">2154.6px</dimen>
<dimen name="y405">2160.0px</dimen>
<dimen name="y406">2165.3px</dimen>
<dimen name="y407">2170.6px</dimen>
<dimen name="y408">2176.0px</dimen>
<dimen name="y409">2181.3px</dimen>
<dimen name="y410">2186.6px</dimen>
<dimen name="y411">2192.0px</dimen>
<dimen name="y412">2197.3px</dimen>
<dimen name="y413">2202.6px</dimen>
<dimen name="y414">2208.0px</dimen>
<dimen name="y415">2213.3px</dimen>
<dimen name="y416">2218.6px</dimen>
<dimen name="y417">2224.0px</dimen>
<dimen name="y418">2229.3px</dimen>
<dimen name="y419">2234.6px</dimen>
<dimen name="y420">2240.0px</dimen>
<dimen name="y421">2245.3px</dimen>
<dimen name="y422">2250.6px</dimen>
<dimen name="y423">2256.0px</dimen>
<dimen name="y424">2261.3px</dimen>
<dimen name="y425">2266.6px</dimen>
<dimen name="y426">2272.0px</dimen>
<dimen name="y427">2277.3px</dimen>
<dimen name="y428">2282.6px</dimen>
<dimen name="y429">2288.0px</dimen>
<dimen name="y430">2293.3px</dimen>
<dimen name="y431">2298.6px</dimen>
<dimen name="y432">2304.0px</dimen>
<dimen name="y433">2309.3px</dimen>
<dimen name="y434">2314.6px</dimen>
<dimen name="y435">2320.0px</dimen>
<dimen name="y436">2325.3px</dimen>
<dimen name="y437">2330.6px</dimen>
<dimen name="y438">2336.0px</dimen>
<dimen name="y439">2341.3px</dimen>
<dimen name="y440">2346.6px</dimen>
<dimen name="y441">2352.0px</dimen>
<dimen name="y442">2357.3px</dimen>
<dimen name="y443">2362.6px</dimen>
<dimen name="y444">2368.0px</dimen>
<dimen name="y445">2373.3px</dimen>
<dimen name="y446">2378.6px</dimen>
<dimen name="y447">2384.0px</dimen>
<dimen name="y448">2389.3px</dimen>
<dimen name="y449">2394.6px</dimen>
<dimen name="y450">2400.0px</dimen>
<dimen name="y451">2405.3px</dimen>
<dimen name="y452">2410.6px</dimen>
<dimen name="y453">2416.0px</dimen>
<dimen name="y454">2421.3px</dimen>
<dimen name="y455">2426.6px</dimen>
<dimen name="y456">2432.0px</dimen>
<dimen name="y457">2437.3px</dimen>
<dimen name="y458">2442.6px</dimen>
<dimen name="y459">2448.0px</dimen>
<dimen name="y460">2453.3px</dimen>
<dimen name="y461">2458.6px</dimen>
<dimen name="y462">2464.0px</dimen>
<dimen name="y463">2469.3px</dimen>
<dimen name="y464">2474.6px</dimen>
<dimen name="y465">2480.0px</dimen>
<dimen name="y466">2485.3px</dimen>
<dimen name="y467">2490.6px</dimen>
<dimen name="y468">2496.0px</dimen>
<dimen name="y469">2501.3px</dimen>
<dimen name="y470">2506.6px</dimen>
<dimen name="y471">2512.0px</dimen>
<dimen name="y472">2517.3px</dimen>
<dimen name="y473">2522.6px</dimen>
<dimen name="y474">2528.0px</dimen>
<dimen name="y475">2533.3px</dimen>
<dimen name="y476">2538.6px</dimen>
<dimen name="y477">2544.0px</dimen>
<dimen name="y478">2549.3px</dimen>
<dimen name="y479">2554.6px</dimen>
<dimen name="y480">2560.0px</dimen>
</resources>