<resources>
<dimen name="x1">1.6px</dimen>
<dimen name="x2">3.3px</dimen>
<dimen name="x3">5.0px</dimen>
<dimen name="x4">6.7px</dimen>
<dimen name="x5">8.4px</dimen>
<dimen name="x6">10.1px</dimen>
<dimen name="x7">11.8px</dimen>
<dimen name="x8">13.5px</dimen>
<dimen name="x9">15.1px</dimen>
<dimen name="x10">16.8px</dimen>
<dimen name="x11">18.5px</dimen>
<dimen name="x12">20.2px</dimen>
<dimen name="x13">21.9px</dimen>
<dimen name="x14">23.6px</dimen>
<dimen name="x15">25.3px</dimen>
<dimen name="x16">27.0px</dimen>
<dimen name="x17">28.6px</dimen>
<dimen name="x18">30.3px</dimen>
<dimen name="x19">32.0px</dimen>
<dimen name="x20">33.7px</dimen>
<dimen name="x21">35.4px</dimen>
<dimen name="x22">37.1px</dimen>
<dimen name="x23">38.8px</dimen>
<dimen name="x24">40.5px</dimen>
<dimen name="x25">42.1px</dimen>
<dimen name="x26">43.8px</dimen>
<dimen name="x27">45.5px</dimen>
<dimen name="x28">47.2px</dimen>
<dimen name="x29">48.9px</dimen>
<dimen name="x30">50.6px</dimen>
<dimen name="x31">52.3px</dimen>
<dimen name="x32">54.0px</dimen>
<dimen name="x33">55.6px</dimen>
<dimen name="x34">57.3px</dimen>
<dimen name="x35">59.0px</dimen>
<dimen name="x36">60.7px</dimen>
<dimen name="x37">62.4px</dimen>
<dimen name="x38">64.1px</dimen>
<dimen name="x39">65.8px</dimen>
<dimen name="x40">67.5px</dimen>
<dimen name="x41">69.1px</dimen>
<dimen name="x42">70.8px</dimen>
<dimen name="x43">72.5px</dimen>
<dimen name="x44">74.2px</dimen>
<dimen name="x45">75.9px</dimen>
<dimen name="x46">77.6px</dimen>
<dimen name="x47">79.3px</dimen>
<dimen name="x48">81.0px</dimen>
<dimen name="x49">82.6px</dimen>
<dimen name="x50">84.3px</dimen>
<dimen name="x51">86.0px</dimen>
<dimen name="x52">87.7px</dimen>
<dimen name="x53">89.4px</dimen>
<dimen name="x54">91.1px</dimen>
<dimen name="x55">92.8px</dimen>
<dimen name="x56">94.5px</dimen>
<dimen name="x57">96.1px</dimen>
<dimen name="x58">97.8px</dimen>
<dimen name="x59">99.5px</dimen>
<dimen name="x60">101.2px</dimen>
<dimen name="x61">102.9px</dimen>
<dimen name="x62">104.6px</dimen>
<dimen name="x63">106.3px</dimen>
<dimen name="x64">108.0px</dimen>
<dimen name="x65">109.6px</dimen>
<dimen name="x66">111.3px</dimen>
<dimen name="x67">113.0px</dimen>
<dimen name="x68">114.7px</dimen>
<dimen name="x69">116.4px</dimen>
<dimen name="x70">118.1px</dimen>
<dimen name="x71">119.8px</dimen>
<dimen name="x72">121.5px</dimen>
<dimen name="x73">123.1px</dimen>
<dimen name="x74">124.8px</dimen>
<dimen name="x75">126.5px</dimen>
<dimen name="x76">128.2px</dimen>
<dimen name="x77">129.9px</dimen>
<dimen name="x78">131.6px</dimen>
<dimen name="x79">133.3px</dimen>
<dimen name="x80">135.0px</dimen>
<dimen name="x81">136.6px</dimen>
<dimen name="x82">138.3px</dimen>
<dimen name="x83">140.0px</dimen>
<dimen name="x84">141.7px</dimen>
<dimen name="x85">143.4px</dimen>
<dimen name="x86">145.1px</dimen>
<dimen name="x87">146.8px</dimen>
<dimen name="x88">148.5px</dimen>
<dimen name="x89">150.1px</dimen>
<dimen name="x90">151.8px</dimen>
<dimen name="x91">153.5px</dimen>
<dimen name="x92">155.2px</dimen>
<dimen name="x93">156.9px</dimen>
<dimen name="x94">158.6px</dimen>
<dimen name="x95">160.3px</dimen>
<dimen name="x96">162.0px</dimen>
<dimen name="x97">163.6px</dimen>
<dimen name="x98">165.3px</dimen>
<dimen name="x99">167.0px</dimen>
<dimen name="x100">168.7px</dimen>
<dimen name="x101">170.4px</dimen>
<dimen name="x102">172.1px</dimen>
<dimen name="x103">173.8px</dimen>
<dimen name="x104">175.5px</dimen>
<dimen name="x105">177.1px</dimen>
<dimen name="x106">178.8px</dimen>
<dimen name="x107">180.5px</dimen>
<dimen name="x108">182.2px</dimen>
<dimen name="x109">183.9px</dimen>
<dimen name="x110">185.6px</dimen>
<dimen name="x111">187.3px</dimen>
<dimen name="x112">189.0px</dimen>
<dimen name="x113">190.6px</dimen>
<dimen name="x114">192.3px</dimen>
<dimen name="x115">194.0px</dimen>
<dimen name="x116">195.7px</dimen>
<dimen name="x117">197.4px</dimen>
<dimen name="x118">199.1px</dimen>
<dimen name="x119">200.8px</dimen>
<dimen name="x120">202.5px</dimen>
<dimen name="x121">204.1px</dimen>
<dimen name="x122">205.8px</dimen>
<dimen name="x123">207.5px</dimen>
<dimen name="x124">209.2px</dimen>
<dimen name="x125">210.9px</dimen>
<dimen name="x126">212.6px</dimen>
<dimen name="x127">214.3px</dimen>
<dimen name="x128">216.0px</dimen>
<dimen name="x129">217.6px</dimen>
<dimen name="x130">219.3px</dimen>
<dimen name="x131">221.0px</dimen>
<dimen name="x132">222.7px</dimen>
<dimen name="x133">224.4px</dimen>
<dimen name="x134">226.1px</dimen>
<dimen name="x135">227.8px</dimen>
<dimen name="x136">229.5px</dimen>
<dimen name="x137">231.1px</dimen>
<dimen name="x138">232.8px</dimen>
<dimen name="x139">234.5px</dimen>
<dimen name="x140">236.2px</dimen>
<dimen name="x141">237.9px</dimen>
<dimen name="x142">239.6px</dimen>
<dimen name="x143">241.3px</dimen>
<dimen name="x144">243.0px</dimen>
<dimen name="x145">244.6px</dimen>
<dimen name="x146">246.3px</dimen>
<dimen name="x147">248.0px</dimen>
<dimen name="x148">249.7px</dimen>
<dimen name="x149">251.4px</dimen>
<dimen name="x150">253.1px</dimen>
<dimen name="x151">254.8px</dimen>
<dimen name="x152">256.5px</dimen>
<dimen name="x153">258.1px</dimen>
<dimen name="x154">259.8px</dimen>
<dimen name="x155">261.5px</dimen>
<dimen name="x156">263.2px</dimen>
<dimen name="x157">264.9px</dimen>
<dimen name="x158">266.6px</dimen>
<dimen name="x159">268.3px</dimen>
<dimen name="x160">270.0px</dimen>
<dimen name="x161">271.6px</dimen>
<dimen name="x162">273.3px</dimen>
<dimen name="x163">275.0px</dimen>
<dimen name="x164">276.7px</dimen>
<dimen name="x165">278.4px</dimen>
<dimen name="x166">280.1px</dimen>
<dimen name="x167">281.8px</dimen>
<dimen name="x168">283.5px</dimen>
<dimen name="x169">285.1px</dimen>
<dimen name="x170">286.8px</dimen>
<dimen name="x171">288.5px</dimen>
<dimen name="x172">290.2px</dimen>
<dimen name="x173">291.9px</dimen>
<dimen name="x174">293.6px</dimen>
<dimen name="x175">295.3px</dimen>
<dimen name="x176">297.0px</dimen>
<dimen name="x177">298.6px</dimen>
<dimen name="x178">300.3px</dimen>
<dimen name="x179">302.0px</dimen>
<dimen name="x180">303.7px</dimen>
<dimen name="x181">305.4px</dimen>
<dimen name="x182">307.1px</dimen>
<dimen name="x183">308.8px</dimen>
<dimen name="x184">310.5px</dimen>
<dimen name="x185">312.1px</dimen>
<dimen name="x186">313.8px</dimen>
<dimen name="x187">315.5px</dimen>
<dimen name="x188">317.2px</dimen>
<dimen name="x189">318.9px</dimen>
<dimen name="x190">320.6px</dimen>
<dimen name="x191">322.3px</dimen>
<dimen name="x192">324.0px</dimen>
<dimen name="x193">325.6px</dimen>
<dimen name="x194">327.3px</dimen>
<dimen name="x195">329.0px</dimen>
<dimen name="x196">330.7px</dimen>
<dimen name="x197">332.4px</dimen>
<dimen name="x198">334.1px</dimen>
<dimen name="x199">335.8px</dimen>
<dimen name="x200">337.5px</dimen>
<dimen name="x201">339.1px</dimen>
<dimen name="x202">340.8px</dimen>
<dimen name="x203">342.5px</dimen>
<dimen name="x204">344.2px</dimen>
<dimen name="x205">345.9px</dimen>
<dimen name="x206">347.6px</dimen>
<dimen name="x207">349.3px</dimen>
<dimen name="x208">351.0px</dimen>
<dimen name="x209">352.6px</dimen>
<dimen name="x210">354.3px</dimen>
<dimen name="x211">356.0px</dimen>
<dimen name="x212">357.7px</dimen>
<dimen name="x213">359.4px</dimen>
<dimen name="x214">361.1px</dimen>
<dimen name="x215">362.8px</dimen>
<dimen name="x216">364.5px</dimen>
<dimen name="x217">366.1px</dimen>
<dimen name="x218">367.8px</dimen>
<dimen name="x219">369.5px</dimen>
<dimen name="x220">371.2px</dimen>
<dimen name="x221">372.9px</dimen>
<dimen name="x222">374.6px</dimen>
<dimen name="x223">376.3px</dimen>
<dimen name="x224">378.0px</dimen>
<dimen name="x225">379.6px</dimen>
<dimen name="x226">381.3px</dimen>
<dimen name="x227">383.0px</dimen>
<dimen name="x228">384.7px</dimen>
<dimen name="x229">386.4px</dimen>
<dimen name="x230">388.1px</dimen>
<dimen name="x231">389.8px</dimen>
<dimen name="x232">391.5px</dimen>
<dimen name="x233">393.1px</dimen>
<dimen name="x234">394.8px</dimen>
<dimen name="x235">396.5px</dimen>
<dimen name="x236">398.2px</dimen>
<dimen name="x237">399.9px</dimen>
<dimen name="x238">401.6px</dimen>
<dimen name="x239">403.3px</dimen>
<dimen name="x240">405.0px</dimen>
<dimen name="x241">406.6px</dimen>
<dimen name="x242">408.3px</dimen>
<dimen name="x243">410.0px</dimen>
<dimen name="x244">411.7px</dimen>
<dimen name="x245">413.4px</dimen>
<dimen name="x246">415.1px</dimen>
<dimen name="x247">416.8px</dimen>
<dimen name="x248">418.5px</dimen>
<dimen name="x249">420.1px</dimen>
<dimen name="x250">421.8px</dimen>
<dimen name="x251">423.5px</dimen>
<dimen name="x252">425.2px</dimen>
<dimen name="x253">426.9px</dimen>
<dimen name="x254">428.6px</dimen>
<dimen name="x255">430.3px</dimen>
<dimen name="x256">432.0px</dimen>
<dimen name="x257">433.6px</dimen>
<dimen name="x258">435.3px</dimen>
<dimen name="x259">437.0px</dimen>
<dimen name="x260">438.7px</dimen>
<dimen name="x261">440.4px</dimen>
<dimen name="x262">442.1px</dimen>
<dimen name="x263">443.8px</dimen>
<dimen name="x264">445.5px</dimen>
<dimen name="x265">447.1px</dimen>
<dimen name="x266">448.8px</dimen>
<dimen name="x267">450.5px</dimen>
<dimen name="x268">452.2px</dimen>
<dimen name="x269">453.9px</dimen>
<dimen name="x270">455.6px</dimen>
<dimen name="x271">457.3px</dimen>
<dimen name="x272">459.0px</dimen>
<dimen name="x273">460.6px</dimen>
<dimen name="x274">462.3px</dimen>
<dimen name="x275">464.0px</dimen>
<dimen name="x276">465.7px</dimen>
<dimen name="x277">467.4px</dimen>
<dimen name="x278">469.1px</dimen>
<dimen name="x279">470.8px</dimen>
<dimen name="x280">472.5px</dimen>
<dimen name="x281">474.1px</dimen>
<dimen name="x282">475.8px</dimen>
<dimen name="x283">477.5px</dimen>
<dimen name="x284">479.2px</dimen>
<dimen name="x285">480.9px</dimen>
<dimen name="x286">482.6px</dimen>
<dimen name="x287">484.3px</dimen>
<dimen name="x288">486.0px</dimen>
<dimen name="x289">487.6px</dimen>
<dimen name="x290">489.3px</dimen>
<dimen name="x291">491.0px</dimen>
<dimen name="x292">492.7px</dimen>
<dimen name="x293">494.4px</dimen>
<dimen name="x294">496.1px</dimen>
<dimen name="x295">497.8px</dimen>
<dimen name="x296">499.5px</dimen>
<dimen name="x297">501.1px</dimen>
<dimen name="x298">502.8px</dimen>
<dimen name="x299">504.5px</dimen>
<dimen name="x300">506.2px</dimen>
<dimen name="x301">507.9px</dimen>
<dimen name="x302">509.6px</dimen>
<dimen name="x303">511.3px</dimen>
<dimen name="x304">513.0px</dimen>
<dimen name="x305">514.6px</dimen>
<dimen name="x306">516.3px</dimen>
<dimen name="x307">518.0px</dimen>
<dimen name="x308">519.7px</dimen>
<dimen name="x309">521.4px</dimen>
<dimen name="x310">523.1px</dimen>
<dimen name="x311">524.8px</dimen>
<dimen name="x312">526.5px</dimen>
<dimen name="x313">528.1px</dimen>
<dimen name="x314">529.8px</dimen>
<dimen name="x315">531.5px</dimen>
<dimen name="x316">533.2px</dimen>
<dimen name="x317">534.9px</dimen>
<dimen name="x318">536.6px</dimen>
<dimen name="x319">538.3px</dimen>
<dimen name="x320">540.0px</dimen>
</resources>