<resources>
<dimen name="y1">1.9px</dimen>
<dimen name="y2">3.9px</dimen>
<dimen name="y3">5.9px</dimen>
<dimen name="y4">7.9px</dimen>
<dimen name="y5">9.8px</dimen>
<dimen name="y6">11.8px</dimen>
<dimen name="y7">13.8px</dimen>
<dimen name="y8">15.8px</dimen>
<dimen name="y9">17.8px</dimen>
<dimen name="y10">19.7px</dimen>
<dimen name="y11">21.7px</dimen>
<dimen name="y12">23.7px</dimen>
<dimen name="y13">25.7px</dimen>
<dimen name="y14">27.7px</dimen>
<dimen name="y15">29.6px</dimen>
<dimen name="y16">31.6px</dimen>
<dimen name="y17">33.6px</dimen>
<dimen name="y18">35.6px</dimen>
<dimen name="y19">37.6px</dimen>
<dimen name="y20">39.5px</dimen>
<dimen name="y21">41.5px</dimen>
<dimen name="y22">43.5px</dimen>
<dimen name="y23">45.5px</dimen>
<dimen name="y24">47.5px</dimen>
<dimen name="y25">49.4px</dimen>
<dimen name="y26">51.4px</dimen>
<dimen name="y27">53.4px</dimen>
<dimen name="y28">55.4px</dimen>
<dimen name="y29">57.3px</dimen>
<dimen name="y30">59.3px</dimen>
<dimen name="y31">61.3px</dimen>
<dimen name="y32">63.3px</dimen>
<dimen name="y33">65.3px</dimen>
<dimen name="y34">67.2px</dimen>
<dimen name="y35">69.2px</dimen>
<dimen name="y36">71.2px</dimen>
<dimen name="y37">73.2px</dimen>
<dimen name="y38">75.2px</dimen>
<dimen name="y39">77.1px</dimen>
<dimen name="y40">79.1px</dimen>
<dimen name="y41">81.1px</dimen>
<dimen name="y42">83.1px</dimen>
<dimen name="y43">85.1px</dimen>
<dimen name="y44">87.0px</dimen>
<dimen name="y45">89.0px</dimen>
<dimen name="y46">91.0px</dimen>
<dimen name="y47">93.0px</dimen>
<dimen name="y48">95.0px</dimen>
<dimen name="y49">96.9px</dimen>
<dimen name="y50">98.9px</dimen>
<dimen name="y51">100.9px</dimen>
<dimen name="y52">102.9px</dimen>
<dimen name="y53">104.8px</dimen>
<dimen name="y54">106.8px</dimen>
<dimen name="y55">108.8px</dimen>
<dimen name="y56">110.8px</dimen>
<dimen name="y57">112.8px</dimen>
<dimen name="y58">114.7px</dimen>
<dimen name="y59">116.7px</dimen>
<dimen name="y60">118.7px</dimen>
<dimen name="y61">120.7px</dimen>
<dimen name="y62">122.7px</dimen>
<dimen name="y63">124.6px</dimen>
<dimen name="y64">126.6px</dimen>
<dimen name="y65">128.6px</dimen>
<dimen name="y66">130.6px</dimen>
<dimen name="y67">132.6px</dimen>
<dimen name="y68">134.5px</dimen>
<dimen name="y69">136.5px</dimen>
<dimen name="y70">138.5px</dimen>
<dimen name="y71">140.5px</dimen>
<dimen name="y72">142.5px</dimen>
<dimen name="y73">144.4px</dimen>
<dimen name="y74">146.4px</dimen>
<dimen name="y75">148.4px</dimen>
<dimen name="y76">150.4px</dimen>
<dimen name="y77">152.3px</dimen>
<dimen name="y78">154.3px</dimen>
<dimen name="y79">156.3px</dimen>
<dimen name="y80">158.3px</dimen>
<dimen name="y81">160.3px</dimen>
<dimen name="y82">162.2px</dimen>
<dimen name="y83">164.2px</dimen>
<dimen name="y84">166.2px</dimen>
<dimen name="y85">168.2px</dimen>
<dimen name="y86">170.2px</dimen>
<dimen name="y87">172.1px</dimen>
<dimen name="y88">174.1px</dimen>
<dimen name="y89">176.1px</dimen>
<dimen name="y90">178.1px</dimen>
<dimen name="y91">180.1px</dimen>
<dimen name="y92">182.0px</dimen>
<dimen name="y93">184.0px</dimen>
<dimen name="y94">186.0px</dimen>
<dimen name="y95">188.0px</dimen>
<dimen name="y96">190.0px</dimen>
<dimen name="y97">191.9px</dimen>
<dimen name="y98">193.9px</dimen>
<dimen name="y99">195.9px</dimen>
<dimen name="y100">197.9px</dimen>
<dimen name="y101">199.8px</dimen>
<dimen name="y102">201.8px</dimen>
<dimen name="y103">203.8px</dimen>
<dimen name="y104">205.8px</dimen>
<dimen name="y105">207.8px</dimen>
<dimen name="y106">209.7px</dimen>
<dimen name="y107">211.7px</dimen>
<dimen name="y108">213.7px</dimen>
<dimen name="y109">215.7px</dimen>
<dimen name="y110">217.7px</dimen>
<dimen name="y111">219.6px</dimen>
<dimen name="y112">221.6px</dimen>
<dimen name="y113">223.6px</dimen>
<dimen name="y114">225.6px</dimen>
<dimen name="y115">227.6px</dimen>
<dimen name="y116">229.5px</dimen>
<dimen name="y117">231.5px</dimen>
<dimen name="y118">233.5px</dimen>
<dimen name="y119">235.5px</dimen>
<dimen name="y120">237.5px</dimen>
<dimen name="y121">239.4px</dimen>
<dimen name="y122">241.4px</dimen>
<dimen name="y123">243.4px</dimen>
<dimen name="y124">245.4px</dimen>
<dimen name="y125">247.3px</dimen>
<dimen name="y126">249.3px</dimen>
<dimen name="y127">251.3px</dimen>
<dimen name="y128">253.3px</dimen>
<dimen name="y129">255.3px</dimen>
<dimen name="y130">257.2px</dimen>
<dimen name="y131">259.2px</dimen>
<dimen name="y132">261.2px</dimen>
<dimen name="y133">263.2px</dimen>
<dimen name="y134">265.2px</dimen>
<dimen name="y135">267.1px</dimen>
<dimen name="y136">269.1px</dimen>
<dimen name="y137">271.1px</dimen>
<dimen name="y138">273.1px</dimen>
<dimen name="y139">275.1px</dimen>
<dimen name="y140">277.0px</dimen>
<dimen name="y141">279.0px</dimen>
<dimen name="y142">281.0px</dimen>
<dimen name="y143">283.0px</dimen>
<dimen name="y144">285.0px</dimen>
<dimen name="y145">286.9px</dimen>
<dimen name="y146">288.9px</dimen>
<dimen name="y147">290.9px</dimen>
<dimen name="y148">292.9px</dimen>
<dimen name="y149">294.8px</dimen>
<dimen name="y150">296.8px</dimen>
<dimen name="y151">298.8px</dimen>
<dimen name="y152">300.8px</dimen>
<dimen name="y153">302.8px</dimen>
<dimen name="y154">304.7px</dimen>
<dimen name="y155">306.7px</dimen>
<dimen name="y156">308.7px</dimen>
<dimen name="y157">310.7px</dimen>
<dimen name="y158">312.7px</dimen>
<dimen name="y159">314.6px</dimen>
<dimen name="y160">316.6px</dimen>
<dimen name="y161">318.6px</dimen>
<dimen name="y162">320.6px</dimen>
<dimen name="y163">322.6px</dimen>
<dimen name="y164">324.5px</dimen>
<dimen name="y165">326.5px</dimen>
<dimen name="y166">328.5px</dimen>
<dimen name="y167">330.5px</dimen>
<dimen name="y168">332.5px</dimen>
<dimen name="y169">334.4px</dimen>
<dimen name="y170">336.4px</dimen>
<dimen name="y171">338.4px</dimen>
<dimen name="y172">340.4px</dimen>
<dimen name="y173">342.3px</dimen>
<dimen name="y174">344.3px</dimen>
<dimen name="y175">346.3px</dimen>
<dimen name="y176">348.3px</dimen>
<dimen name="y177">350.3px</dimen>
<dimen name="y178">352.2px</dimen>
<dimen name="y179">354.2px</dimen>
<dimen name="y180">356.2px</dimen>
<dimen name="y181">358.2px</dimen>
<dimen name="y182">360.2px</dimen>
<dimen name="y183">362.1px</dimen>
<dimen name="y184">364.1px</dimen>
<dimen name="y185">366.1px</dimen>
<dimen name="y186">368.1px</dimen>
<dimen name="y187">370.1px</dimen>
<dimen name="y188">372.0px</dimen>
<dimen name="y189">374.0px</dimen>
<dimen name="y190">376.0px</dimen>
<dimen name="y191">378.0px</dimen>
<dimen name="y192">380.0px</dimen>
<dimen name="y193">381.9px</dimen>
<dimen name="y194">383.9px</dimen>
<dimen name="y195">385.9px</dimen>
<dimen name="y196">387.9px</dimen>
<dimen name="y197">389.8px</dimen>
<dimen name="y198">391.8px</dimen>
<dimen name="y199">393.8px</dimen>
<dimen name="y200">395.8px</dimen>
<dimen name="y201">397.8px</dimen>
<dimen name="y202">399.7px</dimen>
<dimen name="y203">401.7px</dimen>
<dimen name="y204">403.7px</dimen>
<dimen name="y205">405.7px</dimen>
<dimen name="y206">407.7px</dimen>
<dimen name="y207">409.6px</dimen>
<dimen name="y208">411.6px</dimen>
<dimen name="y209">413.6px</dimen>
<dimen name="y210">415.6px</dimen>
<dimen name="y211">417.6px</dimen>
<dimen name="y212">419.5px</dimen>
<dimen name="y213">421.5px</dimen>
<dimen name="y214">423.5px</dimen>
<dimen name="y215">425.5px</dimen>
<dimen name="y216">427.5px</dimen>
<dimen name="y217">429.4px</dimen>
<dimen name="y218">431.4px</dimen>
<dimen name="y219">433.4px</dimen>
<dimen name="y220">435.4px</dimen>
<dimen name="y221">437.3px</dimen>
<dimen name="y222">439.3px</dimen>
<dimen name="y223">441.3px</dimen>
<dimen name="y224">443.3px</dimen>
<dimen name="y225">445.3px</dimen>
<dimen name="y226">447.2px</dimen>
<dimen name="y227">449.2px</dimen>
<dimen name="y228">451.2px</dimen>
<dimen name="y229">453.2px</dimen>
<dimen name="y230">455.2px</dimen>
<dimen name="y231">457.1px</dimen>
<dimen name="y232">459.1px</dimen>
<dimen name="y233">461.1px</dimen>
<dimen name="y234">463.1px</dimen>
<dimen name="y235">465.1px</dimen>
<dimen name="y236">467.0px</dimen>
<dimen name="y237">469.0px</dimen>
<dimen name="y238">471.0px</dimen>
<dimen name="y239">473.0px</dimen>
<dimen name="y240">475.0px</dimen>
<dimen name="y241">476.9px</dimen>
<dimen name="y242">478.9px</dimen>
<dimen name="y243">480.9px</dimen>
<dimen name="y244">482.9px</dimen>
<dimen name="y245">484.8px</dimen>
<dimen name="y246">486.8px</dimen>
<dimen name="y247">488.8px</dimen>
<dimen name="y248">490.8px</dimen>
<dimen name="y249">492.8px</dimen>
<dimen name="y250">494.7px</dimen>
<dimen name="y251">496.7px</dimen>
<dimen name="y252">498.7px</dimen>
<dimen name="y253">500.7px</dimen>
<dimen name="y254">502.7px</dimen>
<dimen name="y255">504.6px</dimen>
<dimen name="y256">506.6px</dimen>
<dimen name="y257">508.6px</dimen>
<dimen name="y258">510.6px</dimen>
<dimen name="y259">512.6px</dimen>
<dimen name="y260">514.5px</dimen>
<dimen name="y261">516.5px</dimen>
<dimen name="y262">518.5px</dimen>
<dimen name="y263">520.5px</dimen>
<dimen name="y264">522.5px</dimen>
<dimen name="y265">524.4px</dimen>
<dimen name="y266">526.4px</dimen>
<dimen name="y267">528.4px</dimen>
<dimen name="y268">530.4px</dimen>
<dimen name="y269">532.3px</dimen>
<dimen name="y270">534.3px</dimen>
<dimen name="y271">536.3px</dimen>
<dimen name="y272">538.3px</dimen>
<dimen name="y273">540.3px</dimen>
<dimen name="y274">542.2px</dimen>
<dimen name="y275">544.2px</dimen>
<dimen name="y276">546.2px</dimen>
<dimen name="y277">548.2px</dimen>
<dimen name="y278">550.2px</dimen>
<dimen name="y279">552.1px</dimen>
<dimen name="y280">554.1px</dimen>
<dimen name="y281">556.1px</dimen>
<dimen name="y282">558.1px</dimen>
<dimen name="y283">560.1px</dimen>
<dimen name="y284">562.0px</dimen>
<dimen name="y285">564.0px</dimen>
<dimen name="y286">566.0px</dimen>
<dimen name="y287">568.0px</dimen>
<dimen name="y288">570.0px</dimen>
<dimen name="y289">571.9px</dimen>
<dimen name="y290">573.9px</dimen>
<dimen name="y291">575.9px</dimen>
<dimen name="y292">577.9px</dimen>
<dimen name="y293">579.8px</dimen>
<dimen name="y294">581.8px</dimen>
<dimen name="y295">583.8px</dimen>
<dimen name="y296">585.8px</dimen>
<dimen name="y297">587.8px</dimen>
<dimen name="y298">589.7px</dimen>
<dimen name="y299">591.7px</dimen>
<dimen name="y300">593.7px</dimen>
<dimen name="y301">595.7px</dimen>
<dimen name="y302">597.7px</dimen>
<dimen name="y303">599.6px</dimen>
<dimen name="y304">601.6px</dimen>
<dimen name="y305">603.6px</dimen>
<dimen name="y306">605.6px</dimen>
<dimen name="y307">607.6px</dimen>
<dimen name="y308">609.5px</dimen>
<dimen name="y309">611.5px</dimen>
<dimen name="y310">613.5px</dimen>
<dimen name="y311">615.5px</dimen>
<dimen name="y312">617.5px</dimen>
<dimen name="y313">619.4px</dimen>
<dimen name="y314">621.4px</dimen>
<dimen name="y315">623.4px</dimen>
<dimen name="y316">625.4px</dimen>
<dimen name="y317">627.3px</dimen>
<dimen name="y318">629.3px</dimen>
<dimen name="y319">631.3px</dimen>
<dimen name="y320">633.3px</dimen>
<dimen name="y321">635.3px</dimen>
<dimen name="y322">637.2px</dimen>
<dimen name="y323">639.2px</dimen>
<dimen name="y324">641.2px</dimen>
<dimen name="y325">643.2px</dimen>
<dimen name="y326">645.2px</dimen>
<dimen name="y327">647.1px</dimen>
<dimen name="y328">649.1px</dimen>
<dimen name="y329">651.1px</dimen>
<dimen name="y330">653.1px</dimen>
<dimen name="y331">655.1px</dimen>
<dimen name="y332">657.0px</dimen>
<dimen name="y333">659.0px</dimen>
<dimen name="y334">661.0px</dimen>
<dimen name="y335">663.0px</dimen>
<dimen name="y336">665.0px</dimen>
<dimen name="y337">666.9px</dimen>
<dimen name="y338">668.9px</dimen>
<dimen name="y339">670.9px</dimen>
<dimen name="y340">672.9px</dimen>
<dimen name="y341">674.8px</dimen>
<dimen name="y342">676.8px</dimen>
<dimen name="y343">678.8px</dimen>
<dimen name="y344">680.8px</dimen>
<dimen name="y345">682.8px</dimen>
<dimen name="y346">684.7px</dimen>
<dimen name="y347">686.7px</dimen>
<dimen name="y348">688.7px</dimen>
<dimen name="y349">690.7px</dimen>
<dimen name="y350">692.7px</dimen>
<dimen name="y351">694.6px</dimen>
<dimen name="y352">696.6px</dimen>
<dimen name="y353">698.6px</dimen>
<dimen name="y354">700.6px</dimen>
<dimen name="y355">702.6px</dimen>
<dimen name="y356">704.5px</dimen>
<dimen name="y357">706.5px</dimen>
<dimen name="y358">708.5px</dimen>
<dimen name="y359">710.5px</dimen>
<dimen name="y360">712.5px</dimen>
<dimen name="y361">714.4px</dimen>
<dimen name="y362">716.4px</dimen>
<dimen name="y363">718.4px</dimen>
<dimen name="y364">720.4px</dimen>
<dimen name="y365">722.3px</dimen>
<dimen name="y366">724.3px</dimen>
<dimen name="y367">726.3px</dimen>
<dimen name="y368">728.3px</dimen>
<dimen name="y369">730.3px</dimen>
<dimen name="y370">732.2px</dimen>
<dimen name="y371">734.2px</dimen>
<dimen name="y372">736.2px</dimen>
<dimen name="y373">738.2px</dimen>
<dimen name="y374">740.2px</dimen>
<dimen name="y375">742.1px</dimen>
<dimen name="y376">744.1px</dimen>
<dimen name="y377">746.1px</dimen>
<dimen name="y378">748.1px</dimen>
<dimen name="y379">750.1px</dimen>
<dimen name="y380">752.0px</dimen>
<dimen name="y381">754.0px</dimen>
<dimen name="y382">756.0px</dimen>
<dimen name="y383">758.0px</dimen>
<dimen name="y384">760.0px</dimen>
<dimen name="y385">761.9px</dimen>
<dimen name="y386">763.9px</dimen>
<dimen name="y387">765.9px</dimen>
<dimen name="y388">767.9px</dimen>
<dimen name="y389">769.8px</dimen>
<dimen name="y390">771.8px</dimen>
<dimen name="y391">773.8px</dimen>
<dimen name="y392">775.8px</dimen>
<dimen name="y393">777.8px</dimen>
<dimen name="y394">779.7px</dimen>
<dimen name="y395">781.7px</dimen>
<dimen name="y396">783.7px</dimen>
<dimen name="y397">785.7px</dimen>
<dimen name="y398">787.7px</dimen>
<dimen name="y399">789.6px</dimen>
<dimen name="y400">791.6px</dimen>
<dimen name="y401">793.6px</dimen>
<dimen name="y402">795.6px</dimen>
<dimen name="y403">797.6px</dimen>
<dimen name="y404">799.5px</dimen>
<dimen name="y405">801.5px</dimen>
<dimen name="y406">803.5px</dimen>
<dimen name="y407">805.5px</dimen>
<dimen name="y408">807.5px</dimen>
<dimen name="y409">809.4px</dimen>
<dimen name="y410">811.4px</dimen>
<dimen name="y411">813.4px</dimen>
<dimen name="y412">815.4px</dimen>
<dimen name="y413">817.3px</dimen>
<dimen name="y414">819.3px</dimen>
<dimen name="y415">821.3px</dimen>
<dimen name="y416">823.3px</dimen>
<dimen name="y417">825.3px</dimen>
<dimen name="y418">827.2px</dimen>
<dimen name="y419">829.2px</dimen>
<dimen name="y420">831.2px</dimen>
<dimen name="y421">833.2px</dimen>
<dimen name="y422">835.2px</dimen>
<dimen name="y423">837.1px</dimen>
<dimen name="y424">839.1px</dimen>
<dimen name="y425">841.1px</dimen>
<dimen name="y426">843.1px</dimen>
<dimen name="y427">845.1px</dimen>
<dimen name="y428">847.0px</dimen>
<dimen name="y429">849.0px</dimen>
<dimen name="y430">851.0px</dimen>
<dimen name="y431">853.0px</dimen>
<dimen name="y432">855.0px</dimen>
<dimen name="y433">856.9px</dimen>
<dimen name="y434">858.9px</dimen>
<dimen name="y435">860.9px</dimen>
<dimen name="y436">862.9px</dimen>
<dimen name="y437">864.8px</dimen>
<dimen name="y438">866.8px</dimen>
<dimen name="y439">868.8px</dimen>
<dimen name="y440">870.8px</dimen>
<dimen name="y441">872.8px</dimen>
<dimen name="y442">874.7px</dimen>
<dimen name="y443">876.7px</dimen>
<dimen name="y444">878.7px</dimen>
<dimen name="y445">880.7px</dimen>
<dimen name="y446">882.7px</dimen>
<dimen name="y447">884.6px</dimen>
<dimen name="y448">886.6px</dimen>
<dimen name="y449">888.6px</dimen>
<dimen name="y450">890.6px</dimen>
<dimen name="y451">892.6px</dimen>
<dimen name="y452">894.5px</dimen>
<dimen name="y453">896.5px</dimen>
<dimen name="y454">898.5px</dimen>
<dimen name="y455">900.5px</dimen>
<dimen name="y456">902.5px</dimen>
<dimen name="y457">904.4px</dimen>
<dimen name="y458">906.4px</dimen>
<dimen name="y459">908.4px</dimen>
<dimen name="y460">910.4px</dimen>
<dimen name="y461">912.3px</dimen>
<dimen name="y462">914.3px</dimen>
<dimen name="y463">916.3px</dimen>
<dimen name="y464">918.3px</dimen>
<dimen name="y465">920.3px</dimen>
<dimen name="y466">922.2px</dimen>
<dimen name="y467">924.2px</dimen>
<dimen name="y468">926.2px</dimen>
<dimen name="y469">928.2px</dimen>
<dimen name="y470">930.2px</dimen>
<dimen name="y471">932.1px</dimen>
<dimen name="y472">934.1px</dimen>
<dimen name="y473">936.1px</dimen>
<dimen name="y474">938.1px</dimen>
<dimen name="y475">940.1px</dimen>
<dimen name="y476">942.0px</dimen>
<dimen name="y477">944.0px</dimen>
<dimen name="y478">946.0px</dimen>
<dimen name="y479">948.0px</dimen>
<dimen name="y480">950.0px</dimen>
</resources>