<resources>
<dimen name="x1">3.3px</dimen>
<dimen name="x2">6.7px</dimen>
<dimen name="x3">10.1px</dimen>
<dimen name="x4">13.5px</dimen>
<dimen name="x5">16.8px</dimen>
<dimen name="x6">20.2px</dimen>
<dimen name="x7">23.6px</dimen>
<dimen name="x8">27.0px</dimen>
<dimen name="x9">30.3px</dimen>
<dimen name="x10">33.7px</dimen>
<dimen name="x11">37.1px</dimen>
<dimen name="x12">40.5px</dimen>
<dimen name="x13">43.8px</dimen>
<dimen name="x14">47.2px</dimen>
<dimen name="x15">50.6px</dimen>
<dimen name="x16">54.0px</dimen>
<dimen name="x17">57.3px</dimen>
<dimen name="x18">60.7px</dimen>
<dimen name="x19">64.1px</dimen>
<dimen name="x20">67.5px</dimen>
<dimen name="x21">70.8px</dimen>
<dimen name="x22">74.2px</dimen>
<dimen name="x23">77.6px</dimen>
<dimen name="x24">81.0px</dimen>
<dimen name="x25">84.3px</dimen>
<dimen name="x26">87.7px</dimen>
<dimen name="x27">91.1px</dimen>
<dimen name="x28">94.5px</dimen>
<dimen name="x29">97.8px</dimen>
<dimen name="x30">101.2px</dimen>
<dimen name="x31">104.6px</dimen>
<dimen name="x32">108.0px</dimen>
<dimen name="x33">111.3px</dimen>
<dimen name="x34">114.7px</dimen>
<dimen name="x35">118.1px</dimen>
<dimen name="x36">121.5px</dimen>
<dimen name="x37">124.8px</dimen>
<dimen name="x38">128.2px</dimen>
<dimen name="x39">131.6px</dimen>
<dimen name="x40">135.0px</dimen>
<dimen name="x41">138.3px</dimen>
<dimen name="x42">141.7px</dimen>
<dimen name="x43">145.1px</dimen>
<dimen name="x44">148.5px</dimen>
<dimen name="x45">151.8px</dimen>
<dimen name="x46">155.2px</dimen>
<dimen name="x47">158.6px</dimen>
<dimen name="x48">162.0px</dimen>
<dimen name="x49">165.3px</dimen>
<dimen name="x50">168.7px</dimen>
<dimen name="x51">172.1px</dimen>
<dimen name="x52">175.5px</dimen>
<dimen name="x53">178.8px</dimen>
<dimen name="x54">182.2px</dimen>
<dimen name="x55">185.6px</dimen>
<dimen name="x56">189.0px</dimen>
<dimen name="x57">192.3px</dimen>
<dimen name="x58">195.7px</dimen>
<dimen name="x59">199.1px</dimen>
<dimen name="x60">202.5px</dimen>
<dimen name="x61">205.8px</dimen>
<dimen name="x62">209.2px</dimen>
<dimen name="x63">212.6px</dimen>
<dimen name="x64">216.0px</dimen>
<dimen name="x65">219.3px</dimen>
<dimen name="x66">222.7px</dimen>
<dimen name="x67">226.1px</dimen>
<dimen name="x68">229.5px</dimen>
<dimen name="x69">232.8px</dimen>
<dimen name="x70">236.2px</dimen>
<dimen name="x71">239.6px</dimen>
<dimen name="x72">243.0px</dimen>
<dimen name="x73">246.3px</dimen>
<dimen name="x74">249.7px</dimen>
<dimen name="x75">253.1px</dimen>
<dimen name="x76">256.5px</dimen>
<dimen name="x77">259.8px</dimen>
<dimen name="x78">263.2px</dimen>
<dimen name="x79">266.6px</dimen>
<dimen name="x80">270.0px</dimen>
<dimen name="x81">273.3px</dimen>
<dimen name="x82">276.7px</dimen>
<dimen name="x83">280.1px</dimen>
<dimen name="x84">283.5px</dimen>
<dimen name="x85">286.8px</dimen>
<dimen name="x86">290.2px</dimen>
<dimen name="x87">293.6px</dimen>
<dimen name="x88">297.0px</dimen>
<dimen name="x89">300.3px</dimen>
<dimen name="x90">303.7px</dimen>
<dimen name="x91">307.1px</dimen>
<dimen name="x92">310.5px</dimen>
<dimen name="x93">313.8px</dimen>
<dimen name="x94">317.2px</dimen>
<dimen name="x95">320.6px</dimen>
<dimen name="x96">324.0px</dimen>
<dimen name="x97">327.3px</dimen>
<dimen name="x98">330.7px</dimen>
<dimen name="x99">334.1px</dimen>
<dimen name="x100">337.5px</dimen>
<dimen name="x101">340.8px</dimen>
<dimen name="x102">344.2px</dimen>
<dimen name="x103">347.6px</dimen>
<dimen name="x104">351.0px</dimen>
<dimen name="x105">354.3px</dimen>
<dimen name="x106">357.7px</dimen>
<dimen name="x107">361.1px</dimen>
<dimen name="x108">364.5px</dimen>
<dimen name="x109">367.8px</dimen>
<dimen name="x110">371.2px</dimen>
<dimen name="x111">374.6px</dimen>
<dimen name="x112">378.0px</dimen>
<dimen name="x113">381.3px</dimen>
<dimen name="x114">384.7px</dimen>
<dimen name="x115">388.1px</dimen>
<dimen name="x116">391.5px</dimen>
<dimen name="x117">394.8px</dimen>
<dimen name="x118">398.2px</dimen>
<dimen name="x119">401.6px</dimen>
<dimen name="x120">405.0px</dimen>
<dimen name="x121">408.3px</dimen>
<dimen name="x122">411.7px</dimen>
<dimen name="x123">415.1px</dimen>
<dimen name="x124">418.5px</dimen>
<dimen name="x125">421.8px</dimen>
<dimen name="x126">425.2px</dimen>
<dimen name="x127">428.6px</dimen>
<dimen name="x128">432.0px</dimen>
<dimen name="x129">435.3px</dimen>
<dimen name="x130">438.7px</dimen>
<dimen name="x131">442.1px</dimen>
<dimen name="x132">445.5px</dimen>
<dimen name="x133">448.8px</dimen>
<dimen name="x134">452.2px</dimen>
<dimen name="x135">455.6px</dimen>
<dimen name="x136">459.0px</dimen>
<dimen name="x137">462.3px</dimen>
<dimen name="x138">465.7px</dimen>
<dimen name="x139">469.1px</dimen>
<dimen name="x140">472.5px</dimen>
<dimen name="x141">475.8px</dimen>
<dimen name="x142">479.2px</dimen>
<dimen name="x143">482.6px</dimen>
<dimen name="x144">486.0px</dimen>
<dimen name="x145">489.3px</dimen>
<dimen name="x146">492.7px</dimen>
<dimen name="x147">496.1px</dimen>
<dimen name="x148">499.5px</dimen>
<dimen name="x149">502.8px</dimen>
<dimen name="x150">506.2px</dimen>
<dimen name="x151">509.6px</dimen>
<dimen name="x152">513.0px</dimen>
<dimen name="x153">516.3px</dimen>
<dimen name="x154">519.7px</dimen>
<dimen name="x155">523.1px</dimen>
<dimen name="x156">526.5px</dimen>
<dimen name="x157">529.8px</dimen>
<dimen name="x158">533.2px</dimen>
<dimen name="x159">536.6px</dimen>
<dimen name="x160">540.0px</dimen>
<dimen name="x161">543.3px</dimen>
<dimen name="x162">546.7px</dimen>
<dimen name="x163">550.1px</dimen>
<dimen name="x164">553.5px</dimen>
<dimen name="x165">556.8px</dimen>
<dimen name="x166">560.2px</dimen>
<dimen name="x167">563.6px</dimen>
<dimen name="x168">567.0px</dimen>
<dimen name="x169">570.3px</dimen>
<dimen name="x170">573.7px</dimen>
<dimen name="x171">577.1px</dimen>
<dimen name="x172">580.5px</dimen>
<dimen name="x173">583.8px</dimen>
<dimen name="x174">587.2px</dimen>
<dimen name="x175">590.6px</dimen>
<dimen name="x176">594.0px</dimen>
<dimen name="x177">597.3px</dimen>
<dimen name="x178">600.7px</dimen>
<dimen name="x179">604.1px</dimen>
<dimen name="x180">607.5px</dimen>
<dimen name="x181">610.8px</dimen>
<dimen name="x182">614.2px</dimen>
<dimen name="x183">617.6px</dimen>
<dimen name="x184">621.0px</dimen>
<dimen name="x185">624.3px</dimen>
<dimen name="x186">627.7px</dimen>
<dimen name="x187">631.1px</dimen>
<dimen name="x188">634.5px</dimen>
<dimen name="x189">637.8px</dimen>
<dimen name="x190">641.2px</dimen>
<dimen name="x191">644.6px</dimen>
<dimen name="x192">648.0px</dimen>
<dimen name="x193">651.3px</dimen>
<dimen name="x194">654.7px</dimen>
<dimen name="x195">658.1px</dimen>
<dimen name="x196">661.5px</dimen>
<dimen name="x197">664.8px</dimen>
<dimen name="x198">668.2px</dimen>
<dimen name="x199">671.6px</dimen>
<dimen name="x200">675.0px</dimen>
<dimen name="x201">678.3px</dimen>
<dimen name="x202">681.7px</dimen>
<dimen name="x203">685.1px</dimen>
<dimen name="x204">688.5px</dimen>
<dimen name="x205">691.8px</dimen>
<dimen name="x206">695.2px</dimen>
<dimen name="x207">698.6px</dimen>
<dimen name="x208">702.0px</dimen>
<dimen name="x209">705.3px</dimen>
<dimen name="x210">708.7px</dimen>
<dimen name="x211">712.1px</dimen>
<dimen name="x212">715.5px</dimen>
<dimen name="x213">718.8px</dimen>
<dimen name="x214">722.2px</dimen>
<dimen name="x215">725.6px</dimen>
<dimen name="x216">729.0px</dimen>
<dimen name="x217">732.3px</dimen>
<dimen name="x218">735.7px</dimen>
<dimen name="x219">739.1px</dimen>
<dimen name="x220">742.5px</dimen>
<dimen name="x221">745.8px</dimen>
<dimen name="x222">749.2px</dimen>
<dimen name="x223">752.6px</dimen>
<dimen name="x224">756.0px</dimen>
<dimen name="x225">759.3px</dimen>
<dimen name="x226">762.7px</dimen>
<dimen name="x227">766.1px</dimen>
<dimen name="x228">769.5px</dimen>
<dimen name="x229">772.8px</dimen>
<dimen name="x230">776.2px</dimen>
<dimen name="x231">779.6px</dimen>
<dimen name="x232">783.0px</dimen>
<dimen name="x233">786.3px</dimen>
<dimen name="x234">789.7px</dimen>
<dimen name="x235">793.1px</dimen>
<dimen name="x236">796.5px</dimen>
<dimen name="x237">799.8px</dimen>
<dimen name="x238">803.2px</dimen>
<dimen name="x239">806.6px</dimen>
<dimen name="x240">810.0px</dimen>
<dimen name="x241">813.3px</dimen>
<dimen name="x242">816.7px</dimen>
<dimen name="x243">820.1px</dimen>
<dimen name="x244">823.5px</dimen>
<dimen name="x245">826.8px</dimen>
<dimen name="x246">830.2px</dimen>
<dimen name="x247">833.6px</dimen>
<dimen name="x248">837.0px</dimen>
<dimen name="x249">840.3px</dimen>
<dimen name="x250">843.7px</dimen>
<dimen name="x251">847.1px</dimen>
<dimen name="x252">850.5px</dimen>
<dimen name="x253">853.8px</dimen>
<dimen name="x254">857.2px</dimen>
<dimen name="x255">860.6px</dimen>
<dimen name="x256">864.0px</dimen>
<dimen name="x257">867.3px</dimen>
<dimen name="x258">870.7px</dimen>
<dimen name="x259">874.1px</dimen>
<dimen name="x260">877.5px</dimen>
<dimen name="x261">880.8px</dimen>
<dimen name="x262">884.2px</dimen>
<dimen name="x263">887.6px</dimen>
<dimen name="x264">891.0px</dimen>
<dimen name="x265">894.3px</dimen>
<dimen name="x266">897.7px</dimen>
<dimen name="x267">901.1px</dimen>
<dimen name="x268">904.5px</dimen>
<dimen name="x269">907.8px</dimen>
<dimen name="x270">911.2px</dimen>
<dimen name="x271">914.6px</dimen>
<dimen name="x272">918.0px</dimen>
<dimen name="x273">921.3px</dimen>
<dimen name="x274">924.7px</dimen>
<dimen name="x275">928.1px</dimen>
<dimen name="x276">931.5px</dimen>
<dimen name="x277">934.8px</dimen>
<dimen name="x278">938.2px</dimen>
<dimen name="x279">941.6px</dimen>
<dimen name="x280">945.0px</dimen>
<dimen name="x281">948.3px</dimen>
<dimen name="x282">951.7px</dimen>
<dimen name="x283">955.1px</dimen>
<dimen name="x284">958.5px</dimen>
<dimen name="x285">961.8px</dimen>
<dimen name="x286">965.2px</dimen>
<dimen name="x287">968.6px</dimen>
<dimen name="x288">972.0px</dimen>
<dimen name="x289">975.3px</dimen>
<dimen name="x290">978.7px</dimen>
<dimen name="x291">982.1px</dimen>
<dimen name="x292">985.5px</dimen>
<dimen name="x293">988.8px</dimen>
<dimen name="x294">992.2px</dimen>
<dimen name="x295">995.6px</dimen>
<dimen name="x296">999.0px</dimen>
<dimen name="x297">1002.3px</dimen>
<dimen name="x298">1005.7px</dimen>
<dimen name="x299">1009.1px</dimen>
<dimen name="x300">1012.5px</dimen>
<dimen name="x301">1015.8px</dimen>
<dimen name="x302">1019.2px</dimen>
<dimen name="x303">1022.6px</dimen>
<dimen name="x304">1026.0px</dimen>
<dimen name="x305">1029.3px</dimen>
<dimen name="x306">1032.7px</dimen>
<dimen name="x307">1036.1px</dimen>
<dimen name="x308">1039.5px</dimen>
<dimen name="x309">1042.8px</dimen>
<dimen name="x310">1046.2px</dimen>
<dimen name="x311">1049.6px</dimen>
<dimen name="x312">1053.0px</dimen>
<dimen name="x313">1056.3px</dimen>
<dimen name="x314">1059.7px</dimen>
<dimen name="x315">1063.1px</dimen>
<dimen name="x316">1066.5px</dimen>
<dimen name="x317">1069.8px</dimen>
<dimen name="x318">1073.2px</dimen>
<dimen name="x319">1076.6px</dimen>
<dimen name="x320">1080.0px</dimen>
</resources>