<resources>
<dimen name="y1">3.7px</dimen>
<dimen name="y2">7.4px</dimen>
<dimen name="y3">11.1px</dimen>
<dimen name="y4">14.8px</dimen>
<dimen name="y5">18.5px</dimen>
<dimen name="y6">22.2px</dimen>
<dimen name="y7">25.9px</dimen>
<dimen name="y8">29.6px</dimen>
<dimen name="y9">33.3px</dimen>
<dimen name="y10">37.0px</dimen>
<dimen name="y11">40.7px</dimen>
<dimen name="y12">44.4px</dimen>
<dimen name="y13">48.1px</dimen>
<dimen name="y14">51.8px</dimen>
<dimen name="y15">55.5px</dimen>
<dimen name="y16">59.2px</dimen>
<dimen name="y17">62.9px</dimen>
<dimen name="y18">66.6px</dimen>
<dimen name="y19">70.3px</dimen>
<dimen name="y20">74.0px</dimen>
<dimen name="y21">77.7px</dimen>
<dimen name="y22">81.4px</dimen>
<dimen name="y23">85.1px</dimen>
<dimen name="y24">88.8px</dimen>
<dimen name="y25">92.5px</dimen>
<dimen name="y26">96.2px</dimen>
<dimen name="y27">99.9px</dimen>
<dimen name="y28">103.6px</dimen>
<dimen name="y29">107.3px</dimen>
<dimen name="y30">111.0px</dimen>
<dimen name="y31">114.7px</dimen>
<dimen name="y32">118.4px</dimen>
<dimen name="y33">122.1px</dimen>
<dimen name="y34">125.8px</dimen>
<dimen name="y35">129.5px</dimen>
<dimen name="y36">133.2px</dimen>
<dimen name="y37">136.9px</dimen>
<dimen name="y38">140.6px</dimen>
<dimen name="y39">144.3px</dimen>
<dimen name="y40">148.0px</dimen>
<dimen name="y41">151.7px</dimen>
<dimen name="y42">155.4px</dimen>
<dimen name="y43">159.1px</dimen>
<dimen name="y44">162.8px</dimen>
<dimen name="y45">166.5px</dimen>
<dimen name="y46">170.2px</dimen>
<dimen name="y47">173.9px</dimen>
<dimen name="y48">177.6px</dimen>
<dimen name="y49">181.3px</dimen>
<dimen name="y50">185.0px</dimen>
<dimen name="y51">188.7px</dimen>
<dimen name="y52">192.4px</dimen>
<dimen name="y53">196.1px</dimen>
<dimen name="y54">199.8px</dimen>
<dimen name="y55">203.5px</dimen>
<dimen name="y56">207.2px</dimen>
<dimen name="y57">210.9px</dimen>
<dimen name="y58">214.6px</dimen>
<dimen name="y59">218.3px</dimen>
<dimen name="y60">222.0px</dimen>
<dimen name="y61">225.7px</dimen>
<dimen name="y62">229.4px</dimen>
<dimen name="y63">233.1px</dimen>
<dimen name="y64">236.8px</dimen>
<dimen name="y65">240.5px</dimen>
<dimen name="y66">244.2px</dimen>
<dimen name="y67">247.9px</dimen>
<dimen name="y68">251.6px</dimen>
<dimen name="y69">255.3px</dimen>
<dimen name="y70">259.0px</dimen>
<dimen name="y71">262.7px</dimen>
<dimen name="y72">266.4px</dimen>
<dimen name="y73">270.1px</dimen>
<dimen name="y74">273.8px</dimen>
<dimen name="y75">277.5px</dimen>
<dimen name="y76">281.2px</dimen>
<dimen name="y77">284.9px</dimen>
<dimen name="y78">288.6px</dimen>
<dimen name="y79">292.3px</dimen>
<dimen name="y80">296.0px</dimen>
<dimen name="y81">299.7px</dimen>
<dimen name="y82">303.4px</dimen>
<dimen name="y83">307.1px</dimen>
<dimen name="y84">310.8px</dimen>
<dimen name="y85">314.5px</dimen>
<dimen name="y86">318.2px</dimen>
<dimen name="y87">321.9px</dimen>
<dimen name="y88">325.6px</dimen>
<dimen name="y89">329.3px</dimen>
<dimen name="y90">333.0px</dimen>
<dimen name="y91">336.7px</dimen>
<dimen name="y92">340.4px</dimen>
<dimen name="y93">344.1px</dimen>
<dimen name="y94">347.8px</dimen>
<dimen name="y95">351.5px</dimen>
<dimen name="y96">355.2px</dimen>
<dimen name="y97">358.9px</dimen>
<dimen name="y98">362.6px</dimen>
<dimen name="y99">366.3px</dimen>
<dimen name="y100">370.0px</dimen>
<dimen name="y101">373.7px</dimen>
<dimen name="y102">377.4px</dimen>
<dimen name="y103">381.1px</dimen>
<dimen name="y104">384.8px</dimen>
<dimen name="y105">388.5px</dimen>
<dimen name="y106">392.2px</dimen>
<dimen name="y107">395.9px</dimen>
<dimen name="y108">399.6px</dimen>
<dimen name="y109">403.3px</dimen>
<dimen name="y110">407.0px</dimen>
<dimen name="y111">410.7px</dimen>
<dimen name="y112">414.4px</dimen>
<dimen name="y113">418.1px</dimen>
<dimen name="y114">421.8px</dimen>
<dimen name="y115">425.5px</dimen>
<dimen name="y116">429.2px</dimen>
<dimen name="y117">432.9px</dimen>
<dimen name="y118">436.6px</dimen>
<dimen name="y119">440.3px</dimen>
<dimen name="y120">444.0px</dimen>
<dimen name="y121">447.7px</dimen>
<dimen name="y122">451.4px</dimen>
<dimen name="y123">455.1px</dimen>
<dimen name="y124">458.8px</dimen>
<dimen name="y125">462.5px</dimen>
<dimen name="y126">466.2px</dimen>
<dimen name="y127">469.9px</dimen>
<dimen name="y128">473.6px</dimen>
<dimen name="y129">477.3px</dimen>
<dimen name="y130">481.0px</dimen>
<dimen name="y131">484.7px</dimen>
<dimen name="y132">488.4px</dimen>
<dimen name="y133">492.1px</dimen>
<dimen name="y134">495.8px</dimen>
<dimen name="y135">499.5px</dimen>
<dimen name="y136">503.2px</dimen>
<dimen name="y137">506.9px</dimen>
<dimen name="y138">510.6px</dimen>
<dimen name="y139">514.3px</dimen>
<dimen name="y140">518.0px</dimen>
<dimen name="y141">521.7px</dimen>
<dimen name="y142">525.4px</dimen>
<dimen name="y143">529.1px</dimen>
<dimen name="y144">532.8px</dimen>
<dimen name="y145">536.5px</dimen>
<dimen name="y146">540.2px</dimen>
<dimen name="y147">543.9px</dimen>
<dimen name="y148">547.6px</dimen>
<dimen name="y149">551.3px</dimen>
<dimen name="y150">555.0px</dimen>
<dimen name="y151">558.7px</dimen>
<dimen name="y152">562.4px</dimen>
<dimen name="y153">566.1px</dimen>
<dimen name="y154">569.8px</dimen>
<dimen name="y155">573.5px</dimen>
<dimen name="y156">577.2px</dimen>
<dimen name="y157">580.9px</dimen>
<dimen name="y158">584.6px</dimen>
<dimen name="y159">588.3px</dimen>
<dimen name="y160">592.0px</dimen>
<dimen name="y161">595.7px</dimen>
<dimen name="y162">599.4px</dimen>
<dimen name="y163">603.1px</dimen>
<dimen name="y164">606.8px</dimen>
<dimen name="y165">610.5px</dimen>
<dimen name="y166">614.2px</dimen>
<dimen name="y167">617.9px</dimen>
<dimen name="y168">621.6px</dimen>
<dimen name="y169">625.3px</dimen>
<dimen name="y170">629.0px</dimen>
<dimen name="y171">632.7px</dimen>
<dimen name="y172">636.4px</dimen>
<dimen name="y173">640.1px</dimen>
<dimen name="y174">643.8px</dimen>
<dimen name="y175">647.5px</dimen>
<dimen name="y176">651.2px</dimen>
<dimen name="y177">654.9px</dimen>
<dimen name="y178">658.6px</dimen>
<dimen name="y179">662.3px</dimen>
<dimen name="y180">666.0px</dimen>
<dimen name="y181">669.7px</dimen>
<dimen name="y182">673.4px</dimen>
<dimen name="y183">677.1px</dimen>
<dimen name="y184">680.8px</dimen>
<dimen name="y185">684.5px</dimen>
<dimen name="y186">688.2px</dimen>
<dimen name="y187">691.9px</dimen>
<dimen name="y188">695.6px</dimen>
<dimen name="y189">699.3px</dimen>
<dimen name="y190">703.0px</dimen>
<dimen name="y191">706.7px</dimen>
<dimen name="y192">710.4px</dimen>
<dimen name="y193">714.1px</dimen>
<dimen name="y194">717.8px</dimen>
<dimen name="y195">721.5px</dimen>
<dimen name="y196">725.2px</dimen>
<dimen name="y197">728.9px</dimen>
<dimen name="y198">732.6px</dimen>
<dimen name="y199">736.3px</dimen>
<dimen name="y200">740.0px</dimen>
<dimen name="y201">743.7px</dimen>
<dimen name="y202">747.4px</dimen>
<dimen name="y203">751.1px</dimen>
<dimen name="y204">754.8px</dimen>
<dimen name="y205">758.5px</dimen>
<dimen name="y206">762.2px</dimen>
<dimen name="y207">765.9px</dimen>
<dimen name="y208">769.6px</dimen>
<dimen name="y209">773.3px</dimen>
<dimen name="y210">777.0px</dimen>
<dimen name="y211">780.7px</dimen>
<dimen name="y212">784.4px</dimen>
<dimen name="y213">788.1px</dimen>
<dimen name="y214">791.8px</dimen>
<dimen name="y215">795.5px</dimen>
<dimen name="y216">799.2px</dimen>
<dimen name="y217">802.9px</dimen>
<dimen name="y218">806.6px</dimen>
<dimen name="y219">810.3px</dimen>
<dimen name="y220">814.0px</dimen>
<dimen name="y221">817.7px</dimen>
<dimen name="y222">821.4px</dimen>
<dimen name="y223">825.1px</dimen>
<dimen name="y224">828.8px</dimen>
<dimen name="y225">832.5px</dimen>
<dimen name="y226">836.2px</dimen>
<dimen name="y227">839.9px</dimen>
<dimen name="y228">843.6px</dimen>
<dimen name="y229">847.3px</dimen>
<dimen name="y230">851.0px</dimen>
<dimen name="y231">854.7px</dimen>
<dimen name="y232">858.4px</dimen>
<dimen name="y233">862.1px</dimen>
<dimen name="y234">865.8px</dimen>
<dimen name="y235">869.5px</dimen>
<dimen name="y236">873.2px</dimen>
<dimen name="y237">876.9px</dimen>
<dimen name="y238">880.6px</dimen>
<dimen name="y239">884.3px</dimen>
<dimen name="y240">888.0px</dimen>
<dimen name="y241">891.7px</dimen>
<dimen name="y242">895.4px</dimen>
<dimen name="y243">899.1px</dimen>
<dimen name="y244">902.8px</dimen>
<dimen name="y245">906.5px</dimen>
<dimen name="y246">910.2px</dimen>
<dimen name="y247">913.9px</dimen>
<dimen name="y248">917.6px</dimen>
<dimen name="y249">921.3px</dimen>
<dimen name="y250">925.0px</dimen>
<dimen name="y251">928.7px</dimen>
<dimen name="y252">932.4px</dimen>
<dimen name="y253">936.1px</dimen>
<dimen name="y254">939.8px</dimen>
<dimen name="y255">943.5px</dimen>
<dimen name="y256">947.2px</dimen>
<dimen name="y257">950.9px</dimen>
<dimen name="y258">954.6px</dimen>
<dimen name="y259">958.3px</dimen>
<dimen name="y260">962.0px</dimen>
<dimen name="y261">965.7px</dimen>
<dimen name="y262">969.4px</dimen>
<dimen name="y263">973.1px</dimen>
<dimen name="y264">976.8px</dimen>
<dimen name="y265">980.5px</dimen>
<dimen name="y266">984.2px</dimen>
<dimen name="y267">987.9px</dimen>
<dimen name="y268">991.6px</dimen>
<dimen name="y269">995.3px</dimen>
<dimen name="y270">999.0px</dimen>
<dimen name="y271">1002.7px</dimen>
<dimen name="y272">1006.4px</dimen>
<dimen name="y273">1010.1px</dimen>
<dimen name="y274">1013.8px</dimen>
<dimen name="y275">1017.5px</dimen>
<dimen name="y276">1021.2px</dimen>
<dimen name="y277">1024.9px</dimen>
<dimen name="y278">1028.6px</dimen>
<dimen name="y279">1032.3px</dimen>
<dimen name="y280">1036.0px</dimen>
<dimen name="y281">1039.7px</dimen>
<dimen name="y282">1043.4px</dimen>
<dimen name="y283">1047.1px</dimen>
<dimen name="y284">1050.8px</dimen>
<dimen name="y285">1054.5px</dimen>
<dimen name="y286">1058.2px</dimen>
<dimen name="y287">1061.9px</dimen>
<dimen name="y288">1065.6px</dimen>
<dimen name="y289">1069.3px</dimen>
<dimen name="y290">1073.0px</dimen>
<dimen name="y291">1076.7px</dimen>
<dimen name="y292">1080.4px</dimen>
<dimen name="y293">1084.1px</dimen>
<dimen name="y294">1087.8px</dimen>
<dimen name="y295">1091.5px</dimen>
<dimen name="y296">1095.2px</dimen>
<dimen name="y297">1098.9px</dimen>
<dimen name="y298">1102.6px</dimen>
<dimen name="y299">1106.3px</dimen>
<dimen name="y300">1110.0px</dimen>
<dimen name="y301">1113.7px</dimen>
<dimen name="y302">1117.4px</dimen>
<dimen name="y303">1121.1px</dimen>
<dimen name="y304">1124.8px</dimen>
<dimen name="y305">1128.5px</dimen>
<dimen name="y306">1132.2px</dimen>
<dimen name="y307">1135.9px</dimen>
<dimen name="y308">1139.6px</dimen>
<dimen name="y309">1143.3px</dimen>
<dimen name="y310">1147.0px</dimen>
<dimen name="y311">1150.7px</dimen>
<dimen name="y312">1154.4px</dimen>
<dimen name="y313">1158.1px</dimen>
<dimen name="y314">1161.8px</dimen>
<dimen name="y315">1165.5px</dimen>
<dimen name="y316">1169.2px</dimen>
<dimen name="y317">1172.9px</dimen>
<dimen name="y318">1176.6px</dimen>
<dimen name="y319">1180.3px</dimen>
<dimen name="y320">1184.0px</dimen>
<dimen name="y321">1187.7px</dimen>
<dimen name="y322">1191.4px</dimen>
<dimen name="y323">1195.1px</dimen>
<dimen name="y324">1198.8px</dimen>
<dimen name="y325">1202.5px</dimen>
<dimen name="y326">1206.2px</dimen>
<dimen name="y327">1209.9px</dimen>
<dimen name="y328">1213.6px</dimen>
<dimen name="y329">1217.3px</dimen>
<dimen name="y330">1221.0px</dimen>
<dimen name="y331">1224.7px</dimen>
<dimen name="y332">1228.4px</dimen>
<dimen name="y333">1232.1px</dimen>
<dimen name="y334">1235.8px</dimen>
<dimen name="y335">1239.5px</dimen>
<dimen name="y336">1243.2px</dimen>
<dimen name="y337">1246.9px</dimen>
<dimen name="y338">1250.6px</dimen>
<dimen name="y339">1254.3px</dimen>
<dimen name="y340">1258.0px</dimen>
<dimen name="y341">1261.7px</dimen>
<dimen name="y342">1265.4px</dimen>
<dimen name="y343">1269.1px</dimen>
<dimen name="y344">1272.8px</dimen>
<dimen name="y345">1276.5px</dimen>
<dimen name="y346">1280.2px</dimen>
<dimen name="y347">1283.9px</dimen>
<dimen name="y348">1287.6px</dimen>
<dimen name="y349">1291.3px</dimen>
<dimen name="y350">1295.0px</dimen>
<dimen name="y351">1298.7px</dimen>
<dimen name="y352">1302.4px</dimen>
<dimen name="y353">1306.1px</dimen>
<dimen name="y354">1309.8px</dimen>
<dimen name="y355">1313.5px</dimen>
<dimen name="y356">1317.2px</dimen>
<dimen name="y357">1320.9px</dimen>
<dimen name="y358">1324.6px</dimen>
<dimen name="y359">1328.3px</dimen>
<dimen name="y360">1332.0px</dimen>
<dimen name="y361">1335.7px</dimen>
<dimen name="y362">1339.4px</dimen>
<dimen name="y363">1343.1px</dimen>
<dimen name="y364">1346.8px</dimen>
<dimen name="y365">1350.5px</dimen>
<dimen name="y366">1354.2px</dimen>
<dimen name="y367">1357.9px</dimen>
<dimen name="y368">1361.6px</dimen>
<dimen name="y369">1365.3px</dimen>
<dimen name="y370">1369.0px</dimen>
<dimen name="y371">1372.7px</dimen>
<dimen name="y372">1376.4px</dimen>
<dimen name="y373">1380.1px</dimen>
<dimen name="y374">1383.8px</dimen>
<dimen name="y375">1387.5px</dimen>
<dimen name="y376">1391.2px</dimen>
<dimen name="y377">1394.9px</dimen>
<dimen name="y378">1398.6px</dimen>
<dimen name="y379">1402.3px</dimen>
<dimen name="y380">1406.0px</dimen>
<dimen name="y381">1409.7px</dimen>
<dimen name="y382">1413.4px</dimen>
<dimen name="y383">1417.1px</dimen>
<dimen name="y384">1420.8px</dimen>
<dimen name="y385">1424.5px</dimen>
<dimen name="y386">1428.2px</dimen>
<dimen name="y387">1431.9px</dimen>
<dimen name="y388">1435.6px</dimen>
<dimen name="y389">1439.3px</dimen>
<dimen name="y390">1443.0px</dimen>
<dimen name="y391">1446.7px</dimen>
<dimen name="y392">1450.4px</dimen>
<dimen name="y393">1454.1px</dimen>
<dimen name="y394">1457.8px</dimen>
<dimen name="y395">1461.5px</dimen>
<dimen name="y396">1465.2px</dimen>
<dimen name="y397">1468.9px</dimen>
<dimen name="y398">1472.6px</dimen>
<dimen name="y399">1476.3px</dimen>
<dimen name="y400">1480.0px</dimen>
<dimen name="y401">1483.7px</dimen>
<dimen name="y402">1487.4px</dimen>
<dimen name="y403">1491.1px</dimen>
<dimen name="y404">1494.8px</dimen>
<dimen name="y405">1498.5px</dimen>
<dimen name="y406">1502.2px</dimen>
<dimen name="y407">1505.9px</dimen>
<dimen name="y408">1509.6px</dimen>
<dimen name="y409">1513.3px</dimen>
<dimen name="y410">1517.0px</dimen>
<dimen name="y411">1520.7px</dimen>
<dimen name="y412">1524.4px</dimen>
<dimen name="y413">1528.1px</dimen>
<dimen name="y414">1531.8px</dimen>
<dimen name="y415">1535.5px</dimen>
<dimen name="y416">1539.2px</dimen>
<dimen name="y417">1542.9px</dimen>
<dimen name="y418">1546.6px</dimen>
<dimen name="y419">1550.3px</dimen>
<dimen name="y420">1554.0px</dimen>
<dimen name="y421">1557.7px</dimen>
<dimen name="y422">1561.4px</dimen>
<dimen name="y423">1565.1px</dimen>
<dimen name="y424">1568.8px</dimen>
<dimen name="y425">1572.5px</dimen>
<dimen name="y426">1576.2px</dimen>
<dimen name="y427">1579.9px</dimen>
<dimen name="y428">1583.6px</dimen>
<dimen name="y429">1587.3px</dimen>
<dimen name="y430">1591.0px</dimen>
<dimen name="y431">1594.7px</dimen>
<dimen name="y432">1598.4px</dimen>
<dimen name="y433">1602.1px</dimen>
<dimen name="y434">1605.8px</dimen>
<dimen name="y435">1609.5px</dimen>
<dimen name="y436">1613.2px</dimen>
<dimen name="y437">1616.9px</dimen>
<dimen name="y438">1620.6px</dimen>
<dimen name="y439">1624.3px</dimen>
<dimen name="y440">1628.0px</dimen>
<dimen name="y441">1631.7px</dimen>
<dimen name="y442">1635.4px</dimen>
<dimen name="y443">1639.1px</dimen>
<dimen name="y444">1642.8px</dimen>
<dimen name="y445">1646.5px</dimen>
<dimen name="y446">1650.2px</dimen>
<dimen name="y447">1653.9px</dimen>
<dimen name="y448">1657.6px</dimen>
<dimen name="y449">1661.3px</dimen>
<dimen name="y450">1665.0px</dimen>
<dimen name="y451">1668.7px</dimen>
<dimen name="y452">1672.4px</dimen>
<dimen name="y453">1676.1px</dimen>
<dimen name="y454">1679.8px</dimen>
<dimen name="y455">1683.5px</dimen>
<dimen name="y456">1687.2px</dimen>
<dimen name="y457">1690.9px</dimen>
<dimen name="y458">1694.6px</dimen>
<dimen name="y459">1698.3px</dimen>
<dimen name="y460">1702.0px</dimen>
<dimen name="y461">1705.7px</dimen>
<dimen name="y462">1709.4px</dimen>
<dimen name="y463">1713.1px</dimen>
<dimen name="y464">1716.8px</dimen>
<dimen name="y465">1720.5px</dimen>
<dimen name="y466">1724.2px</dimen>
<dimen name="y467">1727.9px</dimen>
<dimen name="y468">1731.6px</dimen>
<dimen name="y469">1735.3px</dimen>
<dimen name="y470">1739.0px</dimen>
<dimen name="y471">1742.7px</dimen>
<dimen name="y472">1746.4px</dimen>
<dimen name="y473">1750.1px</dimen>
<dimen name="y474">1753.8px</dimen>
<dimen name="y475">1757.5px</dimen>
<dimen name="y476">1761.2px</dimen>
<dimen name="y477">1764.9px</dimen>
<dimen name="y478">1768.6px</dimen>
<dimen name="y479">1772.3px</dimen>
<dimen name="y480">1776.0px</dimen>
</resources>