<resources>
<dimen name="x1">3.7px</dimen>
<dimen name="x2">7.5px</dimen>
<dimen name="x3">11.2px</dimen>
<dimen name="x4">15.0px</dimen>
<dimen name="x5">18.7px</dimen>
<dimen name="x6">22.5px</dimen>
<dimen name="x7">26.2px</dimen>
<dimen name="x8">30.0px</dimen>
<dimen name="x9">33.7px</dimen>
<dimen name="x10">37.5px</dimen>
<dimen name="x11">41.2px</dimen>
<dimen name="x12">45.0px</dimen>
<dimen name="x13">48.7px</dimen>
<dimen name="x14">52.5px</dimen>
<dimen name="x15">56.2px</dimen>
<dimen name="x16">60.0px</dimen>
<dimen name="x17">63.7px</dimen>
<dimen name="x18">67.5px</dimen>
<dimen name="x19">71.2px</dimen>
<dimen name="x20">75.0px</dimen>
<dimen name="x21">78.7px</dimen>
<dimen name="x22">82.5px</dimen>
<dimen name="x23">86.2px</dimen>
<dimen name="x24">90.0px</dimen>
<dimen name="x25">93.7px</dimen>
<dimen name="x26">97.5px</dimen>
<dimen name="x27">101.2px</dimen>
<dimen name="x28">105.0px</dimen>
<dimen name="x29">108.7px</dimen>
<dimen name="x30">112.5px</dimen>
<dimen name="x31">116.2px</dimen>
<dimen name="x32">120.0px</dimen>
<dimen name="x33">123.7px</dimen>
<dimen name="x34">127.5px</dimen>
<dimen name="x35">131.2px</dimen>
<dimen name="x36">135.0px</dimen>
<dimen name="x37">138.7px</dimen>
<dimen name="x38">142.5px</dimen>
<dimen name="x39">146.2px</dimen>
<dimen name="x40">150.0px</dimen>
<dimen name="x41">153.7px</dimen>
<dimen name="x42">157.5px</dimen>
<dimen name="x43">161.2px</dimen>
<dimen name="x44">165.0px</dimen>
<dimen name="x45">168.7px</dimen>
<dimen name="x46">172.5px</dimen>
<dimen name="x47">176.2px</dimen>
<dimen name="x48">180.0px</dimen>
<dimen name="x49">183.7px</dimen>
<dimen name="x50">187.5px</dimen>
<dimen name="x51">191.2px</dimen>
<dimen name="x52">195.0px</dimen>
<dimen name="x53">198.7px</dimen>
<dimen name="x54">202.5px</dimen>
<dimen name="x55">206.2px</dimen>
<dimen name="x56">210.0px</dimen>
<dimen name="x57">213.7px</dimen>
<dimen name="x58">217.5px</dimen>
<dimen name="x59">221.2px</dimen>
<dimen name="x60">225.0px</dimen>
<dimen name="x61">228.7px</dimen>
<dimen name="x62">232.5px</dimen>
<dimen name="x63">236.2px</dimen>
<dimen name="x64">240.0px</dimen>
<dimen name="x65">243.7px</dimen>
<dimen name="x66">247.5px</dimen>
<dimen name="x67">251.2px</dimen>
<dimen name="x68">255.0px</dimen>
<dimen name="x69">258.7px</dimen>
<dimen name="x70">262.5px</dimen>
<dimen name="x71">266.2px</dimen>
<dimen name="x72">270.0px</dimen>
<dimen name="x73">273.7px</dimen>
<dimen name="x74">277.5px</dimen>
<dimen name="x75">281.2px</dimen>
<dimen name="x76">285.0px</dimen>
<dimen name="x77">288.7px</dimen>
<dimen name="x78">292.5px</dimen>
<dimen name="x79">296.2px</dimen>
<dimen name="x80">300.0px</dimen>
<dimen name="x81">303.7px</dimen>
<dimen name="x82">307.5px</dimen>
<dimen name="x83">311.2px</dimen>
<dimen name="x84">315.0px</dimen>
<dimen name="x85">318.7px</dimen>
<dimen name="x86">322.5px</dimen>
<dimen name="x87">326.2px</dimen>
<dimen name="x88">330.0px</dimen>
<dimen name="x89">333.7px</dimen>
<dimen name="x90">337.5px</dimen>
<dimen name="x91">341.2px</dimen>
<dimen name="x92">345.0px</dimen>
<dimen name="x93">348.7px</dimen>
<dimen name="x94">352.5px</dimen>
<dimen name="x95">356.2px</dimen>
<dimen name="x96">360.0px</dimen>
<dimen name="x97">363.7px</dimen>
<dimen name="x98">367.5px</dimen>
<dimen name="x99">371.2px</dimen>
<dimen name="x100">375.0px</dimen>
<dimen name="x101">378.7px</dimen>
<dimen name="x102">382.5px</dimen>
<dimen name="x103">386.2px</dimen>
<dimen name="x104">390.0px</dimen>
<dimen name="x105">393.7px</dimen>
<dimen name="x106">397.5px</dimen>
<dimen name="x107">401.2px</dimen>
<dimen name="x108">405.0px</dimen>
<dimen name="x109">408.7px</dimen>
<dimen name="x110">412.5px</dimen>
<dimen name="x111">416.2px</dimen>
<dimen name="x112">420.0px</dimen>
<dimen name="x113">423.7px</dimen>
<dimen name="x114">427.5px</dimen>
<dimen name="x115">431.2px</dimen>
<dimen name="x116">435.0px</dimen>
<dimen name="x117">438.7px</dimen>
<dimen name="x118">442.5px</dimen>
<dimen name="x119">446.2px</dimen>
<dimen name="x120">450.0px</dimen>
<dimen name="x121">453.7px</dimen>
<dimen name="x122">457.5px</dimen>
<dimen name="x123">461.2px</dimen>
<dimen name="x124">465.0px</dimen>
<dimen name="x125">468.7px</dimen>
<dimen name="x126">472.5px</dimen>
<dimen name="x127">476.2px</dimen>
<dimen name="x128">480.0px</dimen>
<dimen name="x129">483.7px</dimen>
<dimen name="x130">487.5px</dimen>
<dimen name="x131">491.2px</dimen>
<dimen name="x132">495.0px</dimen>
<dimen name="x133">498.7px</dimen>
<dimen name="x134">502.5px</dimen>
<dimen name="x135">506.2px</dimen>
<dimen name="x136">510.0px</dimen>
<dimen name="x137">513.7px</dimen>
<dimen name="x138">517.5px</dimen>
<dimen name="x139">521.2px</dimen>
<dimen name="x140">525.0px</dimen>
<dimen name="x141">528.7px</dimen>
<dimen name="x142">532.5px</dimen>
<dimen name="x143">536.2px</dimen>
<dimen name="x144">540.0px</dimen>
<dimen name="x145">543.7px</dimen>
<dimen name="x146">547.5px</dimen>
<dimen name="x147">551.2px</dimen>
<dimen name="x148">555.0px</dimen>
<dimen name="x149">558.7px</dimen>
<dimen name="x150">562.5px</dimen>
<dimen name="x151">566.2px</dimen>
<dimen name="x152">570.0px</dimen>
<dimen name="x153">573.7px</dimen>
<dimen name="x154">577.5px</dimen>
<dimen name="x155">581.2px</dimen>
<dimen name="x156">585.0px</dimen>
<dimen name="x157">588.7px</dimen>
<dimen name="x158">592.5px</dimen>
<dimen name="x159">596.2px</dimen>
<dimen name="x160">600.0px</dimen>
<dimen name="x161">603.7px</dimen>
<dimen name="x162">607.5px</dimen>
<dimen name="x163">611.2px</dimen>
<dimen name="x164">615.0px</dimen>
<dimen name="x165">618.7px</dimen>
<dimen name="x166">622.5px</dimen>
<dimen name="x167">626.2px</dimen>
<dimen name="x168">630.0px</dimen>
<dimen name="x169">633.7px</dimen>
<dimen name="x170">637.5px</dimen>
<dimen name="x171">641.2px</dimen>
<dimen name="x172">645.0px</dimen>
<dimen name="x173">648.7px</dimen>
<dimen name="x174">652.5px</dimen>
<dimen name="x175">656.2px</dimen>
<dimen name="x176">660.0px</dimen>
<dimen name="x177">663.7px</dimen>
<dimen name="x178">667.5px</dimen>
<dimen name="x179">671.2px</dimen>
<dimen name="x180">675.0px</dimen>
<dimen name="x181">678.7px</dimen>
<dimen name="x182">682.5px</dimen>
<dimen name="x183">686.2px</dimen>
<dimen name="x184">690.0px</dimen>
<dimen name="x185">693.7px</dimen>
<dimen name="x186">697.5px</dimen>
<dimen name="x187">701.2px</dimen>
<dimen name="x188">705.0px</dimen>
<dimen name="x189">708.7px</dimen>
<dimen name="x190">712.5px</dimen>
<dimen name="x191">716.2px</dimen>
<dimen name="x192">720.0px</dimen>
<dimen name="x193">723.7px</dimen>
<dimen name="x194">727.5px</dimen>
<dimen name="x195">731.2px</dimen>
<dimen name="x196">735.0px</dimen>
<dimen name="x197">738.7px</dimen>
<dimen name="x198">742.5px</dimen>
<dimen name="x199">746.2px</dimen>
<dimen name="x200">750.0px</dimen>
<dimen name="x201">753.7px</dimen>
<dimen name="x202">757.5px</dimen>
<dimen name="x203">761.2px</dimen>
<dimen name="x204">765.0px</dimen>
<dimen name="x205">768.7px</dimen>
<dimen name="x206">772.5px</dimen>
<dimen name="x207">776.2px</dimen>
<dimen name="x208">780.0px</dimen>
<dimen name="x209">783.7px</dimen>
<dimen name="x210">787.5px</dimen>
<dimen name="x211">791.2px</dimen>
<dimen name="x212">795.0px</dimen>
<dimen name="x213">798.7px</dimen>
<dimen name="x214">802.5px</dimen>
<dimen name="x215">806.2px</dimen>
<dimen name="x216">810.0px</dimen>
<dimen name="x217">813.7px</dimen>
<dimen name="x218">817.5px</dimen>
<dimen name="x219">821.2px</dimen>
<dimen name="x220">825.0px</dimen>
<dimen name="x221">828.7px</dimen>
<dimen name="x222">832.5px</dimen>
<dimen name="x223">836.2px</dimen>
<dimen name="x224">840.0px</dimen>
<dimen name="x225">843.7px</dimen>
<dimen name="x226">847.5px</dimen>
<dimen name="x227">851.2px</dimen>
<dimen name="x228">855.0px</dimen>
<dimen name="x229">858.7px</dimen>
<dimen name="x230">862.5px</dimen>
<dimen name="x231">866.2px</dimen>
<dimen name="x232">870.0px</dimen>
<dimen name="x233">873.7px</dimen>
<dimen name="x234">877.5px</dimen>
<dimen name="x235">881.2px</dimen>
<dimen name="x236">885.0px</dimen>
<dimen name="x237">888.7px</dimen>
<dimen name="x238">892.5px</dimen>
<dimen name="x239">896.2px</dimen>
<dimen name="x240">900.0px</dimen>
<dimen name="x241">903.7px</dimen>
<dimen name="x242">907.5px</dimen>
<dimen name="x243">911.2px</dimen>
<dimen name="x244">915.0px</dimen>
<dimen name="x245">918.7px</dimen>
<dimen name="x246">922.5px</dimen>
<dimen name="x247">926.2px</dimen>
<dimen name="x248">930.0px</dimen>
<dimen name="x249">933.7px</dimen>
<dimen name="x250">937.5px</dimen>
<dimen name="x251">941.2px</dimen>
<dimen name="x252">945.0px</dimen>
<dimen name="x253">948.7px</dimen>
<dimen name="x254">952.5px</dimen>
<dimen name="x255">956.2px</dimen>
<dimen name="x256">960.0px</dimen>
<dimen name="x257">963.7px</dimen>
<dimen name="x258">967.5px</dimen>
<dimen name="x259">971.2px</dimen>
<dimen name="x260">975.0px</dimen>
<dimen name="x261">978.7px</dimen>
<dimen name="x262">982.5px</dimen>
<dimen name="x263">986.2px</dimen>
<dimen name="x264">990.0px</dimen>
<dimen name="x265">993.7px</dimen>
<dimen name="x266">997.5px</dimen>
<dimen name="x267">1001.2px</dimen>
<dimen name="x268">1005.0px</dimen>
<dimen name="x269">1008.7px</dimen>
<dimen name="x270">1012.5px</dimen>
<dimen name="x271">1016.2px</dimen>
<dimen name="x272">1020.0px</dimen>
<dimen name="x273">1023.7px</dimen>
<dimen name="x274">1027.5px</dimen>
<dimen name="x275">1031.2px</dimen>
<dimen name="x276">1035.0px</dimen>
<dimen name="x277">1038.7px</dimen>
<dimen name="x278">1042.5px</dimen>
<dimen name="x279">1046.2px</dimen>
<dimen name="x280">1050.0px</dimen>
<dimen name="x281">1053.7px</dimen>
<dimen name="x282">1057.5px</dimen>
<dimen name="x283">1061.2px</dimen>
<dimen name="x284">1065.0px</dimen>
<dimen name="x285">1068.7px</dimen>
<dimen name="x286">1072.5px</dimen>
<dimen name="x287">1076.2px</dimen>
<dimen name="x288">1080.0px</dimen>
<dimen name="x289">1083.7px</dimen>
<dimen name="x290">1087.5px</dimen>
<dimen name="x291">1091.2px</dimen>
<dimen name="x292">1095.0px</dimen>
<dimen name="x293">1098.7px</dimen>
<dimen name="x294">1102.5px</dimen>
<dimen name="x295">1106.2px</dimen>
<dimen name="x296">1110.0px</dimen>
<dimen name="x297">1113.7px</dimen>
<dimen name="x298">1117.5px</dimen>
<dimen name="x299">1121.2px</dimen>
<dimen name="x300">1125.0px</dimen>
<dimen name="x301">1128.7px</dimen>
<dimen name="x302">1132.5px</dimen>
<dimen name="x303">1136.2px</dimen>
<dimen name="x304">1140.0px</dimen>
<dimen name="x305">1143.7px</dimen>
<dimen name="x306">1147.5px</dimen>
<dimen name="x307">1151.2px</dimen>
<dimen name="x308">1155.0px</dimen>
<dimen name="x309">1158.7px</dimen>
<dimen name="x310">1162.5px</dimen>
<dimen name="x311">1166.2px</dimen>
<dimen name="x312">1170.0px</dimen>
<dimen name="x313">1173.7px</dimen>
<dimen name="x314">1177.5px</dimen>
<dimen name="x315">1181.2px</dimen>
<dimen name="x316">1185.0px</dimen>
<dimen name="x317">1188.7px</dimen>
<dimen name="x318">1192.5px</dimen>
<dimen name="x319">1196.2px</dimen>
<dimen name="x320">1200.0px</dimen>
</resources>