<resources>
<dimen name="y1">3.3px</dimen>
<dimen name="y2">6.6px</dimen>
<dimen name="y3">10.0px</dimen>
<dimen name="y4">13.3px</dimen>
<dimen name="y5">16.6px</dimen>
<dimen name="y6">20.0px</dimen>
<dimen name="y7">23.3px</dimen>
<dimen name="y8">26.6px</dimen>
<dimen name="y9">30.0px</dimen>
<dimen name="y10">33.3px</dimen>
<dimen name="y11">36.6px</dimen>
<dimen name="y12">40.0px</dimen>
<dimen name="y13">43.3px</dimen>
<dimen name="y14">46.6px</dimen>
<dimen name="y15">50.0px</dimen>
<dimen name="y16">53.3px</dimen>
<dimen name="y17">56.6px</dimen>
<dimen name="y18">60.0px</dimen>
<dimen name="y19">63.3px</dimen>
<dimen name="y20">66.6px</dimen>
<dimen name="y21">70.0px</dimen>
<dimen name="y22">73.3px</dimen>
<dimen name="y23">76.6px</dimen>
<dimen name="y24">80.0px</dimen>
<dimen name="y25">83.3px</dimen>
<dimen name="y26">86.6px</dimen>
<dimen name="y27">90.0px</dimen>
<dimen name="y28">93.3px</dimen>
<dimen name="y29">96.6px</dimen>
<dimen name="y30">100.0px</dimen>
<dimen name="y31">103.3px</dimen>
<dimen name="y32">106.6px</dimen>
<dimen name="y33">110.0px</dimen>
<dimen name="y34">113.3px</dimen>
<dimen name="y35">116.6px</dimen>
<dimen name="y36">120.0px</dimen>
<dimen name="y37">123.3px</dimen>
<dimen name="y38">126.6px</dimen>
<dimen name="y39">130.0px</dimen>
<dimen name="y40">133.3px</dimen>
<dimen name="y41">136.6px</dimen>
<dimen name="y42">140.0px</dimen>
<dimen name="y43">143.3px</dimen>
<dimen name="y44">146.6px</dimen>
<dimen name="y45">150.0px</dimen>
<dimen name="y46">153.3px</dimen>
<dimen name="y47">156.6px</dimen>
<dimen name="y48">160.0px</dimen>
<dimen name="y49">163.3px</dimen>
<dimen name="y50">166.6px</dimen>
<dimen name="y51">170.0px</dimen>
<dimen name="y52">173.3px</dimen>
<dimen name="y53">176.6px</dimen>
<dimen name="y54">180.0px</dimen>
<dimen name="y55">183.3px</dimen>
<dimen name="y56">186.6px</dimen>
<dimen name="y57">190.0px</dimen>
<dimen name="y58">193.3px</dimen>
<dimen name="y59">196.6px</dimen>
<dimen name="y60">200.0px</dimen>
<dimen name="y61">203.3px</dimen>
<dimen name="y62">206.6px</dimen>
<dimen name="y63">210.0px</dimen>
<dimen name="y64">213.3px</dimen>
<dimen name="y65">216.6px</dimen>
<dimen name="y66">220.0px</dimen>
<dimen name="y67">223.3px</dimen>
<dimen name="y68">226.6px</dimen>
<dimen name="y69">230.0px</dimen>
<dimen name="y70">233.3px</dimen>
<dimen name="y71">236.6px</dimen>
<dimen name="y72">240.0px</dimen>
<dimen name="y73">243.3px</dimen>
<dimen name="y74">246.6px</dimen>
<dimen name="y75">250.0px</dimen>
<dimen name="y76">253.3px</dimen>
<dimen name="y77">256.6px</dimen>
<dimen name="y78">260.0px</dimen>
<dimen name="y79">263.3px</dimen>
<dimen name="y80">266.6px</dimen>
<dimen name="y81">270.0px</dimen>
<dimen name="y82">273.3px</dimen>
<dimen name="y83">276.6px</dimen>
<dimen name="y84">280.0px</dimen>
<dimen name="y85">283.3px</dimen>
<dimen name="y86">286.6px</dimen>
<dimen name="y87">290.0px</dimen>
<dimen name="y88">293.3px</dimen>
<dimen name="y89">296.6px</dimen>
<dimen name="y90">300.0px</dimen>
<dimen name="y91">303.3px</dimen>
<dimen name="y92">306.6px</dimen>
<dimen name="y93">310.0px</dimen>
<dimen name="y94">313.3px</dimen>
<dimen name="y95">316.6px</dimen>
<dimen name="y96">320.0px</dimen>
<dimen name="y97">323.3px</dimen>
<dimen name="y98">326.6px</dimen>
<dimen name="y99">330.0px</dimen>
<dimen name="y100">333.3px</dimen>
<dimen name="y101">336.6px</dimen>
<dimen name="y102">340.0px</dimen>
<dimen name="y103">343.3px</dimen>
<dimen name="y104">346.6px</dimen>
<dimen name="y105">350.0px</dimen>
<dimen name="y106">353.3px</dimen>
<dimen name="y107">356.6px</dimen>
<dimen name="y108">360.0px</dimen>
<dimen name="y109">363.3px</dimen>
<dimen name="y110">366.6px</dimen>
<dimen name="y111">370.0px</dimen>
<dimen name="y112">373.3px</dimen>
<dimen name="y113">376.6px</dimen>
<dimen name="y114">380.0px</dimen>
<dimen name="y115">383.3px</dimen>
<dimen name="y116">386.6px</dimen>
<dimen name="y117">390.0px</dimen>
<dimen name="y118">393.3px</dimen>
<dimen name="y119">396.6px</dimen>
<dimen name="y120">400.0px</dimen>
<dimen name="y121">403.3px</dimen>
<dimen name="y122">406.6px</dimen>
<dimen name="y123">410.0px</dimen>
<dimen name="y124">413.3px</dimen>
<dimen name="y125">416.6px</dimen>
<dimen name="y126">420.0px</dimen>
<dimen name="y127">423.3px</dimen>
<dimen name="y128">426.6px</dimen>
<dimen name="y129">430.0px</dimen>
<dimen name="y130">433.3px</dimen>
<dimen name="y131">436.6px</dimen>
<dimen name="y132">440.0px</dimen>
<dimen name="y133">443.3px</dimen>
<dimen name="y134">446.6px</dimen>
<dimen name="y135">450.0px</dimen>
<dimen name="y136">453.3px</dimen>
<dimen name="y137">456.6px</dimen>
<dimen name="y138">460.0px</dimen>
<dimen name="y139">463.3px</dimen>
<dimen name="y140">466.6px</dimen>
<dimen name="y141">470.0px</dimen>
<dimen name="y142">473.3px</dimen>
<dimen name="y143">476.6px</dimen>
<dimen name="y144">480.0px</dimen>
<dimen name="y145">483.3px</dimen>
<dimen name="y146">486.6px</dimen>
<dimen name="y147">490.0px</dimen>
<dimen name="y148">493.3px</dimen>
<dimen name="y149">496.6px</dimen>
<dimen name="y150">500.0px</dimen>
<dimen name="y151">503.3px</dimen>
<dimen name="y152">506.6px</dimen>
<dimen name="y153">510.0px</dimen>
<dimen name="y154">513.3px</dimen>
<dimen name="y155">516.6px</dimen>
<dimen name="y156">520.0px</dimen>
<dimen name="y157">523.3px</dimen>
<dimen name="y158">526.6px</dimen>
<dimen name="y159">530.0px</dimen>
<dimen name="y160">533.3px</dimen>
<dimen name="y161">536.6px</dimen>
<dimen name="y162">540.0px</dimen>
<dimen name="y163">543.3px</dimen>
<dimen name="y164">546.6px</dimen>
<dimen name="y165">550.0px</dimen>
<dimen name="y166">553.3px</dimen>
<dimen name="y167">556.6px</dimen>
<dimen name="y168">560.0px</dimen>
<dimen name="y169">563.3px</dimen>
<dimen name="y170">566.6px</dimen>
<dimen name="y171">570.0px</dimen>
<dimen name="y172">573.3px</dimen>
<dimen name="y173">576.6px</dimen>
<dimen name="y174">580.0px</dimen>
<dimen name="y175">583.3px</dimen>
<dimen name="y176">586.6px</dimen>
<dimen name="y177">590.0px</dimen>
<dimen name="y178">593.3px</dimen>
<dimen name="y179">596.6px</dimen>
<dimen name="y180">600.0px</dimen>
<dimen name="y181">603.3px</dimen>
<dimen name="y182">606.6px</dimen>
<dimen name="y183">610.0px</dimen>
<dimen name="y184">613.3px</dimen>
<dimen name="y185">616.6px</dimen>
<dimen name="y186">620.0px</dimen>
<dimen name="y187">623.3px</dimen>
<dimen name="y188">626.6px</dimen>
<dimen name="y189">630.0px</dimen>
<dimen name="y190">633.3px</dimen>
<dimen name="y191">636.6px</dimen>
<dimen name="y192">640.0px</dimen>
<dimen name="y193">643.3px</dimen>
<dimen name="y194">646.6px</dimen>
<dimen name="y195">650.0px</dimen>
<dimen name="y196">653.3px</dimen>
<dimen name="y197">656.6px</dimen>
<dimen name="y198">660.0px</dimen>
<dimen name="y199">663.3px</dimen>
<dimen name="y200">666.6px</dimen>
<dimen name="y201">670.0px</dimen>
<dimen name="y202">673.3px</dimen>
<dimen name="y203">676.6px</dimen>
<dimen name="y204">680.0px</dimen>
<dimen name="y205">683.3px</dimen>
<dimen name="y206">686.6px</dimen>
<dimen name="y207">690.0px</dimen>
<dimen name="y208">693.3px</dimen>
<dimen name="y209">696.6px</dimen>
<dimen name="y210">700.0px</dimen>
<dimen name="y211">703.3px</dimen>
<dimen name="y212">706.6px</dimen>
<dimen name="y213">710.0px</dimen>
<dimen name="y214">713.3px</dimen>
<dimen name="y215">716.6px</dimen>
<dimen name="y216">720.0px</dimen>
<dimen name="y217">723.3px</dimen>
<dimen name="y218">726.6px</dimen>
<dimen name="y219">730.0px</dimen>
<dimen name="y220">733.3px</dimen>
<dimen name="y221">736.6px</dimen>
<dimen name="y222">740.0px</dimen>
<dimen name="y223">743.3px</dimen>
<dimen name="y224">746.6px</dimen>
<dimen name="y225">750.0px</dimen>
<dimen name="y226">753.3px</dimen>
<dimen name="y227">756.6px</dimen>
<dimen name="y228">760.0px</dimen>
<dimen name="y229">763.3px</dimen>
<dimen name="y230">766.6px</dimen>
<dimen name="y231">770.0px</dimen>
<dimen name="y232">773.3px</dimen>
<dimen name="y233">776.6px</dimen>
<dimen name="y234">780.0px</dimen>
<dimen name="y235">783.3px</dimen>
<dimen name="y236">786.6px</dimen>
<dimen name="y237">790.0px</dimen>
<dimen name="y238">793.3px</dimen>
<dimen name="y239">796.6px</dimen>
<dimen name="y240">800.0px</dimen>
<dimen name="y241">803.3px</dimen>
<dimen name="y242">806.6px</dimen>
<dimen name="y243">810.0px</dimen>
<dimen name="y244">813.3px</dimen>
<dimen name="y245">816.6px</dimen>
<dimen name="y246">820.0px</dimen>
<dimen name="y247">823.3px</dimen>
<dimen name="y248">826.6px</dimen>
<dimen name="y249">830.0px</dimen>
<dimen name="y250">833.3px</dimen>
<dimen name="y251">836.6px</dimen>
<dimen name="y252">840.0px</dimen>
<dimen name="y253">843.3px</dimen>
<dimen name="y254">846.6px</dimen>
<dimen name="y255">850.0px</dimen>
<dimen name="y256">853.3px</dimen>
<dimen name="y257">856.6px</dimen>
<dimen name="y258">860.0px</dimen>
<dimen name="y259">863.3px</dimen>
<dimen name="y260">866.6px</dimen>
<dimen name="y261">870.0px</dimen>
<dimen name="y262">873.3px</dimen>
<dimen name="y263">876.6px</dimen>
<dimen name="y264">880.0px</dimen>
<dimen name="y265">883.3px</dimen>
<dimen name="y266">886.6px</dimen>
<dimen name="y267">890.0px</dimen>
<dimen name="y268">893.3px</dimen>
<dimen name="y269">896.6px</dimen>
<dimen name="y270">900.0px</dimen>
<dimen name="y271">903.3px</dimen>
<dimen name="y272">906.6px</dimen>
<dimen name="y273">910.0px</dimen>
<dimen name="y274">913.3px</dimen>
<dimen name="y275">916.6px</dimen>
<dimen name="y276">920.0px</dimen>
<dimen name="y277">923.3px</dimen>
<dimen name="y278">926.6px</dimen>
<dimen name="y279">930.0px</dimen>
<dimen name="y280">933.3px</dimen>
<dimen name="y281">936.6px</dimen>
<dimen name="y282">940.0px</dimen>
<dimen name="y283">943.3px</dimen>
<dimen name="y284">946.6px</dimen>
<dimen name="y285">950.0px</dimen>
<dimen name="y286">953.3px</dimen>
<dimen name="y287">956.6px</dimen>
<dimen name="y288">960.0px</dimen>
<dimen name="y289">963.3px</dimen>
<dimen name="y290">966.6px</dimen>
<dimen name="y291">970.0px</dimen>
<dimen name="y292">973.3px</dimen>
<dimen name="y293">976.6px</dimen>
<dimen name="y294">980.0px</dimen>
<dimen name="y295">983.3px</dimen>
<dimen name="y296">986.6px</dimen>
<dimen name="y297">990.0px</dimen>
<dimen name="y298">993.3px</dimen>
<dimen name="y299">996.6px</dimen>
<dimen name="y300">1000.0px</dimen>
<dimen name="y301">1003.3px</dimen>
<dimen name="y302">1006.6px</dimen>
<dimen name="y303">1010.0px</dimen>
<dimen name="y304">1013.3px</dimen>
<dimen name="y305">1016.6px</dimen>
<dimen name="y306">1020.0px</dimen>
<dimen name="y307">1023.3px</dimen>
<dimen name="y308">1026.6px</dimen>
<dimen name="y309">1030.0px</dimen>
<dimen name="y310">1033.3px</dimen>
<dimen name="y311">1036.6px</dimen>
<dimen name="y312">1040.0px</dimen>
<dimen name="y313">1043.3px</dimen>
<dimen name="y314">1046.6px</dimen>
<dimen name="y315">1050.0px</dimen>
<dimen name="y316">1053.3px</dimen>
<dimen name="y317">1056.6px</dimen>
<dimen name="y318">1060.0px</dimen>
<dimen name="y319">1063.3px</dimen>
<dimen name="y320">1066.6px</dimen>
<dimen name="y321">1070.0px</dimen>
<dimen name="y322">1073.3px</dimen>
<dimen name="y323">1076.6px</dimen>
<dimen name="y324">1080.0px</dimen>
<dimen name="y325">1083.3px</dimen>
<dimen name="y326">1086.6px</dimen>
<dimen name="y327">1090.0px</dimen>
<dimen name="y328">1093.3px</dimen>
<dimen name="y329">1096.6px</dimen>
<dimen name="y330">1100.0px</dimen>
<dimen name="y331">1103.3px</dimen>
<dimen name="y332">1106.6px</dimen>
<dimen name="y333">1110.0px</dimen>
<dimen name="y334">1113.3px</dimen>
<dimen name="y335">1116.6px</dimen>
<dimen name="y336">1120.0px</dimen>
<dimen name="y337">1123.3px</dimen>
<dimen name="y338">1126.6px</dimen>
<dimen name="y339">1130.0px</dimen>
<dimen name="y340">1133.3px</dimen>
<dimen name="y341">1136.6px</dimen>
<dimen name="y342">1140.0px</dimen>
<dimen name="y343">1143.3px</dimen>
<dimen name="y344">1146.6px</dimen>
<dimen name="y345">1150.0px</dimen>
<dimen name="y346">1153.3px</dimen>
<dimen name="y347">1156.6px</dimen>
<dimen name="y348">1160.0px</dimen>
<dimen name="y349">1163.3px</dimen>
<dimen name="y350">1166.6px</dimen>
<dimen name="y351">1170.0px</dimen>
<dimen name="y352">1173.3px</dimen>
<dimen name="y353">1176.6px</dimen>
<dimen name="y354">1180.0px</dimen>
<dimen name="y355">1183.3px</dimen>
<dimen name="y356">1186.6px</dimen>
<dimen name="y357">1190.0px</dimen>
<dimen name="y358">1193.3px</dimen>
<dimen name="y359">1196.6px</dimen>
<dimen name="y360">1200.0px</dimen>
<dimen name="y361">1203.3px</dimen>
<dimen name="y362">1206.6px</dimen>
<dimen name="y363">1210.0px</dimen>
<dimen name="y364">1213.3px</dimen>
<dimen name="y365">1216.6px</dimen>
<dimen name="y366">1220.0px</dimen>
<dimen name="y367">1223.3px</dimen>
<dimen name="y368">1226.6px</dimen>
<dimen name="y369">1230.0px</dimen>
<dimen name="y370">1233.3px</dimen>
<dimen name="y371">1236.6px</dimen>
<dimen name="y372">1240.0px</dimen>
<dimen name="y373">1243.3px</dimen>
<dimen name="y374">1246.6px</dimen>
<dimen name="y375">1250.0px</dimen>
<dimen name="y376">1253.3px</dimen>
<dimen name="y377">1256.6px</dimen>
<dimen name="y378">1260.0px</dimen>
<dimen name="y379">1263.3px</dimen>
<dimen name="y380">1266.6px</dimen>
<dimen name="y381">1270.0px</dimen>
<dimen name="y382">1273.3px</dimen>
<dimen name="y383">1276.6px</dimen>
<dimen name="y384">1280.0px</dimen>
<dimen name="y385">1283.3px</dimen>
<dimen name="y386">1286.6px</dimen>
<dimen name="y387">1290.0px</dimen>
<dimen name="y388">1293.3px</dimen>
<dimen name="y389">1296.6px</dimen>
<dimen name="y390">1300.0px</dimen>
<dimen name="y391">1303.3px</dimen>
<dimen name="y392">1306.6px</dimen>
<dimen name="y393">1310.0px</dimen>
<dimen name="y394">1313.3px</dimen>
<dimen name="y395">1316.6px</dimen>
<dimen name="y396">1320.0px</dimen>
<dimen name="y397">1323.3px</dimen>
<dimen name="y398">1326.6px</dimen>
<dimen name="y399">1330.0px</dimen>
<dimen name="y400">1333.3px</dimen>
<dimen name="y401">1336.6px</dimen>
<dimen name="y402">1340.0px</dimen>
<dimen name="y403">1343.3px</dimen>
<dimen name="y404">1346.6px</dimen>
<dimen name="y405">1350.0px</dimen>
<dimen name="y406">1353.3px</dimen>
<dimen name="y407">1356.6px</dimen>
<dimen name="y408">1360.0px</dimen>
<dimen name="y409">1363.3px</dimen>
<dimen name="y410">1366.6px</dimen>
<dimen name="y411">1370.0px</dimen>
<dimen name="y412">1373.3px</dimen>
<dimen name="y413">1376.6px</dimen>
<dimen name="y414">1380.0px</dimen>
<dimen name="y415">1383.3px</dimen>
<dimen name="y416">1386.6px</dimen>
<dimen name="y417">1390.0px</dimen>
<dimen name="y418">1393.3px</dimen>
<dimen name="y419">1396.6px</dimen>
<dimen name="y420">1400.0px</dimen>
<dimen name="y421">1403.3px</dimen>
<dimen name="y422">1406.6px</dimen>
<dimen name="y423">1410.0px</dimen>
<dimen name="y424">1413.3px</dimen>
<dimen name="y425">1416.6px</dimen>
<dimen name="y426">1420.0px</dimen>
<dimen name="y427">1423.3px</dimen>
<dimen name="y428">1426.6px</dimen>
<dimen name="y429">1430.0px</dimen>
<dimen name="y430">1433.3px</dimen>
<dimen name="y431">1436.6px</dimen>
<dimen name="y432">1440.0px</dimen>
<dimen name="y433">1443.3px</dimen>
<dimen name="y434">1446.6px</dimen>
<dimen name="y435">1450.0px</dimen>
<dimen name="y436">1453.3px</dimen>
<dimen name="y437">1456.6px</dimen>
<dimen name="y438">1460.0px</dimen>
<dimen name="y439">1463.3px</dimen>
<dimen name="y440">1466.6px</dimen>
<dimen name="y441">1470.0px</dimen>
<dimen name="y442">1473.3px</dimen>
<dimen name="y443">1476.6px</dimen>
<dimen name="y444">1480.0px</dimen>
<dimen name="y445">1483.3px</dimen>
<dimen name="y446">1486.6px</dimen>
<dimen name="y447">1490.0px</dimen>
<dimen name="y448">1493.3px</dimen>
<dimen name="y449">1496.6px</dimen>
<dimen name="y450">1500.0px</dimen>
<dimen name="y451">1503.3px</dimen>
<dimen name="y452">1506.6px</dimen>
<dimen name="y453">1510.0px</dimen>
<dimen name="y454">1513.3px</dimen>
<dimen name="y455">1516.6px</dimen>
<dimen name="y456">1520.0px</dimen>
<dimen name="y457">1523.3px</dimen>
<dimen name="y458">1526.6px</dimen>
<dimen name="y459">1530.0px</dimen>
<dimen name="y460">1533.3px</dimen>
<dimen name="y461">1536.6px</dimen>
<dimen name="y462">1540.0px</dimen>
<dimen name="y463">1543.3px</dimen>
<dimen name="y464">1546.6px</dimen>
<dimen name="y465">1550.0px</dimen>
<dimen name="y466">1553.3px</dimen>
<dimen name="y467">1556.6px</dimen>
<dimen name="y468">1560.0px</dimen>
<dimen name="y469">1563.3px</dimen>
<dimen name="y470">1566.6px</dimen>
<dimen name="y471">1570.0px</dimen>
<dimen name="y472">1573.3px</dimen>
<dimen name="y473">1576.6px</dimen>
<dimen name="y474">1580.0px</dimen>
<dimen name="y475">1583.3px</dimen>
<dimen name="y476">1586.6px</dimen>
<dimen name="y477">1590.0px</dimen>
<dimen name="y478">1593.3px</dimen>
<dimen name="y479">1596.6px</dimen>
<dimen name="y480">1600.0px</dimen>
</resources>