<resources>
<dimen name="y1">3.7px</dimen>
<dimen name="y2">7.5px</dimen>
<dimen name="y3">11.3px</dimen>
<dimen name="y4">15.1px</dimen>
<dimen name="y5">18.8px</dimen>
<dimen name="y6">22.6px</dimen>
<dimen name="y7">26.4px</dimen>
<dimen name="y8">30.2px</dimen>
<dimen name="y9">33.9px</dimen>
<dimen name="y10">37.7px</dimen>
<dimen name="y11">41.5px</dimen>
<dimen name="y12">45.3px</dimen>
<dimen name="y13">49.0px</dimen>
<dimen name="y14">52.8px</dimen>
<dimen name="y15">56.6px</dimen>
<dimen name="y16">60.4px</dimen>
<dimen name="y17">64.1px</dimen>
<dimen name="y18">67.9px</dimen>
<dimen name="y19">71.7px</dimen>
<dimen name="y20">75.5px</dimen>
<dimen name="y21">79.2px</dimen>
<dimen name="y22">83.0px</dimen>
<dimen name="y23">86.8px</dimen>
<dimen name="y24">90.6px</dimen>
<dimen name="y25">94.3px</dimen>
<dimen name="y26">98.1px</dimen>
<dimen name="y27">101.9px</dimen>
<dimen name="y28">105.7px</dimen>
<dimen name="y29">109.4px</dimen>
<dimen name="y30">113.2px</dimen>
<dimen name="y31">117.0px</dimen>
<dimen name="y32">120.8px</dimen>
<dimen name="y33">124.5px</dimen>
<dimen name="y34">128.3px</dimen>
<dimen name="y35">132.1px</dimen>
<dimen name="y36">135.9px</dimen>
<dimen name="y37">139.6px</dimen>
<dimen name="y38">143.4px</dimen>
<dimen name="y39">147.2px</dimen>
<dimen name="y40">151.0px</dimen>
<dimen name="y41">154.7px</dimen>
<dimen name="y42">158.5px</dimen>
<dimen name="y43">162.3px</dimen>
<dimen name="y44">166.1px</dimen>
<dimen name="y45">169.8px</dimen>
<dimen name="y46">173.6px</dimen>
<dimen name="y47">177.4px</dimen>
<dimen name="y48">181.2px</dimen>
<dimen name="y49">184.9px</dimen>
<dimen name="y50">188.7px</dimen>
<dimen name="y51">192.5px</dimen>
<dimen name="y52">196.3px</dimen>
<dimen name="y53">200.0px</dimen>
<dimen name="y54">203.8px</dimen>
<dimen name="y55">207.6px</dimen>
<dimen name="y56">211.4px</dimen>
<dimen name="y57">215.1px</dimen>
<dimen name="y58">218.9px</dimen>
<dimen name="y59">222.7px</dimen>
<dimen name="y60">226.5px</dimen>
<dimen name="y61">230.2px</dimen>
<dimen name="y62">234.0px</dimen>
<dimen name="y63">237.8px</dimen>
<dimen name="y64">241.6px</dimen>
<dimen name="y65">245.3px</dimen>
<dimen name="y66">249.1px</dimen>
<dimen name="y67">252.9px</dimen>
<dimen name="y68">256.7px</dimen>
<dimen name="y69">260.4px</dimen>
<dimen name="y70">264.2px</dimen>
<dimen name="y71">268.0px</dimen>
<dimen name="y72">271.8px</dimen>
<dimen name="y73">275.5px</dimen>
<dimen name="y74">279.3px</dimen>
<dimen name="y75">283.1px</dimen>
<dimen name="y76">286.9px</dimen>
<dimen name="y77">290.6px</dimen>
<dimen name="y78">294.4px</dimen>
<dimen name="y79">298.2px</dimen>
<dimen name="y80">302.0px</dimen>
<dimen name="y81">305.7px</dimen>
<dimen name="y82">309.5px</dimen>
<dimen name="y83">313.3px</dimen>
<dimen name="y84">317.1px</dimen>
<dimen name="y85">320.8px</dimen>
<dimen name="y86">324.6px</dimen>
<dimen name="y87">328.4px</dimen>
<dimen name="y88">332.2px</dimen>
<dimen name="y89">335.9px</dimen>
<dimen name="y90">339.7px</dimen>
<dimen name="y91">343.5px</dimen>
<dimen name="y92">347.3px</dimen>
<dimen name="y93">351.0px</dimen>
<dimen name="y94">354.8px</dimen>
<dimen name="y95">358.6px</dimen>
<dimen name="y96">362.4px</dimen>
<dimen name="y97">366.1px</dimen>
<dimen name="y98">369.9px</dimen>
<dimen name="y99">373.7px</dimen>
<dimen name="y100">377.5px</dimen>
<dimen name="y101">381.2px</dimen>
<dimen name="y102">385.0px</dimen>
<dimen name="y103">388.8px</dimen>
<dimen name="y104">392.6px</dimen>
<dimen name="y105">396.3px</dimen>
<dimen name="y106">400.1px</dimen>
<dimen name="y107">403.9px</dimen>
<dimen name="y108">407.7px</dimen>
<dimen name="y109">411.4px</dimen>
<dimen name="y110">415.2px</dimen>
<dimen name="y111">419.0px</dimen>
<dimen name="y112">422.8px</dimen>
<dimen name="y113">426.5px</dimen>
<dimen name="y114">430.3px</dimen>
<dimen name="y115">434.1px</dimen>
<dimen name="y116">437.9px</dimen>
<dimen name="y117">441.6px</dimen>
<dimen name="y118">445.4px</dimen>
<dimen name="y119">449.2px</dimen>
<dimen name="y120">453.0px</dimen>
<dimen name="y121">456.7px</dimen>
<dimen name="y122">460.5px</dimen>
<dimen name="y123">464.3px</dimen>
<dimen name="y124">468.1px</dimen>
<dimen name="y125">471.8px</dimen>
<dimen name="y126">475.6px</dimen>
<dimen name="y127">479.4px</dimen>
<dimen name="y128">483.2px</dimen>
<dimen name="y129">486.9px</dimen>
<dimen name="y130">490.7px</dimen>
<dimen name="y131">494.5px</dimen>
<dimen name="y132">498.3px</dimen>
<dimen name="y133">502.0px</dimen>
<dimen name="y134">505.8px</dimen>
<dimen name="y135">509.6px</dimen>
<dimen name="y136">513.4px</dimen>
<dimen name="y137">517.1px</dimen>
<dimen name="y138">520.9px</dimen>
<dimen name="y139">524.7px</dimen>
<dimen name="y140">528.5px</dimen>
<dimen name="y141">532.2px</dimen>
<dimen name="y142">536.0px</dimen>
<dimen name="y143">539.8px</dimen>
<dimen name="y144">543.6px</dimen>
<dimen name="y145">547.3px</dimen>
<dimen name="y146">551.1px</dimen>
<dimen name="y147">554.9px</dimen>
<dimen name="y148">558.7px</dimen>
<dimen name="y149">562.4px</dimen>
<dimen name="y150">566.2px</dimen>
<dimen name="y151">570.0px</dimen>
<dimen name="y152">573.8px</dimen>
<dimen name="y153">577.5px</dimen>
<dimen name="y154">581.3px</dimen>
<dimen name="y155">585.1px</dimen>
<dimen name="y156">588.9px</dimen>
<dimen name="y157">592.6px</dimen>
<dimen name="y158">596.4px</dimen>
<dimen name="y159">600.2px</dimen>
<dimen name="y160">604.0px</dimen>
<dimen name="y161">607.7px</dimen>
<dimen name="y162">611.5px</dimen>
<dimen name="y163">615.3px</dimen>
<dimen name="y164">619.1px</dimen>
<dimen name="y165">622.8px</dimen>
<dimen name="y166">626.6px</dimen>
<dimen name="y167">630.4px</dimen>
<dimen name="y168">634.2px</dimen>
<dimen name="y169">637.9px</dimen>
<dimen name="y170">641.7px</dimen>
<dimen name="y171">645.5px</dimen>
<dimen name="y172">649.3px</dimen>
<dimen name="y173">653.0px</dimen>
<dimen name="y174">656.8px</dimen>
<dimen name="y175">660.6px</dimen>
<dimen name="y176">664.4px</dimen>
<dimen name="y177">668.1px</dimen>
<dimen name="y178">671.9px</dimen>
<dimen name="y179">675.7px</dimen>
<dimen name="y180">679.5px</dimen>
<dimen name="y181">683.2px</dimen>
<dimen name="y182">687.0px</dimen>
<dimen name="y183">690.8px</dimen>
<dimen name="y184">694.6px</dimen>
<dimen name="y185">698.3px</dimen>
<dimen name="y186">702.1px</dimen>
<dimen name="y187">705.9px</dimen>
<dimen name="y188">709.7px</dimen>
<dimen name="y189">713.4px</dimen>
<dimen name="y190">717.2px</dimen>
<dimen name="y191">721.0px</dimen>
<dimen name="y192">724.8px</dimen>
<dimen name="y193">728.5px</dimen>
<dimen name="y194">732.3px</dimen>
<dimen name="y195">736.1px</dimen>
<dimen name="y196">739.9px</dimen>
<dimen name="y197">743.6px</dimen>
<dimen name="y198">747.4px</dimen>
<dimen name="y199">751.2px</dimen>
<dimen name="y200">755.0px</dimen>
<dimen name="y201">758.7px</dimen>
<dimen name="y202">762.5px</dimen>
<dimen name="y203">766.3px</dimen>
<dimen name="y204">770.1px</dimen>
<dimen name="y205">773.8px</dimen>
<dimen name="y206">777.6px</dimen>
<dimen name="y207">781.4px</dimen>
<dimen name="y208">785.2px</dimen>
<dimen name="y209">788.9px</dimen>
<dimen name="y210">792.7px</dimen>
<dimen name="y211">796.5px</dimen>
<dimen name="y212">800.3px</dimen>
<dimen name="y213">804.0px</dimen>
<dimen name="y214">807.8px</dimen>
<dimen name="y215">811.6px</dimen>
<dimen name="y216">815.4px</dimen>
<dimen name="y217">819.1px</dimen>
<dimen name="y218">822.9px</dimen>
<dimen name="y219">826.7px</dimen>
<dimen name="y220">830.5px</dimen>
<dimen name="y221">834.2px</dimen>
<dimen name="y222">838.0px</dimen>
<dimen name="y223">841.8px</dimen>
<dimen name="y224">845.6px</dimen>
<dimen name="y225">849.3px</dimen>
<dimen name="y226">853.1px</dimen>
<dimen name="y227">856.9px</dimen>
<dimen name="y228">860.7px</dimen>
<dimen name="y229">864.4px</dimen>
<dimen name="y230">868.2px</dimen>
<dimen name="y231">872.0px</dimen>
<dimen name="y232">875.8px</dimen>
<dimen name="y233">879.5px</dimen>
<dimen name="y234">883.3px</dimen>
<dimen name="y235">887.1px</dimen>
<dimen name="y236">890.9px</dimen>
<dimen name="y237">894.6px</dimen>
<dimen name="y238">898.4px</dimen>
<dimen name="y239">902.2px</dimen>
<dimen name="y240">906.0px</dimen>
<dimen name="y241">909.7px</dimen>
<dimen name="y242">913.5px</dimen>
<dimen name="y243">917.3px</dimen>
<dimen name="y244">921.1px</dimen>
<dimen name="y245">924.8px</dimen>
<dimen name="y246">928.6px</dimen>
<dimen name="y247">932.4px</dimen>
<dimen name="y248">936.2px</dimen>
<dimen name="y249">939.9px</dimen>
<dimen name="y250">943.7px</dimen>
<dimen name="y251">947.5px</dimen>
<dimen name="y252">951.3px</dimen>
<dimen name="y253">955.0px</dimen>
<dimen name="y254">958.8px</dimen>
<dimen name="y255">962.6px</dimen>
<dimen name="y256">966.4px</dimen>
<dimen name="y257">970.1px</dimen>
<dimen name="y258">973.9px</dimen>
<dimen name="y259">977.7px</dimen>
<dimen name="y260">981.5px</dimen>
<dimen name="y261">985.2px</dimen>
<dimen name="y262">989.0px</dimen>
<dimen name="y263">992.8px</dimen>
<dimen name="y264">996.6px</dimen>
<dimen name="y265">1000.3px</dimen>
<dimen name="y266">1004.1px</dimen>
<dimen name="y267">1007.9px</dimen>
<dimen name="y268">1011.7px</dimen>
<dimen name="y269">1015.4px</dimen>
<dimen name="y270">1019.2px</dimen>
<dimen name="y271">1023.0px</dimen>
<dimen name="y272">1026.8px</dimen>
<dimen name="y273">1030.5px</dimen>
<dimen name="y274">1034.3px</dimen>
<dimen name="y275">1038.1px</dimen>
<dimen name="y276">1041.9px</dimen>
<dimen name="y277">1045.6px</dimen>
<dimen name="y278">1049.4px</dimen>
<dimen name="y279">1053.2px</dimen>
<dimen name="y280">1057.0px</dimen>
<dimen name="y281">1060.7px</dimen>
<dimen name="y282">1064.5px</dimen>
<dimen name="y283">1068.3px</dimen>
<dimen name="y284">1072.1px</dimen>
<dimen name="y285">1075.8px</dimen>
<dimen name="y286">1079.6px</dimen>
<dimen name="y287">1083.4px</dimen>
<dimen name="y288">1087.2px</dimen>
<dimen name="y289">1090.9px</dimen>
<dimen name="y290">1094.7px</dimen>
<dimen name="y291">1098.5px</dimen>
<dimen name="y292">1102.3px</dimen>
<dimen name="y293">1106.0px</dimen>
<dimen name="y294">1109.8px</dimen>
<dimen name="y295">1113.6px</dimen>
<dimen name="y296">1117.4px</dimen>
<dimen name="y297">1121.1px</dimen>
<dimen name="y298">1124.9px</dimen>
<dimen name="y299">1128.7px</dimen>
<dimen name="y300">1132.5px</dimen>
<dimen name="y301">1136.2px</dimen>
<dimen name="y302">1140.0px</dimen>
<dimen name="y303">1143.8px</dimen>
<dimen name="y304">1147.6px</dimen>
<dimen name="y305">1151.3px</dimen>
<dimen name="y306">1155.1px</dimen>
<dimen name="y307">1158.9px</dimen>
<dimen name="y308">1162.7px</dimen>
<dimen name="y309">1166.4px</dimen>
<dimen name="y310">1170.2px</dimen>
<dimen name="y311">1174.0px</dimen>
<dimen name="y312">1177.8px</dimen>
<dimen name="y313">1181.5px</dimen>
<dimen name="y314">1185.3px</dimen>
<dimen name="y315">1189.1px</dimen>
<dimen name="y316">1192.9px</dimen>
<dimen name="y317">1196.6px</dimen>
<dimen name="y318">1200.4px</dimen>
<dimen name="y319">1204.2px</dimen>
<dimen name="y320">1208.0px</dimen>
<dimen name="y321">1211.7px</dimen>
<dimen name="y322">1215.5px</dimen>
<dimen name="y323">1219.3px</dimen>
<dimen name="y324">1223.1px</dimen>
<dimen name="y325">1226.8px</dimen>
<dimen name="y326">1230.6px</dimen>
<dimen name="y327">1234.4px</dimen>
<dimen name="y328">1238.2px</dimen>
<dimen name="y329">1241.9px</dimen>
<dimen name="y330">1245.7px</dimen>
<dimen name="y331">1249.5px</dimen>
<dimen name="y332">1253.3px</dimen>
<dimen name="y333">1257.0px</dimen>
<dimen name="y334">1260.8px</dimen>
<dimen name="y335">1264.6px</dimen>
<dimen name="y336">1268.4px</dimen>
<dimen name="y337">1272.1px</dimen>
<dimen name="y338">1275.9px</dimen>
<dimen name="y339">1279.7px</dimen>
<dimen name="y340">1283.5px</dimen>
<dimen name="y341">1287.2px</dimen>
<dimen name="y342">1291.0px</dimen>
<dimen name="y343">1294.8px</dimen>
<dimen name="y344">1298.6px</dimen>
<dimen name="y345">1302.3px</dimen>
<dimen name="y346">1306.1px</dimen>
<dimen name="y347">1309.9px</dimen>
<dimen name="y348">1313.7px</dimen>
<dimen name="y349">1317.4px</dimen>
<dimen name="y350">1321.2px</dimen>
<dimen name="y351">1325.0px</dimen>
<dimen name="y352">1328.8px</dimen>
<dimen name="y353">1332.5px</dimen>
<dimen name="y354">1336.3px</dimen>
<dimen name="y355">1340.1px</dimen>
<dimen name="y356">1343.9px</dimen>
<dimen name="y357">1347.6px</dimen>
<dimen name="y358">1351.4px</dimen>
<dimen name="y359">1355.2px</dimen>
<dimen name="y360">1359.0px</dimen>
<dimen name="y361">1362.7px</dimen>
<dimen name="y362">1366.5px</dimen>
<dimen name="y363">1370.3px</dimen>
<dimen name="y364">1374.1px</dimen>
<dimen name="y365">1377.8px</dimen>
<dimen name="y366">1381.6px</dimen>
<dimen name="y367">1385.4px</dimen>
<dimen name="y368">1389.2px</dimen>
<dimen name="y369">1392.9px</dimen>
<dimen name="y370">1396.7px</dimen>
<dimen name="y371">1400.5px</dimen>
<dimen name="y372">1404.3px</dimen>
<dimen name="y373">1408.0px</dimen>
<dimen name="y374">1411.8px</dimen>
<dimen name="y375">1415.6px</dimen>
<dimen name="y376">1419.4px</dimen>
<dimen name="y377">1423.1px</dimen>
<dimen name="y378">1426.9px</dimen>
<dimen name="y379">1430.7px</dimen>
<dimen name="y380">1434.5px</dimen>
<dimen name="y381">1438.2px</dimen>
<dimen name="y382">1442.0px</dimen>
<dimen name="y383">1445.8px</dimen>
<dimen name="y384">1449.6px</dimen>
<dimen name="y385">1453.3px</dimen>
<dimen name="y386">1457.1px</dimen>
<dimen name="y387">1460.9px</dimen>
<dimen name="y388">1464.7px</dimen>
<dimen name="y389">1468.4px</dimen>
<dimen name="y390">1472.2px</dimen>
<dimen name="y391">1476.0px</dimen>
<dimen name="y392">1479.8px</dimen>
<dimen name="y393">1483.5px</dimen>
<dimen name="y394">1487.3px</dimen>
<dimen name="y395">1491.1px</dimen>
<dimen name="y396">1494.9px</dimen>
<dimen name="y397">1498.6px</dimen>
<dimen name="y398">1502.4px</dimen>
<dimen name="y399">1506.2px</dimen>
<dimen name="y400">1510.0px</dimen>
<dimen name="y401">1513.7px</dimen>
<dimen name="y402">1517.5px</dimen>
<dimen name="y403">1521.3px</dimen>
<dimen name="y404">1525.1px</dimen>
<dimen name="y405">1528.8px</dimen>
<dimen name="y406">1532.6px</dimen>
<dimen name="y407">1536.4px</dimen>
<dimen name="y408">1540.2px</dimen>
<dimen name="y409">1543.9px</dimen>
<dimen name="y410">1547.7px</dimen>
<dimen name="y411">1551.5px</dimen>
<dimen name="y412">1555.3px</dimen>
<dimen name="y413">1559.0px</dimen>
<dimen name="y414">1562.8px</dimen>
<dimen name="y415">1566.6px</dimen>
<dimen name="y416">1570.4px</dimen>
<dimen name="y417">1574.1px</dimen>
<dimen name="y418">1577.9px</dimen>
<dimen name="y419">1581.7px</dimen>
<dimen name="y420">1585.5px</dimen>
<dimen name="y421">1589.2px</dimen>
<dimen name="y422">1593.0px</dimen>
<dimen name="y423">1596.8px</dimen>
<dimen name="y424">1600.6px</dimen>
<dimen name="y425">1604.3px</dimen>
<dimen name="y426">1608.1px</dimen>
<dimen name="y427">1611.9px</dimen>
<dimen name="y428">1615.7px</dimen>
<dimen name="y429">1619.4px</dimen>
<dimen name="y430">1623.2px</dimen>
<dimen name="y431">1627.0px</dimen>
<dimen name="y432">1630.8px</dimen>
<dimen name="y433">1634.5px</dimen>
<dimen name="y434">1638.3px</dimen>
<dimen name="y435">1642.1px</dimen>
<dimen name="y436">1645.9px</dimen>
<dimen name="y437">1649.6px</dimen>
<dimen name="y438">1653.4px</dimen>
<dimen name="y439">1657.2px</dimen>
<dimen name="y440">1661.0px</dimen>
<dimen name="y441">1664.7px</dimen>
<dimen name="y442">1668.5px</dimen>
<dimen name="y443">1672.3px</dimen>
<dimen name="y444">1676.1px</dimen>
<dimen name="y445">1679.8px</dimen>
<dimen name="y446">1683.6px</dimen>
<dimen name="y447">1687.4px</dimen>
<dimen name="y448">1691.2px</dimen>
<dimen name="y449">1694.9px</dimen>
<dimen name="y450">1698.7px</dimen>
<dimen name="y451">1702.5px</dimen>
<dimen name="y452">1706.3px</dimen>
<dimen name="y453">1710.0px</dimen>
<dimen name="y454">1713.8px</dimen>
<dimen name="y455">1717.6px</dimen>
<dimen name="y456">1721.4px</dimen>
<dimen name="y457">1725.1px</dimen>
<dimen name="y458">1728.9px</dimen>
<dimen name="y459">1732.7px</dimen>
<dimen name="y460">1736.5px</dimen>
<dimen name="y461">1740.2px</dimen>
<dimen name="y462">1744.0px</dimen>
<dimen name="y463">1747.8px</dimen>
<dimen name="y464">1751.6px</dimen>
<dimen name="y465">1755.3px</dimen>
<dimen name="y466">1759.1px</dimen>
<dimen name="y467">1762.9px</dimen>
<dimen name="y468">1766.7px</dimen>
<dimen name="y469">1770.4px</dimen>
<dimen name="y470">1774.2px</dimen>
<dimen name="y471">1778.0px</dimen>
<dimen name="y472">1781.8px</dimen>
<dimen name="y473">1785.5px</dimen>
<dimen name="y474">1789.3px</dimen>
<dimen name="y475">1793.1px</dimen>
<dimen name="y476">1796.9px</dimen>
<dimen name="y477">1800.6px</dimen>
<dimen name="y478">1804.4px</dimen>
<dimen name="y479">1808.2px</dimen>
<dimen name="y480">1812.0px</dimen>
</resources>