<resources>
<dimen name="y1">4.9px</dimen>
<dimen name="y2">9.9px</dimen>
<dimen name="y3">14.9px</dimen>
<dimen name="y4">19.9px</dimen>
<dimen name="y5">24.9px</dimen>
<dimen name="y6">29.8px</dimen>
<dimen name="y7">34.8px</dimen>
<dimen name="y8">39.8px</dimen>
<dimen name="y9">44.8px</dimen>
<dimen name="y10">49.8px</dimen>
<dimen name="y11">54.8px</dimen>
<dimen name="y12">59.7px</dimen>
<dimen name="y13">64.7px</dimen>
<dimen name="y14">69.7px</dimen>
<dimen name="y15">74.7px</dimen>
<dimen name="y16">79.7px</dimen>
<dimen name="y17">84.7px</dimen>
<dimen name="y18">89.7px</dimen>
<dimen name="y19">94.6px</dimen>
<dimen name="y20">99.6px</dimen>
<dimen name="y21">104.6px</dimen>
<dimen name="y22">109.6px</dimen>
<dimen name="y23">114.6px</dimen>
<dimen name="y24">119.5px</dimen>
<dimen name="y25">124.5px</dimen>
<dimen name="y26">129.5px</dimen>
<dimen name="y27">134.5px</dimen>
<dimen name="y28">139.5px</dimen>
<dimen name="y29">144.5px</dimen>
<dimen name="y30">149.5px</dimen>
<dimen name="y31">154.4px</dimen>
<dimen name="y32">159.4px</dimen>
<dimen name="y33">164.4px</dimen>
<dimen name="y34">169.4px</dimen>
<dimen name="y35">174.4px</dimen>
<dimen name="y36">179.4px</dimen>
<dimen name="y37">184.3px</dimen>
<dimen name="y38">189.3px</dimen>
<dimen name="y39">194.3px</dimen>
<dimen name="y40">199.3px</dimen>
<dimen name="y41">204.3px</dimen>
<dimen name="y42">209.3px</dimen>
<dimen name="y43">214.2px</dimen>
<dimen name="y44">219.2px</dimen>
<dimen name="y45">224.2px</dimen>
<dimen name="y46">229.2px</dimen>
<dimen name="y47">234.2px</dimen>
<dimen name="y48">239.1px</dimen>
<dimen name="y49">244.1px</dimen>
<dimen name="y50">249.1px</dimen>
<dimen name="y51">254.1px</dimen>
<dimen name="y52">259.1px</dimen>
<dimen name="y53">264.1px</dimen>
<dimen name="y54">269.0px</dimen>
<dimen name="y55">274.0px</dimen>
<dimen name="y56">279.0px</dimen>
<dimen name="y57">284.0px</dimen>
<dimen name="y58">289.0px</dimen>
<dimen name="y59">294.0px</dimen>
<dimen name="y60">299.0px</dimen>
<dimen name="y61">303.9px</dimen>
<dimen name="y62">308.9px</dimen>
<dimen name="y63">313.9px</dimen>
<dimen name="y64">318.9px</dimen>
<dimen name="y65">323.9px</dimen>
<dimen name="y66">328.9px</dimen>
<dimen name="y67">333.8px</dimen>
<dimen name="y68">338.8px</dimen>
<dimen name="y69">343.8px</dimen>
<dimen name="y70">348.8px</dimen>
<dimen name="y71">353.8px</dimen>
<dimen name="y72">358.8px</dimen>
<dimen name="y73">363.7px</dimen>
<dimen name="y74">368.7px</dimen>
<dimen name="y75">373.7px</dimen>
<dimen name="y76">378.7px</dimen>
<dimen name="y77">383.7px</dimen>
<dimen name="y78">388.6px</dimen>
<dimen name="y79">393.6px</dimen>
<dimen name="y80">398.6px</dimen>
<dimen name="y81">403.6px</dimen>
<dimen name="y82">408.6px</dimen>
<dimen name="y83">413.6px</dimen>
<dimen name="y84">418.6px</dimen>
<dimen name="y85">423.5px</dimen>
<dimen name="y86">428.5px</dimen>
<dimen name="y87">433.5px</dimen>
<dimen name="y88">438.5px</dimen>
<dimen name="y89">443.5px</dimen>
<dimen name="y90">448.4px</dimen>
<dimen name="y91">453.4px</dimen>
<dimen name="y92">458.4px</dimen>
<dimen name="y93">463.4px</dimen>
<dimen name="y94">468.4px</dimen>
<dimen name="y95">473.4px</dimen>
<dimen name="y96">478.3px</dimen>
<dimen name="y97">483.3px</dimen>
<dimen name="y98">488.3px</dimen>
<dimen name="y99">493.3px</dimen>
<dimen name="y100">498.3px</dimen>
<dimen name="y101">503.3px</dimen>
<dimen name="y102">508.3px</dimen>
<dimen name="y103">513.2px</dimen>
<dimen name="y104">518.2px</dimen>
<dimen name="y105">523.2px</dimen>
<dimen name="y106">528.2px</dimen>
<dimen name="y107">533.2px</dimen>
<dimen name="y108">538.1px</dimen>
<dimen name="y109">543.1px</dimen>
<dimen name="y110">548.1px</dimen>
<dimen name="y111">553.1px</dimen>
<dimen name="y112">558.1px</dimen>
<dimen name="y113">563.1px</dimen>
<dimen name="y114">568.1px</dimen>
<dimen name="y115">573.0px</dimen>
<dimen name="y116">578.0px</dimen>
<dimen name="y117">583.0px</dimen>
<dimen name="y118">588.0px</dimen>
<dimen name="y119">593.0px</dimen>
<dimen name="y120">598.0px</dimen>
<dimen name="y121">602.9px</dimen>
<dimen name="y122">607.9px</dimen>
<dimen name="y123">612.9px</dimen>
<dimen name="y124">617.9px</dimen>
<dimen name="y125">622.9px</dimen>
<dimen name="y126">627.8px</dimen>
<dimen name="y127">632.8px</dimen>
<dimen name="y128">637.8px</dimen>
<dimen name="y129">642.8px</dimen>
<dimen name="y130">647.8px</dimen>
<dimen name="y131">652.8px</dimen>
<dimen name="y132">657.8px</dimen>
<dimen name="y133">662.7px</dimen>
<dimen name="y134">667.7px</dimen>
<dimen name="y135">672.7px</dimen>
<dimen name="y136">677.7px</dimen>
<dimen name="y137">682.7px</dimen>
<dimen name="y138">687.6px</dimen>
<dimen name="y139">692.6px</dimen>
<dimen name="y140">697.6px</dimen>
<dimen name="y141">702.6px</dimen>
<dimen name="y142">707.6px</dimen>
<dimen name="y143">712.6px</dimen>
<dimen name="y144">717.6px</dimen>
<dimen name="y145">722.5px</dimen>
<dimen name="y146">727.5px</dimen>
<dimen name="y147">732.5px</dimen>
<dimen name="y148">737.5px</dimen>
<dimen name="y149">742.5px</dimen>
<dimen name="y150">747.4px</dimen>
<dimen name="y151">752.4px</dimen>
<dimen name="y152">757.4px</dimen>
<dimen name="y153">762.4px</dimen>
<dimen name="y154">767.4px</dimen>
<dimen name="y155">772.4px</dimen>
<dimen name="y156">777.3px</dimen>
<dimen name="y157">782.3px</dimen>
<dimen name="y158">787.3px</dimen>
<dimen name="y159">792.3px</dimen>
<dimen name="y160">797.3px</dimen>
<dimen name="y161">802.3px</dimen>
<dimen name="y162">807.3px</dimen>
<dimen name="y163">812.2px</dimen>
<dimen name="y164">817.2px</dimen>
<dimen name="y165">822.2px</dimen>
<dimen name="y166">827.2px</dimen>
<dimen name="y167">832.2px</dimen>
<dimen name="y168">837.2px</dimen>
<dimen name="y169">842.1px</dimen>
<dimen name="y170">847.1px</dimen>
<dimen name="y171">852.1px</dimen>
<dimen name="y172">857.1px</dimen>
<dimen name="y173">862.1px</dimen>
<dimen name="y174">867.1px</dimen>
<dimen name="y175">872.0px</dimen>
<dimen name="y176">877.0px</dimen>
<dimen name="y177">882.0px</dimen>
<dimen name="y178">887.0px</dimen>
<dimen name="y179">892.0px</dimen>
<dimen name="y180">896.9px</dimen>
<dimen name="y181">901.9px</dimen>
<dimen name="y182">906.9px</dimen>
<dimen name="y183">911.9px</dimen>
<dimen name="y184">916.9px</dimen>
<dimen name="y185">921.9px</dimen>
<dimen name="y186">926.9px</dimen>
<dimen name="y187">931.8px</dimen>
<dimen name="y188">936.8px</dimen>
<dimen name="y189">941.8px</dimen>
<dimen name="y190">946.8px</dimen>
<dimen name="y191">951.8px</dimen>
<dimen name="y192">956.7px</dimen>
<dimen name="y193">961.7px</dimen>
<dimen name="y194">966.7px</dimen>
<dimen name="y195">971.7px</dimen>
<dimen name="y196">976.7px</dimen>
<dimen name="y197">981.7px</dimen>
<dimen name="y198">986.7px</dimen>
<dimen name="y199">991.6px</dimen>
<dimen name="y200">996.6px</dimen>
<dimen name="y201">1001.6px</dimen>
<dimen name="y202">1006.6px</dimen>
<dimen name="y203">1011.6px</dimen>
<dimen name="y204">1016.6px</dimen>
<dimen name="y205">1021.5px</dimen>
<dimen name="y206">1026.5px</dimen>
<dimen name="y207">1031.5px</dimen>
<dimen name="y208">1036.5px</dimen>
<dimen name="y209">1041.5px</dimen>
<dimen name="y210">1046.5px</dimen>
<dimen name="y211">1051.4px</dimen>
<dimen name="y212">1056.4px</dimen>
<dimen name="y213">1061.4px</dimen>
<dimen name="y214">1066.4px</dimen>
<dimen name="y215">1071.4px</dimen>
<dimen name="y216">1076.3px</dimen>
<dimen name="y217">1081.3px</dimen>
<dimen name="y218">1086.3px</dimen>
<dimen name="y219">1091.3px</dimen>
<dimen name="y220">1096.3px</dimen>
<dimen name="y221">1101.3px</dimen>
<dimen name="y222">1106.2px</dimen>
<dimen name="y223">1111.2px</dimen>
<dimen name="y224">1116.2px</dimen>
<dimen name="y225">1121.2px</dimen>
<dimen name="y226">1126.2px</dimen>
<dimen name="y227">1131.2px</dimen>
<dimen name="y228">1136.2px</dimen>
<dimen name="y229">1141.1px</dimen>
<dimen name="y230">1146.1px</dimen>
<dimen name="y231">1151.1px</dimen>
<dimen name="y232">1156.1px</dimen>
<dimen name="y233">1161.1px</dimen>
<dimen name="y234">1166.1px</dimen>
<dimen name="y235">1171.0px</dimen>
<dimen name="y236">1176.0px</dimen>
<dimen name="y237">1181.0px</dimen>
<dimen name="y238">1186.0px</dimen>
<dimen name="y239">1191.0px</dimen>
<dimen name="y240">1196.0px</dimen>
<dimen name="y241">1200.9px</dimen>
<dimen name="y242">1205.9px</dimen>
<dimen name="y243">1210.9px</dimen>
<dimen name="y244">1215.9px</dimen>
<dimen name="y245">1220.9px</dimen>
<dimen name="y246">1225.8px</dimen>
<dimen name="y247">1230.8px</dimen>
<dimen name="y248">1235.8px</dimen>
<dimen name="y249">1240.8px</dimen>
<dimen name="y250">1245.8px</dimen>
<dimen name="y251">1250.8px</dimen>
<dimen name="y252">1255.7px</dimen>
<dimen name="y253">1260.7px</dimen>
<dimen name="y254">1265.7px</dimen>
<dimen name="y255">1270.7px</dimen>
<dimen name="y256">1275.7px</dimen>
<dimen name="y257">1280.7px</dimen>
<dimen name="y258">1285.7px</dimen>
<dimen name="y259">1290.6px</dimen>
<dimen name="y260">1295.6px</dimen>
<dimen name="y261">1300.6px</dimen>
<dimen name="y262">1305.6px</dimen>
<dimen name="y263">1310.6px</dimen>
<dimen name="y264">1315.6px</dimen>
<dimen name="y265">1320.5px</dimen>
<dimen name="y266">1325.5px</dimen>
<dimen name="y267">1330.5px</dimen>
<dimen name="y268">1335.5px</dimen>
<dimen name="y269">1340.5px</dimen>
<dimen name="y270">1345.5px</dimen>
<dimen name="y271">1350.4px</dimen>
<dimen name="y272">1355.4px</dimen>
<dimen name="y273">1360.4px</dimen>
<dimen name="y274">1365.4px</dimen>
<dimen name="y275">1370.4px</dimen>
<dimen name="y276">1375.3px</dimen>
<dimen name="y277">1380.3px</dimen>
<dimen name="y278">1385.3px</dimen>
<dimen name="y279">1390.3px</dimen>
<dimen name="y280">1395.3px</dimen>
<dimen name="y281">1400.3px</dimen>
<dimen name="y282">1405.2px</dimen>
<dimen name="y283">1410.2px</dimen>
<dimen name="y284">1415.2px</dimen>
<dimen name="y285">1420.2px</dimen>
<dimen name="y286">1425.2px</dimen>
<dimen name="y287">1430.2px</dimen>
<dimen name="y288">1435.2px</dimen>
<dimen name="y289">1440.1px</dimen>
<dimen name="y290">1445.1px</dimen>
<dimen name="y291">1450.1px</dimen>
<dimen name="y292">1455.1px</dimen>
<dimen name="y293">1460.1px</dimen>
<dimen name="y294">1465.1px</dimen>
<dimen name="y295">1470.0px</dimen>
<dimen name="y296">1475.0px</dimen>
<dimen name="y297">1480.0px</dimen>
<dimen name="y298">1485.0px</dimen>
<dimen name="y299">1490.0px</dimen>
<dimen name="y300">1494.9px</dimen>
<dimen name="y301">1499.9px</dimen>
<dimen name="y302">1504.9px</dimen>
<dimen name="y303">1509.9px</dimen>
<dimen name="y304">1514.9px</dimen>
<dimen name="y305">1519.9px</dimen>
<dimen name="y306">1524.8px</dimen>
<dimen name="y307">1529.8px</dimen>
<dimen name="y308">1534.8px</dimen>
<dimen name="y309">1539.8px</dimen>
<dimen name="y310">1544.8px</dimen>
<dimen name="y311">1549.8px</dimen>
<dimen name="y312">1554.7px</dimen>
<dimen name="y313">1559.7px</dimen>
<dimen name="y314">1564.7px</dimen>
<dimen name="y315">1569.7px</dimen>
<dimen name="y316">1574.7px</dimen>
<dimen name="y317">1579.7px</dimen>
<dimen name="y318">1584.7px</dimen>
<dimen name="y319">1589.6px</dimen>
<dimen name="y320">1594.6px</dimen>
<dimen name="y321">1599.6px</dimen>
<dimen name="y322">1604.6px</dimen>
<dimen name="y323">1609.6px</dimen>
<dimen name="y324">1614.6px</dimen>
<dimen name="y325">1619.5px</dimen>
<dimen name="y326">1624.5px</dimen>
<dimen name="y327">1629.5px</dimen>
<dimen name="y328">1634.5px</dimen>
<dimen name="y329">1639.5px</dimen>
<dimen name="y330">1644.4px</dimen>
<dimen name="y331">1649.4px</dimen>
<dimen name="y332">1654.4px</dimen>
<dimen name="y333">1659.4px</dimen>
<dimen name="y334">1664.4px</dimen>
<dimen name="y335">1669.4px</dimen>
<dimen name="y336">1674.4px</dimen>
<dimen name="y337">1679.3px</dimen>
<dimen name="y338">1684.3px</dimen>
<dimen name="y339">1689.3px</dimen>
<dimen name="y340">1694.3px</dimen>
<dimen name="y341">1699.3px</dimen>
<dimen name="y342">1704.3px</dimen>
<dimen name="y343">1709.2px</dimen>
<dimen name="y344">1714.2px</dimen>
<dimen name="y345">1719.2px</dimen>
<dimen name="y346">1724.2px</dimen>
<dimen name="y347">1729.2px</dimen>
<dimen name="y348">1734.2px</dimen>
<dimen name="y349">1739.1px</dimen>
<dimen name="y350">1744.1px</dimen>
<dimen name="y351">1749.1px</dimen>
<dimen name="y352">1754.1px</dimen>
<dimen name="y353">1759.1px</dimen>
<dimen name="y354">1764.1px</dimen>
<dimen name="y355">1769.0px</dimen>
<dimen name="y356">1774.0px</dimen>
<dimen name="y357">1779.0px</dimen>
<dimen name="y358">1784.0px</dimen>
<dimen name="y359">1789.0px</dimen>
<dimen name="y360">1793.9px</dimen>
<dimen name="y361">1798.9px</dimen>
<dimen name="y362">1803.9px</dimen>
<dimen name="y363">1808.9px</dimen>
<dimen name="y364">1813.9px</dimen>
<dimen name="y365">1818.9px</dimen>
<dimen name="y366">1823.9px</dimen>
<dimen name="y367">1828.8px</dimen>
<dimen name="y368">1833.8px</dimen>
<dimen name="y369">1838.8px</dimen>
<dimen name="y370">1843.8px</dimen>
<dimen name="y371">1848.8px</dimen>
<dimen name="y372">1853.8px</dimen>
<dimen name="y373">1858.7px</dimen>
<dimen name="y374">1863.7px</dimen>
<dimen name="y375">1868.7px</dimen>
<dimen name="y376">1873.7px</dimen>
<dimen name="y377">1878.7px</dimen>
<dimen name="y378">1883.7px</dimen>
<dimen name="y379">1888.6px</dimen>
<dimen name="y380">1893.6px</dimen>
<dimen name="y381">1898.6px</dimen>
<dimen name="y382">1903.6px</dimen>
<dimen name="y383">1908.6px</dimen>
<dimen name="y384">1913.5px</dimen>
<dimen name="y385">1918.5px</dimen>
<dimen name="y386">1923.5px</dimen>
<dimen name="y387">1928.5px</dimen>
<dimen name="y388">1933.5px</dimen>
<dimen name="y389">1938.5px</dimen>
<dimen name="y390">1943.4px</dimen>
<dimen name="y391">1948.4px</dimen>
<dimen name="y392">1953.4px</dimen>
<dimen name="y393">1958.4px</dimen>
<dimen name="y394">1963.4px</dimen>
<dimen name="y395">1968.4px</dimen>
<dimen name="y396">1973.4px</dimen>
<dimen name="y397">1978.3px</dimen>
<dimen name="y398">1983.3px</dimen>
<dimen name="y399">1988.3px</dimen>
<dimen name="y400">1993.3px</dimen>
<dimen name="y401">1998.3px</dimen>
<dimen name="y402">2003.3px</dimen>
<dimen name="y403">2008.2px</dimen>
<dimen name="y404">2013.2px</dimen>
<dimen name="y405">2018.2px</dimen>
<dimen name="y406">2023.2px</dimen>
<dimen name="y407">2028.2px</dimen>
<dimen name="y408">2033.2px</dimen>
<dimen name="y409">2038.1px</dimen>
<dimen name="y410">2043.1px</dimen>
<dimen name="y411">2048.1px</dimen>
<dimen name="y412">2053.1px</dimen>
<dimen name="y413">2058.1px</dimen>
<dimen name="y414">2063.0px</dimen>
<dimen name="y415">2068.0px</dimen>
<dimen name="y416">2073.0px</dimen>
<dimen name="y417">2078.0px</dimen>
<dimen name="y418">2083.0px</dimen>
<dimen name="y419">2088.0px</dimen>
<dimen name="y420">2093.0px</dimen>
<dimen name="y421">2097.9px</dimen>
<dimen name="y422">2102.9px</dimen>
<dimen name="y423">2107.9px</dimen>
<dimen name="y424">2112.9px</dimen>
<dimen name="y425">2117.9px</dimen>
<dimen name="y426">2122.9px</dimen>
<dimen name="y427">2127.8px</dimen>
<dimen name="y428">2132.8px</dimen>
<dimen name="y429">2137.8px</dimen>
<dimen name="y430">2142.8px</dimen>
<dimen name="y431">2147.8px</dimen>
<dimen name="y432">2152.7px</dimen>
<dimen name="y433">2157.7px</dimen>
<dimen name="y434">2162.7px</dimen>
<dimen name="y435">2167.7px</dimen>
<dimen name="y436">2172.7px</dimen>
<dimen name="y437">2177.7px</dimen>
<dimen name="y438">2182.7px</dimen>
<dimen name="y439">2187.6px</dimen>
<dimen name="y440">2192.6px</dimen>
<dimen name="y441">2197.6px</dimen>
<dimen name="y442">2202.6px</dimen>
<dimen name="y443">2207.6px</dimen>
<dimen name="y444">2212.5px</dimen>
<dimen name="y445">2217.5px</dimen>
<dimen name="y446">2222.5px</dimen>
<dimen name="y447">2227.5px</dimen>
<dimen name="y448">2232.5px</dimen>
<dimen name="y449">2237.5px</dimen>
<dimen name="y450">2242.5px</dimen>
<dimen name="y451">2247.4px</dimen>
<dimen name="y452">2252.4px</dimen>
<dimen name="y453">2257.4px</dimen>
<dimen name="y454">2262.4px</dimen>
<dimen name="y455">2267.4px</dimen>
<dimen name="y456">2272.4px</dimen>
<dimen name="y457">2277.3px</dimen>
<dimen name="y458">2282.3px</dimen>
<dimen name="y459">2287.3px</dimen>
<dimen name="y460">2292.3px</dimen>
<dimen name="y461">2297.3px</dimen>
<dimen name="y462">2302.2px</dimen>
<dimen name="y463">2307.2px</dimen>
<dimen name="y464">2312.2px</dimen>
<dimen name="y465">2317.2px</dimen>
<dimen name="y466">2322.2px</dimen>
<dimen name="y467">2327.2px</dimen>
<dimen name="y468">2332.2px</dimen>
<dimen name="y469">2337.1px</dimen>
<dimen name="y470">2342.1px</dimen>
<dimen name="y471">2347.1px</dimen>
<dimen name="y472">2352.1px</dimen>
<dimen name="y473">2357.1px</dimen>
<dimen name="y474">2362.0px</dimen>
<dimen name="y475">2367.0px</dimen>
<dimen name="y476">2372.0px</dimen>
<dimen name="y477">2377.0px</dimen>
<dimen name="y478">2382.0px</dimen>
<dimen name="y479">2387.0px</dimen>
<dimen name="y480">2392.0px</dimen>
</resources>