<resources>
<dimen name="y1">2.4px</dimen>
<dimen name="y2">4.9px</dimen>
<dimen name="y3">7.4px</dimen>
<dimen name="y4">9.8px</dimen>
<dimen name="y5">12.3px</dimen>
<dimen name="y6">14.8px</dimen>
<dimen name="y7">17.2px</dimen>
<dimen name="y8">19.7px</dimen>
<dimen name="y9">22.2px</dimen>
<dimen name="y10">24.6px</dimen>
<dimen name="y11">27.1px</dimen>
<dimen name="y12">29.6px</dimen>
<dimen name="y13">32.0px</dimen>
<dimen name="y14">34.5px</dimen>
<dimen name="y15">37.0px</dimen>
<dimen name="y16">39.4px</dimen>
<dimen name="y17">41.9px</dimen>
<dimen name="y18">44.4px</dimen>
<dimen name="y19">46.8px</dimen>
<dimen name="y20">49.3px</dimen>
<dimen name="y21">51.8px</dimen>
<dimen name="y22">54.2px</dimen>
<dimen name="y23">56.7px</dimen>
<dimen name="y24">59.2px</dimen>
<dimen name="y25">61.6px</dimen>
<dimen name="y26">64.1px</dimen>
<dimen name="y27">66.6px</dimen>
<dimen name="y28">69.0px</dimen>
<dimen name="y29">71.5px</dimen>
<dimen name="y30">74.0px</dimen>
<dimen name="y31">76.4px</dimen>
<dimen name="y32">78.9px</dimen>
<dimen name="y33">81.4px</dimen>
<dimen name="y34">83.8px</dimen>
<dimen name="y35">86.3px</dimen>
<dimen name="y36">88.8px</dimen>
<dimen name="y37">91.2px</dimen>
<dimen name="y38">93.7px</dimen>
<dimen name="y39">96.2px</dimen>
<dimen name="y40">98.6px</dimen>
<dimen name="y41">101.1px</dimen>
<dimen name="y42">103.6px</dimen>
<dimen name="y43">106.0px</dimen>
<dimen name="y44">108.5px</dimen>
<dimen name="y45">111.0px</dimen>
<dimen name="y46">113.4px</dimen>
<dimen name="y47">115.9px</dimen>
<dimen name="y48">118.4px</dimen>
<dimen name="y49">120.8px</dimen>
<dimen name="y50">123.3px</dimen>
<dimen name="y51">125.8px</dimen>
<dimen name="y52">128.2px</dimen>
<dimen name="y53">130.7px</dimen>
<dimen name="y54">133.2px</dimen>
<dimen name="y55">135.6px</dimen>
<dimen name="y56">138.1px</dimen>
<dimen name="y57">140.6px</dimen>
<dimen name="y58">143.0px</dimen>
<dimen name="y59">145.5px</dimen>
<dimen name="y60">148.0px</dimen>
<dimen name="y61">150.4px</dimen>
<dimen name="y62">152.9px</dimen>
<dimen name="y63">155.4px</dimen>
<dimen name="y64">157.8px</dimen>
<dimen name="y65">160.3px</dimen>
<dimen name="y66">162.8px</dimen>
<dimen name="y67">165.2px</dimen>
<dimen name="y68">167.7px</dimen>
<dimen name="y69">170.2px</dimen>
<dimen name="y70">172.6px</dimen>
<dimen name="y71">175.1px</dimen>
<dimen name="y72">177.6px</dimen>
<dimen name="y73">180.0px</dimen>
<dimen name="y74">182.5px</dimen>
<dimen name="y75">185.0px</dimen>
<dimen name="y76">187.4px</dimen>
<dimen name="y77">189.9px</dimen>
<dimen name="y78">192.4px</dimen>
<dimen name="y79">194.8px</dimen>
<dimen name="y80">197.3px</dimen>
<dimen name="y81">199.8px</dimen>
<dimen name="y82">202.2px</dimen>
<dimen name="y83">204.7px</dimen>
<dimen name="y84">207.2px</dimen>
<dimen name="y85">209.6px</dimen>
<dimen name="y86">212.1px</dimen>
<dimen name="y87">214.6px</dimen>
<dimen name="y88">217.0px</dimen>
<dimen name="y89">219.5px</dimen>
<dimen name="y90">222.0px</dimen>
<dimen name="y91">224.4px</dimen>
<dimen name="y92">226.9px</dimen>
<dimen name="y93">229.4px</dimen>
<dimen name="y94">231.8px</dimen>
<dimen name="y95">234.3px</dimen>
<dimen name="y96">236.8px</dimen>
<dimen name="y97">239.2px</dimen>
<dimen name="y98">241.7px</dimen>
<dimen name="y99">244.2px</dimen>
<dimen name="y100">246.6px</dimen>
<dimen name="y101">249.1px</dimen>
<dimen name="y102">251.6px</dimen>
<dimen name="y103">254.0px</dimen>
<dimen name="y104">256.5px</dimen>
<dimen name="y105">259.0px</dimen>
<dimen name="y106">261.4px</dimen>
<dimen name="y107">263.9px</dimen>
<dimen name="y108">266.4px</dimen>
<dimen name="y109">268.8px</dimen>
<dimen name="y110">271.3px</dimen>
<dimen name="y111">273.8px</dimen>
<dimen name="y112">276.2px</dimen>
<dimen name="y113">278.7px</dimen>
<dimen name="y114">281.2px</dimen>
<dimen name="y115">283.6px</dimen>
<dimen name="y116">286.1px</dimen>
<dimen name="y117">288.6px</dimen>
<dimen name="y118">291.0px</dimen>
<dimen name="y119">293.5px</dimen>
<dimen name="y120">296.0px</dimen>
<dimen name="y121">298.4px</dimen>
<dimen name="y122">300.9px</dimen>
<dimen name="y123">303.4px</dimen>
<dimen name="y124">305.8px</dimen>
<dimen name="y125">308.3px</dimen>
<dimen name="y126">310.8px</dimen>
<dimen name="y127">313.2px</dimen>
<dimen name="y128">315.7px</dimen>
<dimen name="y129">318.2px</dimen>
<dimen name="y130">320.6px</dimen>
<dimen name="y131">323.1px</dimen>
<dimen name="y132">325.6px</dimen>
<dimen name="y133">328.0px</dimen>
<dimen name="y134">330.5px</dimen>
<dimen name="y135">333.0px</dimen>
<dimen name="y136">335.4px</dimen>
<dimen name="y137">337.9px</dimen>
<dimen name="y138">340.4px</dimen>
<dimen name="y139">342.8px</dimen>
<dimen name="y140">345.3px</dimen>
<dimen name="y141">347.8px</dimen>
<dimen name="y142">350.2px</dimen>
<dimen name="y143">352.7px</dimen>
<dimen name="y144">355.2px</dimen>
<dimen name="y145">357.6px</dimen>
<dimen name="y146">360.1px</dimen>
<dimen name="y147">362.6px</dimen>
<dimen name="y148">365.0px</dimen>
<dimen name="y149">367.5px</dimen>
<dimen name="y150">370.0px</dimen>
<dimen name="y151">372.4px</dimen>
<dimen name="y152">374.9px</dimen>
<dimen name="y153">377.4px</dimen>
<dimen name="y154">379.8px</dimen>
<dimen name="y155">382.3px</dimen>
<dimen name="y156">384.8px</dimen>
<dimen name="y157">387.2px</dimen>
<dimen name="y158">389.7px</dimen>
<dimen name="y159">392.2px</dimen>
<dimen name="y160">394.6px</dimen>
<dimen name="y161">397.1px</dimen>
<dimen name="y162">399.6px</dimen>
<dimen name="y163">402.0px</dimen>
<dimen name="y164">404.5px</dimen>
<dimen name="y165">407.0px</dimen>
<dimen name="y166">409.4px</dimen>
<dimen name="y167">411.9px</dimen>
<dimen name="y168">414.4px</dimen>
<dimen name="y169">416.8px</dimen>
<dimen name="y170">419.3px</dimen>
<dimen name="y171">421.8px</dimen>
<dimen name="y172">424.2px</dimen>
<dimen name="y173">426.7px</dimen>
<dimen name="y174">429.2px</dimen>
<dimen name="y175">431.6px</dimen>
<dimen name="y176">434.1px</dimen>
<dimen name="y177">436.6px</dimen>
<dimen name="y178">439.0px</dimen>
<dimen name="y179">441.5px</dimen>
<dimen name="y180">444.0px</dimen>
<dimen name="y181">446.4px</dimen>
<dimen name="y182">448.9px</dimen>
<dimen name="y183">451.4px</dimen>
<dimen name="y184">453.8px</dimen>
<dimen name="y185">456.3px</dimen>
<dimen name="y186">458.8px</dimen>
<dimen name="y187">461.2px</dimen>
<dimen name="y188">463.7px</dimen>
<dimen name="y189">466.2px</dimen>
<dimen name="y190">468.6px</dimen>
<dimen name="y191">471.1px</dimen>
<dimen name="y192">473.6px</dimen>
<dimen name="y193">476.0px</dimen>
<dimen name="y194">478.5px</dimen>
<dimen name="y195">481.0px</dimen>
<dimen name="y196">483.4px</dimen>
<dimen name="y197">485.9px</dimen>
<dimen name="y198">488.4px</dimen>
<dimen name="y199">490.8px</dimen>
<dimen name="y200">493.3px</dimen>
<dimen name="y201">495.8px</dimen>
<dimen name="y202">498.2px</dimen>
<dimen name="y203">500.7px</dimen>
<dimen name="y204">503.2px</dimen>
<dimen name="y205">505.6px</dimen>
<dimen name="y206">508.1px</dimen>
<dimen name="y207">510.6px</dimen>
<dimen name="y208">513.0px</dimen>
<dimen name="y209">515.5px</dimen>
<dimen name="y210">518.0px</dimen>
<dimen name="y211">520.4px</dimen>
<dimen name="y212">522.9px</dimen>
<dimen name="y213">525.4px</dimen>
<dimen name="y214">527.8px</dimen>
<dimen name="y215">530.3px</dimen>
<dimen name="y216">532.8px</dimen>
<dimen name="y217">535.2px</dimen>
<dimen name="y218">537.7px</dimen>
<dimen name="y219">540.2px</dimen>
<dimen name="y220">542.6px</dimen>
<dimen name="y221">545.1px</dimen>
<dimen name="y222">547.6px</dimen>
<dimen name="y223">550.0px</dimen>
<dimen name="y224">552.5px</dimen>
<dimen name="y225">555.0px</dimen>
<dimen name="y226">557.4px</dimen>
<dimen name="y227">559.9px</dimen>
<dimen name="y228">562.4px</dimen>
<dimen name="y229">564.8px</dimen>
<dimen name="y230">567.3px</dimen>
<dimen name="y231">569.8px</dimen>
<dimen name="y232">572.2px</dimen>
<dimen name="y233">574.7px</dimen>
<dimen name="y234">577.2px</dimen>
<dimen name="y235">579.6px</dimen>
<dimen name="y236">582.1px</dimen>
<dimen name="y237">584.6px</dimen>
<dimen name="y238">587.0px</dimen>
<dimen name="y239">589.5px</dimen>
<dimen name="y240">592.0px</dimen>
<dimen name="y241">594.4px</dimen>
<dimen name="y242">596.9px</dimen>
<dimen name="y243">599.4px</dimen>
<dimen name="y244">601.8px</dimen>
<dimen name="y245">604.3px</dimen>
<dimen name="y246">606.8px</dimen>
<dimen name="y247">609.2px</dimen>
<dimen name="y248">611.7px</dimen>
<dimen name="y249">614.2px</dimen>
<dimen name="y250">616.6px</dimen>
<dimen name="y251">619.1px</dimen>
<dimen name="y252">621.6px</dimen>
<dimen name="y253">624.0px</dimen>
<dimen name="y254">626.5px</dimen>
<dimen name="y255">629.0px</dimen>
<dimen name="y256">631.4px</dimen>
<dimen name="y257">633.9px</dimen>
<dimen name="y258">636.4px</dimen>
<dimen name="y259">638.8px</dimen>
<dimen name="y260">641.3px</dimen>
<dimen name="y261">643.8px</dimen>
<dimen name="y262">646.2px</dimen>
<dimen name="y263">648.7px</dimen>
<dimen name="y264">651.2px</dimen>
<dimen name="y265">653.6px</dimen>
<dimen name="y266">656.1px</dimen>
<dimen name="y267">658.6px</dimen>
<dimen name="y268">661.0px</dimen>
<dimen name="y269">663.5px</dimen>
<dimen name="y270">666.0px</dimen>
<dimen name="y271">668.4px</dimen>
<dimen name="y272">670.9px</dimen>
<dimen name="y273">673.4px</dimen>
<dimen name="y274">675.8px</dimen>
<dimen name="y275">678.3px</dimen>
<dimen name="y276">680.8px</dimen>
<dimen name="y277">683.2px</dimen>
<dimen name="y278">685.7px</dimen>
<dimen name="y279">688.2px</dimen>
<dimen name="y280">690.6px</dimen>
<dimen name="y281">693.1px</dimen>
<dimen name="y282">695.6px</dimen>
<dimen name="y283">698.0px</dimen>
<dimen name="y284">700.5px</dimen>
<dimen name="y285">703.0px</dimen>
<dimen name="y286">705.4px</dimen>
<dimen name="y287">707.9px</dimen>
<dimen name="y288">710.4px</dimen>
<dimen name="y289">712.8px</dimen>
<dimen name="y290">715.3px</dimen>
<dimen name="y291">717.8px</dimen>
<dimen name="y292">720.2px</dimen>
<dimen name="y293">722.7px</dimen>
<dimen name="y294">725.2px</dimen>
<dimen name="y295">727.6px</dimen>
<dimen name="y296">730.1px</dimen>
<dimen name="y297">732.6px</dimen>
<dimen name="y298">735.0px</dimen>
<dimen name="y299">737.5px</dimen>
<dimen name="y300">740.0px</dimen>
<dimen name="y301">742.4px</dimen>
<dimen name="y302">744.9px</dimen>
<dimen name="y303">747.4px</dimen>
<dimen name="y304">749.8px</dimen>
<dimen name="y305">752.3px</dimen>
<dimen name="y306">754.8px</dimen>
<dimen name="y307">757.2px</dimen>
<dimen name="y308">759.7px</dimen>
<dimen name="y309">762.2px</dimen>
<dimen name="y310">764.6px</dimen>
<dimen name="y311">767.1px</dimen>
<dimen name="y312">769.6px</dimen>
<dimen name="y313">772.0px</dimen>
<dimen name="y314">774.5px</dimen>
<dimen name="y315">777.0px</dimen>
<dimen name="y316">779.4px</dimen>
<dimen name="y317">781.9px</dimen>
<dimen name="y318">784.4px</dimen>
<dimen name="y319">786.8px</dimen>
<dimen name="y320">789.3px</dimen>
<dimen name="y321">791.8px</dimen>
<dimen name="y322">794.2px</dimen>
<dimen name="y323">796.7px</dimen>
<dimen name="y324">799.2px</dimen>
<dimen name="y325">801.6px</dimen>
<dimen name="y326">804.1px</dimen>
<dimen name="y327">806.6px</dimen>
<dimen name="y328">809.0px</dimen>
<dimen name="y329">811.5px</dimen>
<dimen name="y330">814.0px</dimen>
<dimen name="y331">816.4px</dimen>
<dimen name="y332">818.9px</dimen>
<dimen name="y333">821.4px</dimen>
<dimen name="y334">823.8px</dimen>
<dimen name="y335">826.3px</dimen>
<dimen name="y336">828.8px</dimen>
<dimen name="y337">831.2px</dimen>
<dimen name="y338">833.7px</dimen>
<dimen name="y339">836.2px</dimen>
<dimen name="y340">838.6px</dimen>
<dimen name="y341">841.1px</dimen>
<dimen name="y342">843.6px</dimen>
<dimen name="y343">846.0px</dimen>
<dimen name="y344">848.5px</dimen>
<dimen name="y345">851.0px</dimen>
<dimen name="y346">853.4px</dimen>
<dimen name="y347">855.9px</dimen>
<dimen name="y348">858.4px</dimen>
<dimen name="y349">860.8px</dimen>
<dimen name="y350">863.3px</dimen>
<dimen name="y351">865.8px</dimen>
<dimen name="y352">868.2px</dimen>
<dimen name="y353">870.7px</dimen>
<dimen name="y354">873.2px</dimen>
<dimen name="y355">875.6px</dimen>
<dimen name="y356">878.1px</dimen>
<dimen name="y357">880.6px</dimen>
<dimen name="y358">883.0px</dimen>
<dimen name="y359">885.5px</dimen>
<dimen name="y360">888.0px</dimen>
<dimen name="y361">890.4px</dimen>
<dimen name="y362">892.9px</dimen>
<dimen name="y363">895.4px</dimen>
<dimen name="y364">897.8px</dimen>
<dimen name="y365">900.3px</dimen>
<dimen name="y366">902.8px</dimen>
<dimen name="y367">905.2px</dimen>
<dimen name="y368">907.7px</dimen>
<dimen name="y369">910.2px</dimen>
<dimen name="y370">912.6px</dimen>
<dimen name="y371">915.1px</dimen>
<dimen name="y372">917.6px</dimen>
<dimen name="y373">920.0px</dimen>
<dimen name="y374">922.5px</dimen>
<dimen name="y375">925.0px</dimen>
<dimen name="y376">927.4px</dimen>
<dimen name="y377">929.9px</dimen>
<dimen name="y378">932.4px</dimen>
<dimen name="y379">934.8px</dimen>
<dimen name="y380">937.3px</dimen>
<dimen name="y381">939.8px</dimen>
<dimen name="y382">942.2px</dimen>
<dimen name="y383">944.7px</dimen>
<dimen name="y384">947.2px</dimen>
<dimen name="y385">949.6px</dimen>
<dimen name="y386">952.1px</dimen>
<dimen name="y387">954.6px</dimen>
<dimen name="y388">957.0px</dimen>
<dimen name="y389">959.5px</dimen>
<dimen name="y390">962.0px</dimen>
<dimen name="y391">964.4px</dimen>
<dimen name="y392">966.9px</dimen>
<dimen name="y393">969.4px</dimen>
<dimen name="y394">971.8px</dimen>
<dimen name="y395">974.3px</dimen>
<dimen name="y396">976.8px</dimen>
<dimen name="y397">979.2px</dimen>
<dimen name="y398">981.7px</dimen>
<dimen name="y399">984.2px</dimen>
<dimen name="y400">986.6px</dimen>
<dimen name="y401">989.1px</dimen>
<dimen name="y402">991.6px</dimen>
<dimen name="y403">994.0px</dimen>
<dimen name="y404">996.5px</dimen>
<dimen name="y405">999.0px</dimen>
<dimen name="y406">1001.4px</dimen>
<dimen name="y407">1003.9px</dimen>
<dimen name="y408">1006.4px</dimen>
<dimen name="y409">1008.8px</dimen>
<dimen name="y410">1011.3px</dimen>
<dimen name="y411">1013.8px</dimen>
<dimen name="y412">1016.2px</dimen>
<dimen name="y413">1018.7px</dimen>
<dimen name="y414">1021.2px</dimen>
<dimen name="y415">1023.6px</dimen>
<dimen name="y416">1026.1px</dimen>
<dimen name="y417">1028.6px</dimen>
<dimen name="y418">1031.0px</dimen>
<dimen name="y419">1033.5px</dimen>
<dimen name="y420">1036.0px</dimen>
<dimen name="y421">1038.4px</dimen>
<dimen name="y422">1040.9px</dimen>
<dimen name="y423">1043.4px</dimen>
<dimen name="y424">1045.8px</dimen>
<dimen name="y425">1048.3px</dimen>
<dimen name="y426">1050.8px</dimen>
<dimen name="y427">1053.2px</dimen>
<dimen name="y428">1055.7px</dimen>
<dimen name="y429">1058.2px</dimen>
<dimen name="y430">1060.6px</dimen>
<dimen name="y431">1063.1px</dimen>
<dimen name="y432">1065.6px</dimen>
<dimen name="y433">1068.0px</dimen>
<dimen name="y434">1070.5px</dimen>
<dimen name="y435">1073.0px</dimen>
<dimen name="y436">1075.4px</dimen>
<dimen name="y437">1077.9px</dimen>
<dimen name="y438">1080.4px</dimen>
<dimen name="y439">1082.8px</dimen>
<dimen name="y440">1085.3px</dimen>
<dimen name="y441">1087.8px</dimen>
<dimen name="y442">1090.2px</dimen>
<dimen name="y443">1092.7px</dimen>
<dimen name="y444">1095.2px</dimen>
<dimen name="y445">1097.6px</dimen>
<dimen name="y446">1100.1px</dimen>
<dimen name="y447">1102.6px</dimen>
<dimen name="y448">1105.0px</dimen>
<dimen name="y449">1107.5px</dimen>
<dimen name="y450">1110.0px</dimen>
<dimen name="y451">1112.4px</dimen>
<dimen name="y452">1114.9px</dimen>
<dimen name="y453">1117.4px</dimen>
<dimen name="y454">1119.8px</dimen>
<dimen name="y455">1122.3px</dimen>
<dimen name="y456">1124.8px</dimen>
<dimen name="y457">1127.2px</dimen>
<dimen name="y458">1129.7px</dimen>
<dimen name="y459">1132.2px</dimen>
<dimen name="y460">1134.6px</dimen>
<dimen name="y461">1137.1px</dimen>
<dimen name="y462">1139.6px</dimen>
<dimen name="y463">1142.0px</dimen>
<dimen name="y464">1144.5px</dimen>
<dimen name="y465">1147.0px</dimen>
<dimen name="y466">1149.4px</dimen>
<dimen name="y467">1151.9px</dimen>
<dimen name="y468">1154.4px</dimen>
<dimen name="y469">1156.8px</dimen>
<dimen name="y470">1159.3px</dimen>
<dimen name="y471">1161.8px</dimen>
<dimen name="y472">1164.2px</dimen>
<dimen name="y473">1166.7px</dimen>
<dimen name="y474">1169.2px</dimen>
<dimen name="y475">1171.6px</dimen>
<dimen name="y476">1174.1px</dimen>
<dimen name="y477">1176.6px</dimen>
<dimen name="y478">1179.0px</dimen>
<dimen name="y479">1181.5px</dimen>
<dimen name="y480">1184.0px</dimen>
</resources>