<resources>
<dimen name="x1">1.7px</dimen>
<dimen name="x2">3.4px</dimen>
<dimen name="x3">5.1px</dimen>
<dimen name="x4">6.9px</dimen>
<dimen name="x5">8.6px</dimen>
<dimen name="x6">10.3px</dimen>
<dimen name="x7">12.0px</dimen>
<dimen name="x8">13.8px</dimen>
<dimen name="x9">15.5px</dimen>
<dimen name="x10">17.2px</dimen>
<dimen name="x11">18.9px</dimen>
<dimen name="x12">20.7px</dimen>
<dimen name="x13">22.4px</dimen>
<dimen name="x14">24.1px</dimen>
<dimen name="x15">25.8px</dimen>
<dimen name="x16">27.6px</dimen>
<dimen name="x17">29.3px</dimen>
<dimen name="x18">31.0px</dimen>
<dimen name="x19">32.7px</dimen>
<dimen name="x20">34.5px</dimen>
<dimen name="x21">36.2px</dimen>
<dimen name="x22">37.9px</dimen>
<dimen name="x23">39.6px</dimen>
<dimen name="x24">41.4px</dimen>
<dimen name="x25">43.1px</dimen>
<dimen name="x26">44.8px</dimen>
<dimen name="x27">46.5px</dimen>
<dimen name="x28">48.3px</dimen>
<dimen name="x29">50.0px</dimen>
<dimen name="x30">51.7px</dimen>
<dimen name="x31">53.4px</dimen>
<dimen name="x32">55.2px</dimen>
<dimen name="x33">56.9px</dimen>
<dimen name="x34">58.6px</dimen>
<dimen name="x35">60.3px</dimen>
<dimen name="x36">62.1px</dimen>
<dimen name="x37">63.8px</dimen>
<dimen name="x38">65.5px</dimen>
<dimen name="x39">67.2px</dimen>
<dimen name="x40">69.0px</dimen>
<dimen name="x41">70.7px</dimen>
<dimen name="x42">72.4px</dimen>
<dimen name="x43">74.1px</dimen>
<dimen name="x44">75.9px</dimen>
<dimen name="x45">77.6px</dimen>
<dimen name="x46">79.3px</dimen>
<dimen name="x47">81.0px</dimen>
<dimen name="x48">82.8px</dimen>
<dimen name="x49">84.5px</dimen>
<dimen name="x50">86.2px</dimen>
<dimen name="x51">87.9px</dimen>
<dimen name="x52">89.7px</dimen>
<dimen name="x53">91.4px</dimen>
<dimen name="x54">93.1px</dimen>
<dimen name="x55">94.8px</dimen>
<dimen name="x56">96.6px</dimen>
<dimen name="x57">98.3px</dimen>
<dimen name="x58">100.0px</dimen>
<dimen name="x59">101.7px</dimen>
<dimen name="x60">103.5px</dimen>
<dimen name="x61">105.2px</dimen>
<dimen name="x62">106.9px</dimen>
<dimen name="x63">108.6px</dimen>
<dimen name="x64">110.4px</dimen>
<dimen name="x65">112.1px</dimen>
<dimen name="x66">113.8px</dimen>
<dimen name="x67">115.5px</dimen>
<dimen name="x68">117.3px</dimen>
<dimen name="x69">119.0px</dimen>
<dimen name="x70">120.7px</dimen>
<dimen name="x71">122.4px</dimen>
<dimen name="x72">124.2px</dimen>
<dimen name="x73">125.9px</dimen>
<dimen name="x74">127.6px</dimen>
<dimen name="x75">129.3px</dimen>
<dimen name="x76">131.1px</dimen>
<dimen name="x77">132.8px</dimen>
<dimen name="x78">134.5px</dimen>
<dimen name="x79">136.2px</dimen>
<dimen name="x80">138.0px</dimen>
<dimen name="x81">139.7px</dimen>
<dimen name="x82">141.4px</dimen>
<dimen name="x83">143.1px</dimen>
<dimen name="x84">144.9px</dimen>
<dimen name="x85">146.6px</dimen>
<dimen name="x86">148.3px</dimen>
<dimen name="x87">150.0px</dimen>
<dimen name="x88">151.8px</dimen>
<dimen name="x89">153.5px</dimen>
<dimen name="x90">155.2px</dimen>
<dimen name="x91">156.9px</dimen>
<dimen name="x92">158.7px</dimen>
<dimen name="x93">160.4px</dimen>
<dimen name="x94">162.1px</dimen>
<dimen name="x95">163.8px</dimen>
<dimen name="x96">165.6px</dimen>
<dimen name="x97">167.3px</dimen>
<dimen name="x98">169.0px</dimen>
<dimen name="x99">170.7px</dimen>
<dimen name="x100">172.5px</dimen>
<dimen name="x101">174.2px</dimen>
<dimen name="x102">175.9px</dimen>
<dimen name="x103">177.6px</dimen>
<dimen name="x104">179.4px</dimen>
<dimen name="x105">181.1px</dimen>
<dimen name="x106">182.8px</dimen>
<dimen name="x107">184.5px</dimen>
<dimen name="x108">186.3px</dimen>
<dimen name="x109">188.0px</dimen>
<dimen name="x110">189.7px</dimen>
<dimen name="x111">191.4px</dimen>
<dimen name="x112">193.2px</dimen>
<dimen name="x113">194.9px</dimen>
<dimen name="x114">196.6px</dimen>
<dimen name="x115">198.3px</dimen>
<dimen name="x116">200.1px</dimen>
<dimen name="x117">201.8px</dimen>
<dimen name="x118">203.5px</dimen>
<dimen name="x119">205.2px</dimen>
<dimen name="x120">207.0px</dimen>
<dimen name="x121">208.7px</dimen>
<dimen name="x122">210.4px</dimen>
<dimen name="x123">212.1px</dimen>
<dimen name="x124">213.9px</dimen>
<dimen name="x125">215.6px</dimen>
<dimen name="x126">217.3px</dimen>
<dimen name="x127">219.0px</dimen>
<dimen name="x128">220.8px</dimen>
<dimen name="x129">222.5px</dimen>
<dimen name="x130">224.2px</dimen>
<dimen name="x131">225.9px</dimen>
<dimen name="x132">227.7px</dimen>
<dimen name="x133">229.4px</dimen>
<dimen name="x134">231.1px</dimen>
<dimen name="x135">232.8px</dimen>
<dimen name="x136">234.6px</dimen>
<dimen name="x137">236.3px</dimen>
<dimen name="x138">238.0px</dimen>
<dimen name="x139">239.7px</dimen>
<dimen name="x140">241.5px</dimen>
<dimen name="x141">243.2px</dimen>
<dimen name="x142">244.9px</dimen>
<dimen name="x143">246.6px</dimen>
<dimen name="x144">248.4px</dimen>
<dimen name="x145">250.1px</dimen>
<dimen name="x146">251.8px</dimen>
<dimen name="x147">253.5px</dimen>
<dimen name="x148">255.3px</dimen>
<dimen name="x149">257.0px</dimen>
<dimen name="x150">258.7px</dimen>
<dimen name="x151">260.4px</dimen>
<dimen name="x152">262.2px</dimen>
<dimen name="x153">263.9px</dimen>
<dimen name="x154">265.6px</dimen>
<dimen name="x155">267.3px</dimen>
<dimen name="x156">269.1px</dimen>
<dimen name="x157">270.8px</dimen>
<dimen name="x158">272.5px</dimen>
<dimen name="x159">274.2px</dimen>
<dimen name="x160">276.0px</dimen>
<dimen name="x161">277.7px</dimen>
<dimen name="x162">279.4px</dimen>
<dimen name="x163">281.1px</dimen>
<dimen name="x164">282.9px</dimen>
<dimen name="x165">284.6px</dimen>
<dimen name="x166">286.3px</dimen>
<dimen name="x167">288.0px</dimen>
<dimen name="x168">289.8px</dimen>
<dimen name="x169">291.5px</dimen>
<dimen name="x170">293.2px</dimen>
<dimen name="x171">294.9px</dimen>
<dimen name="x172">296.7px</dimen>
<dimen name="x173">298.4px</dimen>
<dimen name="x174">300.1px</dimen>
<dimen name="x175">301.8px</dimen>
<dimen name="x176">303.6px</dimen>
<dimen name="x177">305.3px</dimen>
<dimen name="x178">307.0px</dimen>
<dimen name="x179">308.7px</dimen>
<dimen name="x180">310.5px</dimen>
<dimen name="x181">312.2px</dimen>
<dimen name="x182">313.9px</dimen>
<dimen name="x183">315.6px</dimen>
<dimen name="x184">317.4px</dimen>
<dimen name="x185">319.1px</dimen>
<dimen name="x186">320.8px</dimen>
<dimen name="x187">322.5px</dimen>
<dimen name="x188">324.3px</dimen>
<dimen name="x189">326.0px</dimen>
<dimen name="x190">327.7px</dimen>
<dimen name="x191">329.4px</dimen>
<dimen name="x192">331.2px</dimen>
<dimen name="x193">332.9px</dimen>
<dimen name="x194">334.6px</dimen>
<dimen name="x195">336.3px</dimen>
<dimen name="x196">338.1px</dimen>
<dimen name="x197">339.8px</dimen>
<dimen name="x198">341.5px</dimen>
<dimen name="x199">343.2px</dimen>
<dimen name="x200">345.0px</dimen>
<dimen name="x201">346.7px</dimen>
<dimen name="x202">348.4px</dimen>
<dimen name="x203">350.1px</dimen>
<dimen name="x204">351.9px</dimen>
<dimen name="x205">353.6px</dimen>
<dimen name="x206">355.3px</dimen>
<dimen name="x207">357.0px</dimen>
<dimen name="x208">358.8px</dimen>
<dimen name="x209">360.5px</dimen>
<dimen name="x210">362.2px</dimen>
<dimen name="x211">363.9px</dimen>
<dimen name="x212">365.7px</dimen>
<dimen name="x213">367.4px</dimen>
<dimen name="x214">369.1px</dimen>
<dimen name="x215">370.8px</dimen>
<dimen name="x216">372.6px</dimen>
<dimen name="x217">374.3px</dimen>
<dimen name="x218">376.0px</dimen>
<dimen name="x219">377.7px</dimen>
<dimen name="x220">379.5px</dimen>
<dimen name="x221">381.2px</dimen>
<dimen name="x222">382.9px</dimen>
<dimen name="x223">384.6px</dimen>
<dimen name="x224">386.4px</dimen>
<dimen name="x225">388.1px</dimen>
<dimen name="x226">389.8px</dimen>
<dimen name="x227">391.5px</dimen>
<dimen name="x228">393.3px</dimen>
<dimen name="x229">395.0px</dimen>
<dimen name="x230">396.7px</dimen>
<dimen name="x231">398.4px</dimen>
<dimen name="x232">400.2px</dimen>
<dimen name="x233">401.9px</dimen>
<dimen name="x234">403.6px</dimen>
<dimen name="x235">405.3px</dimen>
<dimen name="x236">407.1px</dimen>
<dimen name="x237">408.8px</dimen>
<dimen name="x238">410.5px</dimen>
<dimen name="x239">412.2px</dimen>
<dimen name="x240">414.0px</dimen>
<dimen name="x241">415.7px</dimen>
<dimen name="x242">417.4px</dimen>
<dimen name="x243">419.1px</dimen>
<dimen name="x244">420.9px</dimen>
<dimen name="x245">422.6px</dimen>
<dimen name="x246">424.3px</dimen>
<dimen name="x247">426.0px</dimen>
<dimen name="x248">427.8px</dimen>
<dimen name="x249">429.5px</dimen>
<dimen name="x250">431.2px</dimen>
<dimen name="x251">432.9px</dimen>
<dimen name="x252">434.7px</dimen>
<dimen name="x253">436.4px</dimen>
<dimen name="x254">438.1px</dimen>
<dimen name="x255">439.8px</dimen>
<dimen name="x256">441.6px</dimen>
<dimen name="x257">443.3px</dimen>
<dimen name="x258">445.0px</dimen>
<dimen name="x259">446.7px</dimen>
<dimen name="x260">448.5px</dimen>
<dimen name="x261">450.2px</dimen>
<dimen name="x262">451.9px</dimen>
<dimen name="x263">453.6px</dimen>
<dimen name="x264">455.4px</dimen>
<dimen name="x265">457.1px</dimen>
<dimen name="x266">458.8px</dimen>
<dimen name="x267">460.5px</dimen>
<dimen name="x268">462.3px</dimen>
<dimen name="x269">464.0px</dimen>
<dimen name="x270">465.7px</dimen>
<dimen name="x271">467.4px</dimen>
<dimen name="x272">469.2px</dimen>
<dimen name="x273">470.9px</dimen>
<dimen name="x274">472.6px</dimen>
<dimen name="x275">474.3px</dimen>
<dimen name="x276">476.1px</dimen>
<dimen name="x277">477.8px</dimen>
<dimen name="x278">479.5px</dimen>
<dimen name="x279">481.2px</dimen>
<dimen name="x280">483.0px</dimen>
<dimen name="x281">484.7px</dimen>
<dimen name="x282">486.4px</dimen>
<dimen name="x283">488.1px</dimen>
<dimen name="x284">489.9px</dimen>
<dimen name="x285">491.6px</dimen>
<dimen name="x286">493.3px</dimen>
<dimen name="x287">495.0px</dimen>
<dimen name="x288">496.8px</dimen>
<dimen name="x289">498.5px</dimen>
<dimen name="x290">500.2px</dimen>
<dimen name="x291">501.9px</dimen>
<dimen name="x292">503.7px</dimen>
<dimen name="x293">505.4px</dimen>
<dimen name="x294">507.1px</dimen>
<dimen name="x295">508.8px</dimen>
<dimen name="x296">510.6px</dimen>
<dimen name="x297">512.3px</dimen>
<dimen name="x298">514.0px</dimen>
<dimen name="x299">515.7px</dimen>
<dimen name="x300">517.5px</dimen>
<dimen name="x301">519.2px</dimen>
<dimen name="x302">520.9px</dimen>
<dimen name="x303">522.6px</dimen>
<dimen name="x304">524.4px</dimen>
<dimen name="x305">526.1px</dimen>
<dimen name="x306">527.8px</dimen>
<dimen name="x307">529.5px</dimen>
<dimen name="x308">531.3px</dimen>
<dimen name="x309">533.0px</dimen>
<dimen name="x310">534.7px</dimen>
<dimen name="x311">536.4px</dimen>
<dimen name="x312">538.2px</dimen>
<dimen name="x313">539.9px</dimen>
<dimen name="x314">541.6px</dimen>
<dimen name="x315">543.3px</dimen>
<dimen name="x316">545.1px</dimen>
<dimen name="x317">546.8px</dimen>
<dimen name="x318">548.5px</dimen>
<dimen name="x319">550.2px</dimen>
<dimen name="x320">552.0px</dimen>
</resources>