<resources>
<dimen name="y1">2.1px</dimen>
<dimen name="y2">4.2px</dimen>
<dimen name="y3">6.4px</dimen>
<dimen name="y4">8.5px</dimen>
<dimen name="y5">10.6px</dimen>
<dimen name="y6">12.8px</dimen>
<dimen name="y7">14.9px</dimen>
<dimen name="y8">17.0px</dimen>
<dimen name="y9">19.2px</dimen>
<dimen name="y10">21.3px</dimen>
<dimen name="y11">23.4px</dimen>
<dimen name="y12">25.6px</dimen>
<dimen name="y13">27.7px</dimen>
<dimen name="y14">29.8px</dimen>
<dimen name="y15">32.0px</dimen>
<dimen name="y16">34.1px</dimen>
<dimen name="y17">36.2px</dimen>
<dimen name="y18">38.4px</dimen>
<dimen name="y19">40.5px</dimen>
<dimen name="y20">42.6px</dimen>
<dimen name="y21">44.8px</dimen>
<dimen name="y22">46.9px</dimen>
<dimen name="y23">49.0px</dimen>
<dimen name="y24">51.2px</dimen>
<dimen name="y25">53.3px</dimen>
<dimen name="y26">55.4px</dimen>
<dimen name="y27">57.6px</dimen>
<dimen name="y28">59.7px</dimen>
<dimen name="y29">61.8px</dimen>
<dimen name="y30">64.0px</dimen>
<dimen name="y31">66.1px</dimen>
<dimen name="y32">68.2px</dimen>
<dimen name="y33">70.4px</dimen>
<dimen name="y34">72.5px</dimen>
<dimen name="y35">74.6px</dimen>
<dimen name="y36">76.8px</dimen>
<dimen name="y37">78.9px</dimen>
<dimen name="y38">81.0px</dimen>
<dimen name="y39">83.2px</dimen>
<dimen name="y40">85.3px</dimen>
<dimen name="y41">87.4px</dimen>
<dimen name="y42">89.6px</dimen>
<dimen name="y43">91.7px</dimen>
<dimen name="y44">93.8px</dimen>
<dimen name="y45">96.0px</dimen>
<dimen name="y46">98.1px</dimen>
<dimen name="y47">100.2px</dimen>
<dimen name="y48">102.4px</dimen>
<dimen name="y49">104.5px</dimen>
<dimen name="y50">106.6px</dimen>
<dimen name="y51">108.8px</dimen>
<dimen name="y52">110.9px</dimen>
<dimen name="y53">113.0px</dimen>
<dimen name="y54">115.2px</dimen>
<dimen name="y55">117.3px</dimen>
<dimen name="y56">119.4px</dimen>
<dimen name="y57">121.6px</dimen>
<dimen name="y58">123.7px</dimen>
<dimen name="y59">125.8px</dimen>
<dimen name="y60">128.0px</dimen>
<dimen name="y61">130.1px</dimen>
<dimen name="y62">132.2px</dimen>
<dimen name="y63">134.4px</dimen>
<dimen name="y64">136.5px</dimen>
<dimen name="y65">138.6px</dimen>
<dimen name="y66">140.8px</dimen>
<dimen name="y67">142.9px</dimen>
<dimen name="y68">145.0px</dimen>
<dimen name="y69">147.2px</dimen>
<dimen name="y70">149.3px</dimen>
<dimen name="y71">151.4px</dimen>
<dimen name="y72">153.6px</dimen>
<dimen name="y73">155.7px</dimen>
<dimen name="y74">157.8px</dimen>
<dimen name="y75">160.0px</dimen>
<dimen name="y76">162.1px</dimen>
<dimen name="y77">164.2px</dimen>
<dimen name="y78">166.4px</dimen>
<dimen name="y79">168.5px</dimen>
<dimen name="y80">170.6px</dimen>
<dimen name="y81">172.8px</dimen>
<dimen name="y82">174.9px</dimen>
<dimen name="y83">177.0px</dimen>
<dimen name="y84">179.2px</dimen>
<dimen name="y85">181.3px</dimen>
<dimen name="y86">183.4px</dimen>
<dimen name="y87">185.6px</dimen>
<dimen name="y88">187.7px</dimen>
<dimen name="y89">189.8px</dimen>
<dimen name="y90">192.0px</dimen>
<dimen name="y91">194.1px</dimen>
<dimen name="y92">196.2px</dimen>
<dimen name="y93">198.4px</dimen>
<dimen name="y94">200.5px</dimen>
<dimen name="y95">202.6px</dimen>
<dimen name="y96">204.8px</dimen>
<dimen name="y97">206.9px</dimen>
<dimen name="y98">209.0px</dimen>
<dimen name="y99">211.2px</dimen>
<dimen name="y100">213.3px</dimen>
<dimen name="y101">215.4px</dimen>
<dimen name="y102">217.6px</dimen>
<dimen name="y103">219.7px</dimen>
<dimen name="y104">221.8px</dimen>
<dimen name="y105">224.0px</dimen>
<dimen name="y106">226.1px</dimen>
<dimen name="y107">228.2px</dimen>
<dimen name="y108">230.4px</dimen>
<dimen name="y109">232.5px</dimen>
<dimen name="y110">234.6px</dimen>
<dimen name="y111">236.8px</dimen>
<dimen name="y112">238.9px</dimen>
<dimen name="y113">241.0px</dimen>
<dimen name="y114">243.2px</dimen>
<dimen name="y115">245.3px</dimen>
<dimen name="y116">247.4px</dimen>
<dimen name="y117">249.6px</dimen>
<dimen name="y118">251.7px</dimen>
<dimen name="y119">253.8px</dimen>
<dimen name="y120">256.0px</dimen>
<dimen name="y121">258.1px</dimen>
<dimen name="y122">260.2px</dimen>
<dimen name="y123">262.4px</dimen>
<dimen name="y124">264.5px</dimen>
<dimen name="y125">266.6px</dimen>
<dimen name="y126">268.8px</dimen>
<dimen name="y127">270.9px</dimen>
<dimen name="y128">273.0px</dimen>
<dimen name="y129">275.2px</dimen>
<dimen name="y130">277.3px</dimen>
<dimen name="y131">279.4px</dimen>
<dimen name="y132">281.6px</dimen>
<dimen name="y133">283.7px</dimen>
<dimen name="y134">285.8px</dimen>
<dimen name="y135">288.0px</dimen>
<dimen name="y136">290.1px</dimen>
<dimen name="y137">292.2px</dimen>
<dimen name="y138">294.4px</dimen>
<dimen name="y139">296.5px</dimen>
<dimen name="y140">298.6px</dimen>
<dimen name="y141">300.8px</dimen>
<dimen name="y142">302.9px</dimen>
<dimen name="y143">305.0px</dimen>
<dimen name="y144">307.2px</dimen>
<dimen name="y145">309.3px</dimen>
<dimen name="y146">311.4px</dimen>
<dimen name="y147">313.6px</dimen>
<dimen name="y148">315.7px</dimen>
<dimen name="y149">317.8px</dimen>
<dimen name="y150">320.0px</dimen>
<dimen name="y151">322.1px</dimen>
<dimen name="y152">324.2px</dimen>
<dimen name="y153">326.4px</dimen>
<dimen name="y154">328.5px</dimen>
<dimen name="y155">330.6px</dimen>
<dimen name="y156">332.8px</dimen>
<dimen name="y157">334.9px</dimen>
<dimen name="y158">337.0px</dimen>
<dimen name="y159">339.2px</dimen>
<dimen name="y160">341.3px</dimen>
<dimen name="y161">343.4px</dimen>
<dimen name="y162">345.6px</dimen>
<dimen name="y163">347.7px</dimen>
<dimen name="y164">349.8px</dimen>
<dimen name="y165">352.0px</dimen>
<dimen name="y166">354.1px</dimen>
<dimen name="y167">356.2px</dimen>
<dimen name="y168">358.4px</dimen>
<dimen name="y169">360.5px</dimen>
<dimen name="y170">362.6px</dimen>
<dimen name="y171">364.8px</dimen>
<dimen name="y172">366.9px</dimen>
<dimen name="y173">369.0px</dimen>
<dimen name="y174">371.2px</dimen>
<dimen name="y175">373.3px</dimen>
<dimen name="y176">375.4px</dimen>
<dimen name="y177">377.6px</dimen>
<dimen name="y178">379.7px</dimen>
<dimen name="y179">381.8px</dimen>
<dimen name="y180">384.0px</dimen>
<dimen name="y181">386.1px</dimen>
<dimen name="y182">388.2px</dimen>
<dimen name="y183">390.4px</dimen>
<dimen name="y184">392.5px</dimen>
<dimen name="y185">394.6px</dimen>
<dimen name="y186">396.8px</dimen>
<dimen name="y187">398.9px</dimen>
<dimen name="y188">401.0px</dimen>
<dimen name="y189">403.2px</dimen>
<dimen name="y190">405.3px</dimen>
<dimen name="y191">407.4px</dimen>
<dimen name="y192">409.6px</dimen>
<dimen name="y193">411.7px</dimen>
<dimen name="y194">413.8px</dimen>
<dimen name="y195">416.0px</dimen>
<dimen name="y196">418.1px</dimen>
<dimen name="y197">420.2px</dimen>
<dimen name="y198">422.4px</dimen>
<dimen name="y199">424.5px</dimen>
<dimen name="y200">426.6px</dimen>
<dimen name="y201">428.8px</dimen>
<dimen name="y202">430.9px</dimen>
<dimen name="y203">433.0px</dimen>
<dimen name="y204">435.2px</dimen>
<dimen name="y205">437.3px</dimen>
<dimen name="y206">439.4px</dimen>
<dimen name="y207">441.6px</dimen>
<dimen name="y208">443.7px</dimen>
<dimen name="y209">445.8px</dimen>
<dimen name="y210">448.0px</dimen>
<dimen name="y211">450.1px</dimen>
<dimen name="y212">452.2px</dimen>
<dimen name="y213">454.4px</dimen>
<dimen name="y214">456.5px</dimen>
<dimen name="y215">458.6px</dimen>
<dimen name="y216">460.8px</dimen>
<dimen name="y217">462.9px</dimen>
<dimen name="y218">465.0px</dimen>
<dimen name="y219">467.2px</dimen>
<dimen name="y220">469.3px</dimen>
<dimen name="y221">471.4px</dimen>
<dimen name="y222">473.6px</dimen>
<dimen name="y223">475.7px</dimen>
<dimen name="y224">477.8px</dimen>
<dimen name="y225">480.0px</dimen>
<dimen name="y226">482.1px</dimen>
<dimen name="y227">484.2px</dimen>
<dimen name="y228">486.4px</dimen>
<dimen name="y229">488.5px</dimen>
<dimen name="y230">490.6px</dimen>
<dimen name="y231">492.8px</dimen>
<dimen name="y232">494.9px</dimen>
<dimen name="y233">497.0px</dimen>
<dimen name="y234">499.2px</dimen>
<dimen name="y235">501.3px</dimen>
<dimen name="y236">503.4px</dimen>
<dimen name="y237">505.6px</dimen>
<dimen name="y238">507.7px</dimen>
<dimen name="y239">509.8px</dimen>
<dimen name="y240">512.0px</dimen>
<dimen name="y241">514.1px</dimen>
<dimen name="y242">516.2px</dimen>
<dimen name="y243">518.4px</dimen>
<dimen name="y244">520.5px</dimen>
<dimen name="y245">522.6px</dimen>
<dimen name="y246">524.8px</dimen>
<dimen name="y247">526.9px</dimen>
<dimen name="y248">529.0px</dimen>
<dimen name="y249">531.2px</dimen>
<dimen name="y250">533.3px</dimen>
<dimen name="y251">535.4px</dimen>
<dimen name="y252">537.6px</dimen>
<dimen name="y253">539.7px</dimen>
<dimen name="y254">541.8px</dimen>
<dimen name="y255">544.0px</dimen>
<dimen name="y256">546.1px</dimen>
<dimen name="y257">548.2px</dimen>
<dimen name="y258">550.4px</dimen>
<dimen name="y259">552.5px</dimen>
<dimen name="y260">554.6px</dimen>
<dimen name="y261">556.8px</dimen>
<dimen name="y262">558.9px</dimen>
<dimen name="y263">561.0px</dimen>
<dimen name="y264">563.2px</dimen>
<dimen name="y265">565.3px</dimen>
<dimen name="y266">567.4px</dimen>
<dimen name="y267">569.6px</dimen>
<dimen name="y268">571.7px</dimen>
<dimen name="y269">573.8px</dimen>
<dimen name="y270">576.0px</dimen>
<dimen name="y271">578.1px</dimen>
<dimen name="y272">580.2px</dimen>
<dimen name="y273">582.4px</dimen>
<dimen name="y274">584.5px</dimen>
<dimen name="y275">586.6px</dimen>
<dimen name="y276">588.8px</dimen>
<dimen name="y277">590.9px</dimen>
<dimen name="y278">593.0px</dimen>
<dimen name="y279">595.2px</dimen>
<dimen name="y280">597.3px</dimen>
<dimen name="y281">599.4px</dimen>
<dimen name="y282">601.6px</dimen>
<dimen name="y283">603.7px</dimen>
<dimen name="y284">605.8px</dimen>
<dimen name="y285">608.0px</dimen>
<dimen name="y286">610.1px</dimen>
<dimen name="y287">612.2px</dimen>
<dimen name="y288">614.4px</dimen>
<dimen name="y289">616.5px</dimen>
<dimen name="y290">618.6px</dimen>
<dimen name="y291">620.8px</dimen>
<dimen name="y292">622.9px</dimen>
<dimen name="y293">625.0px</dimen>
<dimen name="y294">627.2px</dimen>
<dimen name="y295">629.3px</dimen>
<dimen name="y296">631.4px</dimen>
<dimen name="y297">633.6px</dimen>
<dimen name="y298">635.7px</dimen>
<dimen name="y299">637.8px</dimen>
<dimen name="y300">640.0px</dimen>
<dimen name="y301">642.1px</dimen>
<dimen name="y302">644.2px</dimen>
<dimen name="y303">646.4px</dimen>
<dimen name="y304">648.5px</dimen>
<dimen name="y305">650.6px</dimen>
<dimen name="y306">652.8px</dimen>
<dimen name="y307">654.9px</dimen>
<dimen name="y308">657.0px</dimen>
<dimen name="y309">659.2px</dimen>
<dimen name="y310">661.3px</dimen>
<dimen name="y311">663.4px</dimen>
<dimen name="y312">665.6px</dimen>
<dimen name="y313">667.7px</dimen>
<dimen name="y314">669.8px</dimen>
<dimen name="y315">672.0px</dimen>
<dimen name="y316">674.1px</dimen>
<dimen name="y317">676.2px</dimen>
<dimen name="y318">678.4px</dimen>
<dimen name="y319">680.5px</dimen>
<dimen name="y320">682.6px</dimen>
<dimen name="y321">684.8px</dimen>
<dimen name="y322">686.9px</dimen>
<dimen name="y323">689.0px</dimen>
<dimen name="y324">691.2px</dimen>
<dimen name="y325">693.3px</dimen>
<dimen name="y326">695.4px</dimen>
<dimen name="y327">697.6px</dimen>
<dimen name="y328">699.7px</dimen>
<dimen name="y329">701.8px</dimen>
<dimen name="y330">704.0px</dimen>
<dimen name="y331">706.1px</dimen>
<dimen name="y332">708.2px</dimen>
<dimen name="y333">710.4px</dimen>
<dimen name="y334">712.5px</dimen>
<dimen name="y335">714.6px</dimen>
<dimen name="y336">716.8px</dimen>
<dimen name="y337">718.9px</dimen>
<dimen name="y338">721.0px</dimen>
<dimen name="y339">723.2px</dimen>
<dimen name="y340">725.3px</dimen>
<dimen name="y341">727.4px</dimen>
<dimen name="y342">729.6px</dimen>
<dimen name="y343">731.7px</dimen>
<dimen name="y344">733.8px</dimen>
<dimen name="y345">736.0px</dimen>
<dimen name="y346">738.1px</dimen>
<dimen name="y347">740.2px</dimen>
<dimen name="y348">742.4px</dimen>
<dimen name="y349">744.5px</dimen>
<dimen name="y350">746.6px</dimen>
<dimen name="y351">748.8px</dimen>
<dimen name="y352">750.9px</dimen>
<dimen name="y353">753.0px</dimen>
<dimen name="y354">755.2px</dimen>
<dimen name="y355">757.3px</dimen>
<dimen name="y356">759.4px</dimen>
<dimen name="y357">761.6px</dimen>
<dimen name="y358">763.7px</dimen>
<dimen name="y359">765.8px</dimen>
<dimen name="y360">768.0px</dimen>
<dimen name="y361">770.1px</dimen>
<dimen name="y362">772.2px</dimen>
<dimen name="y363">774.4px</dimen>
<dimen name="y364">776.5px</dimen>
<dimen name="y365">778.6px</dimen>
<dimen name="y366">780.8px</dimen>
<dimen name="y367">782.9px</dimen>
<dimen name="y368">785.0px</dimen>
<dimen name="y369">787.2px</dimen>
<dimen name="y370">789.3px</dimen>
<dimen name="y371">791.4px</dimen>
<dimen name="y372">793.6px</dimen>
<dimen name="y373">795.7px</dimen>
<dimen name="y374">797.8px</dimen>
<dimen name="y375">800.0px</dimen>
<dimen name="y376">802.1px</dimen>
<dimen name="y377">804.2px</dimen>
<dimen name="y378">806.4px</dimen>
<dimen name="y379">808.5px</dimen>
<dimen name="y380">810.6px</dimen>
<dimen name="y381">812.8px</dimen>
<dimen name="y382">814.9px</dimen>
<dimen name="y383">817.0px</dimen>
<dimen name="y384">819.2px</dimen>
<dimen name="y385">821.3px</dimen>
<dimen name="y386">823.4px</dimen>
<dimen name="y387">825.6px</dimen>
<dimen name="y388">827.7px</dimen>
<dimen name="y389">829.8px</dimen>
<dimen name="y390">832.0px</dimen>
<dimen name="y391">834.1px</dimen>
<dimen name="y392">836.2px</dimen>
<dimen name="y393">838.4px</dimen>
<dimen name="y394">840.5px</dimen>
<dimen name="y395">842.6px</dimen>
<dimen name="y396">844.8px</dimen>
<dimen name="y397">846.9px</dimen>
<dimen name="y398">849.0px</dimen>
<dimen name="y399">851.2px</dimen>
<dimen name="y400">853.3px</dimen>
<dimen name="y401">855.4px</dimen>
<dimen name="y402">857.6px</dimen>
<dimen name="y403">859.7px</dimen>
<dimen name="y404">861.8px</dimen>
<dimen name="y405">864.0px</dimen>
<dimen name="y406">866.1px</dimen>
<dimen name="y407">868.2px</dimen>
<dimen name="y408">870.4px</dimen>
<dimen name="y409">872.5px</dimen>
<dimen name="y410">874.6px</dimen>
<dimen name="y411">876.8px</dimen>
<dimen name="y412">878.9px</dimen>
<dimen name="y413">881.0px</dimen>
<dimen name="y414">883.2px</dimen>
<dimen name="y415">885.3px</dimen>
<dimen name="y416">887.4px</dimen>
<dimen name="y417">889.6px</dimen>
<dimen name="y418">891.7px</dimen>
<dimen name="y419">893.8px</dimen>
<dimen name="y420">896.0px</dimen>
<dimen name="y421">898.1px</dimen>
<dimen name="y422">900.2px</dimen>
<dimen name="y423">902.4px</dimen>
<dimen name="y424">904.5px</dimen>
<dimen name="y425">906.6px</dimen>
<dimen name="y426">908.8px</dimen>
<dimen name="y427">910.9px</dimen>
<dimen name="y428">913.0px</dimen>
<dimen name="y429">915.2px</dimen>
<dimen name="y430">917.3px</dimen>
<dimen name="y431">919.4px</dimen>
<dimen name="y432">921.6px</dimen>
<dimen name="y433">923.7px</dimen>
<dimen name="y434">925.8px</dimen>
<dimen name="y435">928.0px</dimen>
<dimen name="y436">930.1px</dimen>
<dimen name="y437">932.2px</dimen>
<dimen name="y438">934.4px</dimen>
<dimen name="y439">936.5px</dimen>
<dimen name="y440">938.6px</dimen>
<dimen name="y441">940.8px</dimen>
<dimen name="y442">942.9px</dimen>
<dimen name="y443">945.0px</dimen>
<dimen name="y444">947.2px</dimen>
<dimen name="y445">949.3px</dimen>
<dimen name="y446">951.4px</dimen>
<dimen name="y447">953.6px</dimen>
<dimen name="y448">955.7px</dimen>
<dimen name="y449">957.8px</dimen>
<dimen name="y450">960.0px</dimen>
<dimen name="y451">962.1px</dimen>
<dimen name="y452">964.2px</dimen>
<dimen name="y453">966.4px</dimen>
<dimen name="y454">968.5px</dimen>
<dimen name="y455">970.6px</dimen>
<dimen name="y456">972.8px</dimen>
<dimen name="y457">974.9px</dimen>
<dimen name="y458">977.0px</dimen>
<dimen name="y459">979.2px</dimen>
<dimen name="y460">981.3px</dimen>
<dimen name="y461">983.4px</dimen>
<dimen name="y462">985.6px</dimen>
<dimen name="y463">987.7px</dimen>
<dimen name="y464">989.8px</dimen>
<dimen name="y465">992.0px</dimen>
<dimen name="y466">994.1px</dimen>
<dimen name="y467">996.2px</dimen>
<dimen name="y468">998.4px</dimen>
<dimen name="y469">1000.5px</dimen>
<dimen name="y470">1002.6px</dimen>
<dimen name="y471">1004.8px</dimen>
<dimen name="y472">1006.9px</dimen>
<dimen name="y473">1009.0px</dimen>
<dimen name="y474">1011.2px</dimen>
<dimen name="y475">1013.3px</dimen>
<dimen name="y476">1015.4px</dimen>
<dimen name="y477">1017.6px</dimen>
<dimen name="y478">1019.7px</dimen>
<dimen name="y479">1021.8px</dimen>
<dimen name="y480">1024.0px</dimen>
</resources>